ISO-10303-21;
HEADER;
FILE_DESCRIPTION (( 'STEP AP214' ),
    '1' );
FILE_NAME ('PAX IM30 asm.STEP',
    '2026-03-10T18:16:03',
    ( '' ),
    ( '' ),
    'SwSTEP 2.0',
    'SolidWorks 2019',
    '' );
FILE_SCHEMA (( 'AUTOMOTIVE_DESIGN' ));
ENDSEC;

DATA;
#1 = ORIENTED_EDGE ( 'NONE', *, *, #832, .T. ) ;
#2 = CARTESIAN_POINT ( 'NONE',  ( 50.49999999999999289, 68.47605736279788857, 31.99999999999998579 ) ) ;
#3 = UNCERTAINTY_MEASURE_WITH_UNIT (LENGTH_MEASURE( 1.000000000000000082E-05 ), #8843, 'distance_accuracy_value', 'NONE');
#4 = PLANE ( 'NONE',  #6812 ) ;
#5 = ORIENTED_EDGE ( 'NONE', *, *, #3499, .F. ) ;
#6 = DIRECTION ( 'NONE',  ( 0.000000000000000000, 0.000000000000000000, 1.000000000000000000 ) ) ;
#7 = ADVANCED_FACE ( 'NONE', ( #7034 ), #7079, .F. ) ;
#8 = VECTOR ( 'NONE', #4500, 1000.000000000000000 ) ;
#9 = LINE ( 'NONE', #5541, #5986 ) ;
#10 = DIRECTION ( 'NONE',  ( -0.000000000000000000, -0.1470117858375538933, 0.9891347404802104393 ) ) ;
#11 = LINE ( 'NONE', #6925, #5057 ) ;
#12 = FILL_AREA_STYLE ('',( #4103 ) ) ;
#13 =( LENGTH_UNIT ( ) NAMED_UNIT ( * ) SI_UNIT ( .MILLI., .METRE. ) );
#14 = CIRCLE ( 'NONE', #6179, 2.500000000000002220 ) ;
#15 = DIRECTION ( 'NONE',  ( 0.000000000000000000, -7.638175199916773278E-16, 1.000000000000000000 ) ) ;
#16 = LINE ( 'NONE', #4962, #5385 ) ;
#17 = EDGE_CURVE ( 'NONE', #2337, #7011, #8374, .T. ) ;
#18 = DIRECTION ( 'NONE',  ( -0.000000000000000000, -0.1470117858375538933, 0.9891347404802104393 ) ) ;
#19 = PRESENTATION_STYLE_ASSIGNMENT (( #1350 ) ) ;
#20 = ORIENTED_EDGE ( 'NONE', *, *, #4406, .F. ) ;
#21 = DIRECTION ( 'NONE',  ( 0.000000000000000000, 0.000000000000000000, -1.000000000000000000 ) ) ;
#22 = EDGE_LOOP ( 'NONE', ( #1669, #6511, #3167, #5671 ) ) ;
#23 = DIRECTION ( 'NONE',  ( 0.000000000000000000, 0.000000000000000000, 1.000000000000000000 ) ) ;
#24 = DIRECTION ( 'NONE',  ( -1.000000000000000000, 1.734723475976805714E-15, -5.204170427930426805E-15 ) ) ;
#25 = DIRECTION ( 'NONE',  ( 0.000000000000000000, -0.1412171486779216778, -0.9899786446783979121 ) ) ;
#26 = EDGE_CURVE ( 'NONE', #6904, #2380, #3774, .T. ) ;
#27 = VERTEX_POINT ( 'NONE', #5063 ) ;
#28 = VECTOR ( 'NONE', #8848, 1000.000000000000000 ) ;
#29 = ORIENTED_EDGE ( 'NONE', *, *, #1425, .F. ) ;
#30 = FACE_OUTER_BOUND ( 'NONE', #1205, .T. ) ;
#31 = SHAPE_REPRESENTATION ( 'PAX IM30', ( #4566 ), #3998 ) ;
#32 = VECTOR ( 'NONE', #5188, 1000.000000000000000 ) ;
#33 = ORIENTED_EDGE ( 'NONE', *, *, #2433, .T. ) ;
#34 = CYLINDRICAL_SURFACE ( 'NONE', #3111, 0.9999999999999971134 ) ;
#35 = CARTESIAN_POINT ( 'NONE',  ( 46.49999999999998579, 65.20526680779792628, 3.235088935932651122 ) ) ;
#36 = DIRECTION ( 'NONE',  ( 2.392722035830078972E-16, 0.9899786446783979121, -0.1412171486779217333 ) ) ;
#37 = EDGE_CURVE ( 'NONE', #8105, #7678, #7658, .T. ) ;
#38 = ORIENTED_EDGE ( 'NONE', *, *, #5456, .T. ) ;
#39 = VECTOR ( 'NONE', #4590, 1000.000000000000000 ) ;
#40 = AXIS2_PLACEMENT_3D ( 'NONE', #6936, #6888, #1404 ) ;
#41 = ORIENTED_EDGE ( 'NONE', *, *, #6997, .T. ) ;
#42 = ORIENTED_EDGE ( 'NONE', *, *, #1184, .F. ) ;
#43 = CYLINDRICAL_SURFACE ( 'NONE', #4828, 1.000000000000000888 ) ;
#44 = CARTESIAN_POINT ( 'NONE',  ( 39.19999999999998153, -45.61515718961151578, 31.89999999999998437 ) ) ;
#45 = ORIENTED_EDGE ( 'NONE', *, *, #1044, .F. ) ;
#46 = VECTOR ( 'NONE', #7612, 1000.000000000000000 ) ;
#47 = DIRECTION ( 'NONE',  ( 0.000000000000000000, 1.000000000000000000, 0.000000000000000000 ) ) ;
#48 = VECTOR ( 'NONE', #8125, 1000.000000000000000 ) ;
#49 = EDGE_CURVE ( 'NONE', #8080, #8634, #1646, .T. ) ;
#50 = ORIENTED_EDGE ( 'NONE', *, *, #3530, .T. ) ;
#51 = PLANE ( 'NONE',  #601 ) ;
#52 = ORIENTED_EDGE ( 'NONE', *, *, #2385, .F. ) ;
#53 = MECHANICAL_DESIGN_GEOMETRIC_PRESENTATION_REPRESENTATION (  '', ( #6787 ), #4780 ) ;
#54 = CARTESIAN_POINT ( 'NONE',  ( 30.89999999999999858, -72.22137458899030094, 14.85705789601394144 ) ) ;
#55 = PRODUCT_RELATED_PRODUCT_CATEGORY ( 'part', '', ( #188 ) ) ;
#56 = DIRECTION ( 'NONE',  ( 0.000000000000000000, 0.000000000000000000, 1.000000000000000000 ) ) ;
#57 = CARTESIAN_POINT ( 'NONE',  ( -41.25957504961546363, -65.57133123440135591, 31.99999999999998579 ) ) ;
#58 = LINE ( 'NONE', #2273, #7186 ) ;
#59 = CARTESIAN_POINT ( 'NONE',  ( 41.69999999999998153, 64.22866876559862703, 31.89999999999998437 ) ) ;
#60 = FACE_OUTER_BOUND ( 'NONE', #4311, .T. ) ;
#61 = SURFACE_STYLE_FILL_AREA ( #6211 ) ;
#62 = CARTESIAN_POINT ( 'NONE',  ( -41.70000000000002416, 64.22866876559862703, 31.99999999999998579 ) ) ;
#63 = AXIS2_PLACEMENT_3D ( 'NONE', #4340, #8594, #3801 ) ;
#64 = UNCERTAINTY_MEASURE_WITH_UNIT (LENGTH_MEASURE( 1.000000000000000082E-05 ), #1171, 'distance_accuracy_value', 'NONE');
#65 = ADVANCED_FACE ( 'NONE', ( #6992, #8283 ), #830, .F. ) ;
#66 = VERTEX_POINT ( 'NONE', #3847 ) ;
#67 = EDGE_CURVE ( 'NONE', #2715, #7171, #1686, .T. ) ;
#68 = VERTEX_POINT ( 'NONE', #1136 ) ;
#69 = CARTESIAN_POINT ( 'NONE',  ( -38.70000000000001705, 64.22866876559864124, 31.89999999999998437 ) ) ;
#70 = LINE ( 'NONE', #6134, #2107 ) ;
#71 = DIRECTION ( 'NONE',  ( 0.000000000000000000, 0.9899786446783981342, -0.1412171486779209839 ) ) ;
#72 = ORIENTED_EDGE ( 'NONE', *, *, #4124, .T. ) ;
#73 = AXIS2_PLACEMENT_3D ( 'NONE', #8138, #7460, #467 ) ;
#74 = EDGE_LOOP ( 'NONE', ( #4790, #6409 ) ) ;
#75 = ADVANCED_FACE ( 'NONE', ( #3890 ), #296, .F. ) ;
#76 = CIRCLE ( 'NONE', #2650, 3.300000000000008260 ) ;
#77 = CARTESIAN_POINT ( 'NONE',  ( 30.89999999999999858, -72.27328590861941393, 11.95579864960138750 ) ) ;
#78 = CARTESIAN_POINT ( 'NONE',  ( -36.15000000000000568, 43.08489116081717896, 23.88546074003531672 ) ) ;
#79 = DIRECTION ( 'NONE',  ( 0.000000000000000000, 1.065825864477275432E-16, -1.000000000000000000 ) ) ;
#80 = ORIENTED_EDGE ( 'NONE', *, *, #7525, .F. ) ;
#81 = DIRECTION ( 'NONE',  ( -0.000000000000000000, 1.000000000000000000, -0.000000000000000000 ) ) ;
#82 = LINE ( 'NONE', #2813, #917 ) ;
#83 = DIRECTION ( 'NONE',  ( 0.000000000000000000, -0.9891347404802104393, -0.1470117858375531439 ) ) ;
#84 = ORIENTED_EDGE ( 'NONE', *, *, #5780, .T. ) ;
#85 = COLOUR_RGB ( '',0.1019607843137254888, 0.1019607843137254888, 0.1019607843137254888 ) ;
#86 = ORIENTED_EDGE ( 'NONE', *, *, #5416, .T. ) ;
#87 = VERTEX_POINT ( 'NONE', #3802 ) ;
#88 = EDGE_CURVE ( 'NONE', #3387, #7403, #4598, .T. ) ;
#89 = CARTESIAN_POINT ( 'NONE',  ( 50.49999999999998579, 65.99999999999995737, 0.000000000000000000 ) ) ;
#90 = DIRECTION ( 'NONE',  ( 0.000000000000000000, 0.000000000000000000, 1.000000000000000000 ) ) ;
#91 = VERTEX_POINT ( 'NONE', #7210 ) ;
#92 = PRESENTATION_LAYER_ASSIGNMENT (  '', '', ( #5116 ) ) ;
#93 = AXIS2_PLACEMENT_3D ( 'NONE', #4893, #3496, #4211 ) ;
#94 = FACE_OUTER_BOUND ( 'NONE', #3453, .T. ) ;
#95 = CARTESIAN_POINT ( 'NONE',  ( 52.79999999999999005, 55.99999999999995026, 23.60000000000000853 ) ) ;
#96 = ORIENTED_EDGE ( 'NONE', *, *, #7496, .F. ) ;
#97 = CIRCLE ( 'NONE', #3693, 2.500000000000002220 ) ;
#98 = AXIS2_PLACEMENT_3D ( 'NONE', #1515, #4167, #5523 ) ;
#99 = EDGE_CURVE ( 'NONE', #6175, #4493, #3202, .T. ) ;
#100 = LINE ( 'NONE', #7498, #8564 ) ;
#101 = FACE_OUTER_BOUND ( 'NONE', #7280, .T. ) ;
#102 = LINE ( 'NONE', #728, #4718 ) ;
#103 = CIRCLE ( 'NONE', #8268, 4.000000000000003553 ) ;
#104 = SURFACE_STYLE_FILL_AREA ( #7547 ) ;
#105 = DIRECTION ( 'NONE',  ( -1.000000000000000000, 0.000000000000000000, -0.000000000000000000 ) ) ;
#106 = CYLINDRICAL_SURFACE ( 'NONE', #5678, 2.500000000000002220 ) ;
#107 = CARTESIAN_POINT ( 'NONE',  ( 38.65000000000000568, -47.70428115490435061, -11.75541661380716718 ) ) ;
#108 = VECTOR ( 'NONE', #7592, 1000.000000000000000 ) ;
#109 = DIRECTION ( 'NONE',  ( -1.000000000000000000, -0.000000000000000000, -0.000000000000000000 ) ) ;
#110 = EDGE_LOOP ( 'NONE', ( #6479, #4748, #5573, #1768, #5781, #5652, #4491, #422 ) ) ;
#111 = VECTOR ( 'NONE', #7798, 1000.000000000000000 ) ;
#112 = ORIENTED_EDGE ( 'NONE', *, *, #8327, .T. ) ;
#113 = AXIS2_PLACEMENT_3D ( 'NONE', #6885, #7421, #6079 ) ;
#114 = DIRECTION ( 'NONE',  ( 0.000000000000000000, 0.000000000000000000, -1.000000000000000000 ) ) ;
#115 = CARTESIAN_POINT ( 'NONE',  ( -38.69999999999999574, 67.22866876559864124, 31.89999999999998437 ) ) ;
#116 = ORIENTED_EDGE ( 'NONE', *, *, #4123, .T. ) ;
#117 = EDGE_CURVE ( 'NONE', #1927, #8795, #7836, .T. ) ;
#118 = CARTESIAN_POINT ( 'NONE',  ( 19.19999999999997442, -60.25000000000001421, -6.331132676734938514 ) ) ;
#119 = EDGE_CURVE ( 'NONE', #1193, #2474, #8509, .T. ) ;
#120 = ORIENTED_EDGE ( 'NONE', *, *, #1370, .F. ) ;
#121 = DIRECTION ( 'NONE',  ( -3.342834601428014734E-16, 0.3162277660168374416, -0.9486832980505139901 ) ) ;
#122 = CARTESIAN_POINT ( 'NONE',  ( -45.02805403293840669, 71.47194596706158620, 29.15700786872882944 ) ) ;
#123 = DIRECTION ( 'NONE',  ( 0.000000000000000000, 0.1470117858375537823, -0.9891347404802103283 ) ) ;
#124 = VERTEX_POINT ( 'NONE', #5817 ) ;
#125 =( GEOMETRIC_REPRESENTATION_CONTEXT ( 3 ) GLOBAL_UNCERTAINTY_ASSIGNED_CONTEXT ( ( #8417 ) ) GLOBAL_UNIT_ASSIGNED_CONTEXT ( ( #4429, #3674, #1006 ) ) REPRESENTATION_CONTEXT ( 'NONE', 'WORKASPACE' ) );
#126 = DIRECTION ( 'NONE',  ( 1.000000000000000000, 0.000000000000000000, 0.000000000000000000 ) ) ;
#127 = DIRECTION ( 'NONE',  ( 1.000000000000000000, 1.374038396813312538E-16, -0.000000000000000000 ) ) ;
#128 = VERTEX_POINT ( 'NONE', #1812 ) ;
#129 = ADVANCED_FACE ( 'NONE', ( #6499, #8550 ), #8636, .T. ) ;
#130 = ORIENTED_EDGE ( 'NONE', *, *, #8086, .F. ) ;
#131 = VECTOR ( 'NONE', #4633, 999.9999999999998863 ) ;
#132 = ORIENTED_EDGE ( 'NONE', *, *, #3634, .T. ) ;
#133 = PRESENTATION_STYLE_ASSIGNMENT (( #6290 ) ) ;
#134 = CARTESIAN_POINT ( 'NONE',  ( -43.50000000000002132, 70.07371830673481838, 31.99999999999997868 ) ) ;
#135 = VERTEX_POINT ( 'NONE', #339 ) ;
#136 = FACE_BOUND ( 'NONE', #7992, .T. ) ;
#137 = VERTEX_POINT ( 'NONE', #4554 ) ;
#138 = VECTOR ( 'NONE', #316, 1000.000000000000114 ) ;
#139 = CARTESIAN_POINT ( 'NONE',  ( -46.99999999999998579, -62.78566561720068506, 25.99999999999998224 ) ) ;
#140 = ORIENTED_EDGE ( 'NONE', *, *, #322, .T. ) ;
#141 = DIRECTION ( 'NONE',  ( 0.000000000000000000, 0.9899786446783979121, -0.1412171486779224550 ) ) ;
#142 = STYLED_ITEM ( 'NONE', ( #260 ), #5697 ) ;
#143 = DIRECTION ( 'NONE',  ( 1.000000000000000000, 0.000000000000000000, 0.000000000000000000 ) ) ;
#144 = CARTESIAN_POINT ( 'NONE',  ( -38.49999999999995737, -65.57133123440134170, 31.99999999999998579 ) ) ;
#145 = CARTESIAN_POINT ( 'NONE',  ( 38.65000000000000568, 43.45146005237945275, -24.37968272913851209 ) ) ;
#146 = DIRECTION ( 'NONE',  ( 1.790478527181130713E-15, 0.9891347404802104393, 0.1470117858375539210 ) ) ;
#147 = DIRECTION ( 'NONE',  ( -0.000000000000000000, -0.1470117858375538933, 0.9891347404802104393 ) ) ;
#148 = CARTESIAN_POINT ( 'NONE',  ( 50.49999999999999289, -71.95184441433913491, 20.00000000000000000 ) ) ;
#149 = DIRECTION ( 'NONE',  ( 0.000000000000000000, 0.9891347404802103283, 0.1470117858375538933 ) ) ;
#150 = EDGE_CURVE ( 'NONE', #7524, #6328, #7923, .T. ) ;
#151 = DIRECTION ( 'NONE',  ( 1.000000000000000000, 0.000000000000000000, 0.000000000000000000 ) ) ;
#152 = CARTESIAN_POINT ( 'NONE',  ( 0.000000000000000000, 62.15058174320375883, 31.79999999999997939 ) ) ;
#153 = VERTEX_POINT ( 'NONE', #1859 ) ;
#154 = CARTESIAN_POINT ( 'NONE',  ( 50.49999999999999289, 68.47605736279788857, 28.99999999999998934 ) ) ;
#155 = AXIS2_PLACEMENT_3D ( 'NONE', #1605, #6279, #697 ) ;
#156 = ORIENTED_EDGE ( 'NONE', *, *, #4436, .T. ) ;
#157 = CYLINDRICAL_SURFACE ( 'NONE', #2420, 1.649999999999989031 ) ;
#158 = FILL_AREA_STYLE_COLOUR ( '', #1100 ) ;
#159 = DIRECTION ( 'NONE',  ( -0.000000000000000000, -0.1412171486779217056, -0.9899786446783980232 ) ) ;
#160 = ORIENTED_EDGE ( 'NONE', *, *, #823, .F. ) ;
#161 = EDGE_CURVE ( 'NONE', #5714, #87, #3164, .T. ) ;
#162 = CARTESIAN_POINT ( 'NONE',  ( -34.46446609406724093, 53.02716314879945259, 4.132470535406115530 ) ) ;
#163 = ORIENTED_EDGE ( 'NONE', *, *, #1626, .F. ) ;
#164 = CARTESIAN_POINT ( 'NONE',  ( 38.50000000000000000, -61.00000000000006395, 1.485166765397688731E-13 ) ) ;
#165 = DIRECTION ( 'NONE',  ( -0.000000000000000000, -0.1470117858375538933, 0.9891347404802104393 ) ) ;
#166 = CARTESIAN_POINT ( 'NONE',  ( 50.49999999999999289, -71.95184441433913491, 20.00000000000000000 ) ) ;
#167 = ORIENTED_EDGE ( 'NONE', *, *, #117, .F. ) ;
#168 = PLANE ( 'NONE',  #93 ) ;
#169 = DIRECTION ( 'NONE',  ( -1.000000000000000000, 0.000000000000000000, 0.000000000000000000 ) ) ;
#170 = DIRECTION ( 'NONE',  ( -0.000000000000000000, -0.000000000000000000, 1.000000000000000000 ) ) ;
#171 = ORIENTED_EDGE ( 'NONE', *, *, #2059, .T. ) ;
#172 = ORIENTED_EDGE ( 'NONE', *, *, #8523, .T. ) ;
#173 = VERTEX_POINT ( 'NONE', #1181 ) ;
#174 = CARTESIAN_POINT ( 'NONE',  ( 43.50000000000000000, 44.13214510897574172, 26.56857211458451218 ) ) ;
#175 = CARTESIAN_POINT ( 'NONE',  ( -33.64999999999999858, -47.70428115490435061, -11.75541661380716718 ) ) ;
#176 = ORIENTED_EDGE ( 'NONE', *, *, #2270, .T. ) ;
#177 = EDGE_CURVE ( 'NONE', #5353, #5753, #3033, .T. ) ;
#178 = EDGE_CURVE ( 'NONE', #7700, #5131, #5634, .T. ) ;
#179 = DIRECTION ( 'NONE',  ( -1.000000000000000000, -5.551115123125783935E-17, 0.000000000000000000 ) ) ;
#180 = ORIENTED_EDGE ( 'NONE', *, *, #4374, .T. ) ;
#181 = VECTOR ( 'NONE', #4951, 1000.000000000000000 ) ;
#182 = CARTESIAN_POINT ( 'NONE',  ( -40.99999999999999289, 43.47539201226638284, 23.94349957457747635 ) ) ;
#183 = EDGE_LOOP ( 'NONE', ( #5, #5603, #3596 ) ) ;
#184 = ORIENTED_EDGE ( 'NONE', *, *, #3805, .F. ) ;
#185 = PRESENTATION_LAYER_ASSIGNMENT (  '', '', ( #4065 ) ) ;
#186 = PLANE ( 'NONE',  #3233 ) ;
#187 = ADVANCED_FACE ( 'NONE', ( #8767 ), #633, .F. ) ;
#188 = PRODUCT ( 'PAX IM30 asm', 'PAX IM30 asm', '', ( #1895 ) ) ;
#189 = DIRECTION ( 'NONE',  ( 0.000000000000000000, -0.1470117858375537823, 0.9891347404802103283 ) ) ;
#190 = LINE ( 'NONE', #6926, #839 ) ;
#191 = DIRECTION ( 'NONE',  ( -1.000000000000000000, 0.000000000000000000, 0.000000000000000000 ) ) ;
#192 = FACE_OUTER_BOUND ( 'NONE', #2853, .T. ) ;
#193 = CARTESIAN_POINT ( 'NONE',  ( 38.49999999999995737, -65.57133123440134170, 31.99999999999998579 ) ) ;
#194 = LINE ( 'NONE', #912, #4767 ) ;
#195 = PRESENTATION_LAYER_ASSIGNMENT (  '', '', ( #7652 ) ) ;
#196 = CARTESIAN_POINT ( 'NONE',  ( 43.50000000000000000, -66.00000000000002842, 10.20000000000000107 ) ) ;
#197 = CARTESIAN_POINT ( 'NONE',  ( -50.50000000000000711, -66.00000000000002842, 4.500000000000000000 ) ) ;
#198 = EDGE_LOOP ( 'NONE', ( #4041, #783, #8492, #4243 ) ) ;
#199 = EDGE_CURVE ( 'NONE', #7678, #6287, #8054, .T. ) ;
#200 = MECHANICAL_DESIGN_GEOMETRIC_PRESENTATION_REPRESENTATION (  '', ( #2359 ), #4219 ) ;
#201 = ORIENTED_EDGE ( 'NONE', *, *, #5350, .T. ) ;
#202 = PLANE ( 'NONE',  #2402 ) ;
#203 = DIRECTION ( 'NONE',  ( 0.000000000000000000, -0.9986295347545737222, 0.05233595624294712367 ) ) ;
#204 = ORIENTED_EDGE ( 'NONE', *, *, #4086, .F. ) ;
#205 = FILL_AREA_STYLE ('',( #3635 ) ) ;
#206 = VECTOR ( 'NONE', #6847, 1000.000000000000000 ) ;
#207 = VERTEX_POINT ( 'NONE', #8181 ) ;
#208 = EDGE_CURVE ( 'NONE', #1712, #1472, #5911, .T. ) ;
#209 = CARTESIAN_POINT ( 'NONE',  ( -31.00000000000002132, -43.99976026781097715, 13.46982199645845668 ) ) ;
#210 = CARTESIAN_POINT ( 'NONE',  ( 40.99999999999999289, 38.13958268545958674, 5.668558521123584271 ) ) ;
#211 = PLANE ( 'NONE',  #8104 ) ;
#212 = ORIENTED_EDGE ( 'NONE', *, *, #2283, .T. ) ;
#213 = FILL_AREA_STYLE_COLOUR ( '', #3696 ) ;
#214 = CARTESIAN_POINT ( 'NONE',  ( 46.49999999999998579, 69.99999999999998579, 4.500000000000000000 ) ) ;
#215 = EDGE_LOOP ( 'NONE', ( #132, #3788, #7615, #7952 ) ) ;
#216 = ORIENTED_EDGE ( 'NONE', *, *, #4599, .F. ) ;
#217 = STYLED_ITEM ( 'NONE', ( #4573 ), #2564 ) ;
#218 = EDGE_LOOP ( 'NONE', ( #4081, #1318, #1924, #4119 ) ) ;
#219 = CARTESIAN_POINT ( 'NONE',  ( -33.64999999999999858, 44.82479682327223713, -14.75214040964108975 ) ) ;
#220 = DIRECTION ( 'NONE',  ( 0.000000000000000000, 0.1412171486779212892, 0.9899786446783980232 ) ) ;
#221 = ORIENTED_EDGE ( 'NONE', *, *, #7486, .F. ) ;
#222 = DIRECTION ( 'NONE',  ( 0.000000000000000000, 0.1412171486779212892, 0.9899786446783980232 ) ) ;
#223 = LINE ( 'NONE', #5084, #8162 ) ;
#224 = ORIENTED_EDGE ( 'NONE', *, *, #888, .T. ) ;
#225 = AXIS2_PLACEMENT_3D ( 'NONE', #7641, #4327, #1490 ) ;
#226 = DIRECTION ( 'NONE',  ( -1.000000000000000000, 0.000000000000000000, 0.000000000000000000 ) ) ;
#227 = AXIS2_PLACEMENT_3D ( 'NONE', #4498, #1339, #806 ) ;
#228 = ORIENTED_EDGE ( 'NONE', *, *, #17, .F. ) ;
#229 = ADVANCED_FACE ( 'NONE', ( #2616 ), #2700, .T. ) ;
#230 = EDGE_CURVE ( 'NONE', #5353, #2258, #8723, .T. ) ;
#231 = VECTOR ( 'NONE', #3140, 1000.000000000000000 ) ;
#232 = ORIENTED_EDGE ( 'NONE', *, *, #4164, .T. ) ;
#233 = AXIS2_PLACEMENT_3D ( 'NONE', #8072, #654, #8157 ) ;
#234 = DIRECTION ( 'NONE',  ( -0.000000000000000000, -0.000000000000000000, 1.000000000000000000 ) ) ;
#235 = FACE_OUTER_BOUND ( 'NONE', #2705, .T. ) ;
#236 = VECTOR ( 'NONE', #3455, 999.9999999999998863 ) ;
#237 = FACE_OUTER_BOUND ( 'NONE', #4130, .T. ) ;
#238 = CARTESIAN_POINT ( 'NONE',  ( -38.49999999999999289, -66.00000000000004263, 4.500000000000000000 ) ) ;
#239 = LINE ( 'NONE', #4423, #2505 ) ;
#240 = CARTESIAN_POINT ( 'NONE',  ( 43.49999999999998579, 72.99999999999997158, 0.000000000000000000 ) ) ;
#241 = LINE ( 'NONE', #6933, #4495 ) ;
#242 = ADVANCED_FACE ( 'NONE', ( #5457 ), #7202, .F. ) ;
#243 = CARTESIAN_POINT ( 'NONE',  ( 43.50000000000000000, 55.49999999999997868, 4.500000000000000000 ) ) ;
#244 = CIRCLE ( 'NONE', #5832, 2.500000000000002220 ) ;
#245 = ORIENTED_EDGE ( 'NONE', *, *, #8551, .F. ) ;
#246 = FILL_AREA_STYLE_COLOUR ( '', #8203 ) ;
#247 = ORIENTED_EDGE ( 'NONE', *, *, #5321, .T. ) ;
#248 = FILL_AREA_STYLE_COLOUR ( '', #6863 ) ;
#249 = CARTESIAN_POINT ( 'NONE',  ( -46.50000000000002132, 69.99999999999998579, 0.000000000000000000 ) ) ;
#250 = VERTEX_POINT ( 'NONE', #2029 ) ;
#251 = CYLINDRICAL_SURFACE ( 'NONE', #8211, 3.300000000000001599 ) ;
#252 = EDGE_CURVE ( 'NONE', #3579, #1774, #6195, .T. ) ;
#253 = ORIENTED_EDGE ( 'NONE', *, *, #7552, .T. ) ;
#254 = FACE_OUTER_BOUND ( 'NONE', #198, .T. ) ;
#255 = DIRECTION ( 'NONE',  ( 0.000000000000000000, -2.434699615406044823E-15, -1.000000000000000000 ) ) ;
#256 = VERTEX_POINT ( 'NONE', #681 ) ;
#257 = CARTESIAN_POINT ( 'NONE',  ( 31.13375866546478932, -53.61515718961152288, 31.79999999999997939 ) ) ;
#258 = CARTESIAN_POINT ( 'NONE',  ( -33.64999999999999858, -44.13327568921990718, -1.061112379540015249 ) ) ;
#259 = DIRECTION ( 'NONE',  ( -1.000000000000000000, 0.000000000000000000, 0.000000000000000000 ) ) ;
#260 = PRESENTATION_STYLE_ASSIGNMENT (( #5659 ) ) ;
#261 = ORIENTED_EDGE ( 'NONE', *, *, #7946, .F. ) ;
#262 = AXIS2_PLACEMENT_3D ( 'NONE', #5458, #5373, #3381 ) ;
#263 = EDGE_CURVE ( 'NONE', #3133, #2301, #8630, .T. ) ;
#264 = EDGE_CURVE ( 'NONE', #5300, #2337, #8496, .T. ) ;
#265 = EDGE_LOOP ( 'NONE', ( #273, #1, #7624, #7185 ) ) ;
#266 = VERTEX_POINT ( 'NONE', #6979 ) ;
#267 =( GEOMETRIC_REPRESENTATION_CONTEXT ( 3 ) GLOBAL_UNCERTAINTY_ASSIGNED_CONTEXT ( ( #4646 ) ) GLOBAL_UNIT_ASSIGNED_CONTEXT ( ( #7031, #1406, #5690 ) ) REPRESENTATION_CONTEXT ( 'NONE', 'WORKASPACE' ) );
#268 = MECHANICAL_DESIGN_GEOMETRIC_PRESENTATION_REPRESENTATION (  '', ( #6443 ), #7864 ) ;
#269 = ORIENTED_EDGE ( 'NONE', *, *, #2327, .F. ) ;
#270 = CARTESIAN_POINT ( 'NONE',  ( -41.70000000000001705, -60.77133123440133744, 31.89999999999998437 ) ) ;
#271 = LINE ( 'NONE', #3697, #6463 ) ;
#272 = ORIENTED_EDGE ( 'NONE', *, *, #2794, .T. ) ;
#273 = ORIENTED_EDGE ( 'NONE', *, *, #3632, .F. ) ;
#274 = ITEM_DEFINED_TRANSFORMATION ( 'NONE', 'NONE', #5998,  #4566 ) ;
#275 = ORIENTED_EDGE ( 'NONE', *, *, #5257, .F. ) ;
#276 = CARTESIAN_POINT ( 'NONE',  ( -33.64999999999999858, 43.45146005237945275, -24.37968272913851209 ) ) ;
#277 = CARTESIAN_POINT ( 'NONE',  ( -33.99999999999998579, 45.56118756361607325, 24.25350438620411353 ) ) ;
#278 = VECTOR ( 'NONE', #3064, 1000.000000000000000 ) ;
#279 = EDGE_CURVE ( 'NONE', #2870, #1829, #5548, .T. ) ;
#280 = CARTESIAN_POINT ( 'NONE',  ( 34.00000000000000711, 19.79943049316259973, 22.95208218298068559 ) ) ;
#281 = EDGE_CURVE ( 'NONE', #4493, #7318, #7748, .T. ) ;
#282 = LINE ( 'NONE', #8585, #4318 ) ;
#283 = DIRECTION ( 'NONE',  ( 0.000000000000000000, 0.000000000000000000, -1.000000000000000000 ) ) ;
#284 = DIRECTION ( 'NONE',  ( 1.059373115100340619E-16, -1.000000000000000000, 0.000000000000000000 ) ) ;
#285 = VECTOR ( 'NONE', #3740, 1000.000000000000000 ) ;
#286 = PRESENTATION_STYLE_ASSIGNMENT (( #6312 ) ) ;
#287 = VERTEX_POINT ( 'NONE', #820 ) ;
#288 = SURFACE_STYLE_USAGE ( .BOTH. , #7204 ) ;
#289 = ORIENTED_EDGE ( 'NONE', *, *, #2804, .F. ) ;
#290 = EDGE_CURVE ( 'NONE', #2258, #1073, #4190, .T. ) ;
#291 = SURFACE_SIDE_STYLE ('',( #6495 ) ) ;
#292 = EDGE_CURVE ( 'NONE', #1841, #7171, #3476, .T. ) ;
#293 = CARTESIAN_POINT ( 'NONE',  ( -33.73223304703360981, 50.66419279115946495, 25.01194697338422657 ) ) ;
#294 = ORIENTED_EDGE ( 'NONE', *, *, #2920, .F. ) ;
#295 = DIRECTION ( 'NONE',  ( -0.000000000000000000, -0.1470117858375538933, 0.9891347404802104393 ) ) ;
#296 = CYLINDRICAL_SURFACE ( 'NONE', #3478, 2.500000000000002220 ) ;
#297 = DIRECTION ( 'NONE',  ( -0.000000000000000000, 0.05233595624294847676, 0.9986295347545736112 ) ) ;
#298 = AXIS2_PLACEMENT_3D ( 'NONE', #1428, #4272, #4175 ) ;
#299 = VERTEX_POINT ( 'NONE', #6931 ) ;
#300 = DIRECTION ( 'NONE',  ( -0.000000000000000000, -0.000000000000000000, 1.000000000000000000 ) ) ;
#301 = ORIENTED_EDGE ( 'NONE', *, *, #948, .T. ) ;
#302 = CARTESIAN_POINT ( 'NONE',  ( -35.50000000000000000, -50.00000000000001421, -1.192081353202898958E-14 ) ) ;
#303 = EDGE_CURVE ( 'NONE', #3223, #2474, #2343, .T. ) ;
#304 = LINE ( 'NONE', #2457, #4117 ) ;
#305 = CYLINDRICAL_SURFACE ( 'NONE', #6665, 0.7500000000000006661 ) ;
#306 = LINE ( 'NONE', #5033, #2714 ) ;
#307 = EDGE_LOOP ( 'NONE', ( #1810, #7862, #5168, #8468, #4518 ) ) ;
#308 = CIRCLE ( 'NONE', #3755, 4.000000000000003553 ) ;
#309 = ORIENTED_EDGE ( 'NONE', *, *, #6928, .T. ) ;
#310 = ORIENTED_EDGE ( 'NONE', *, *, #1116, .F. ) ;
#311 = FACE_OUTER_BOUND ( 'NONE', #5058, .T. ) ;
#312 = CARTESIAN_POINT ( 'NONE',  ( -44.76711242801679447, 71.73288757198321264, 24.17794543770470028 ) ) ;
#313 = SURFACE_SIDE_STYLE ('',( #7142 ) ) ;
#314 = ORIENTED_EDGE ( 'NONE', *, *, #5104, .T. ) ;
#315 = EDGE_CURVE ( 'NONE', #6514, #68, #7647, .T. ) ;
#316 = DIRECTION ( 'NONE',  ( -0.000000000000000000, -0.1412171486779216778, -0.9899786446783979121 ) ) ;
#317 = EDGE_LOOP ( 'NONE', ( #1109, #4341, #4669, #407 ) ) ;
#318 = VERTEX_POINT ( 'NONE', #7070 ) ;
#319 = ORIENTED_EDGE ( 'NONE', *, *, #6327, .T. ) ;
#320 = CARTESIAN_POINT ( 'NONE',  ( 40.20000000000000284, 59.19999999999998863, 44.00000000000000711 ) ) ;
#321 = DIRECTION ( 'NONE',  ( -1.000000000000000000, 0.000000000000000000, 0.000000000000000000 ) ) ;
#322 = EDGE_CURVE ( 'NONE', #6967, #3387, #194, .T. ) ;
#323 = VECTOR ( 'NONE', #2928, 1000.000000000000000 ) ;
#324 = DIRECTION ( 'NONE',  ( -0.000000000000000000, -0.1412171486779217056, -0.9899786446783980232 ) ) ;
#325 = FACE_OUTER_BOUND ( 'NONE', #3720, .T. ) ;
#326 = FACE_OUTER_BOUND ( 'NONE', #8196, .T. ) ;
#327 = FACE_OUTER_BOUND ( 'NONE', #8204, .T. ) ;
#328 = LINE ( 'NONE', #7872, #930 ) ;
#329 = CARTESIAN_POINT ( 'NONE',  ( 36.14999999999999147, -45.93570919830277433, 10.65462686115261448 ) ) ;
#330 = CARTESIAN_POINT ( 'NONE',  ( 43.50000000000000000, -57.74999999999998579, 8.898708361799851474 ) ) ;
#331 = VECTOR ( 'NONE', #3709, 1000.000000000000000 ) ;
#332 = DIRECTION ( 'NONE',  ( -2.392722035830078972E-16, -0.9899786446783979121, 0.1412171486779215945 ) ) ;
#333 = ORIENTED_EDGE ( 'NONE', *, *, #8542, .F. ) ;
#334 = FACE_OUTER_BOUND ( 'NONE', #2500, .T. ) ;
#335 = CARTESIAN_POINT ( 'NONE',  ( 34.46446609406719119, 49.93991564621082091, 24.90430008549053653 ) ) ;
#336 = VECTOR ( 'NONE', #6459, 1000.000000000000000 ) ;
#337 = VERTEX_POINT ( 'NONE', #6258 ) ;
#338 = CARTESIAN_POINT ( 'NONE',  ( 40.50000000000000000, -53.00000000000002132, -11.00000000000001066 ) ) ;
#339 = CARTESIAN_POINT ( 'NONE',  ( 38.65000000000000568, -45.90674596150292786, -1.809588733309567932 ) ) ;
#340 = SURFACE_SIDE_STYLE ('',( #426 ) ) ;
#341 = EDGE_CURVE ( 'NONE', #1017, #207, #864, .T. ) ;
#342 = EDGE_CURVE ( 'NONE', #3142, #1785, #6640, .T. ) ;
#343 = VECTOR ( 'NONE', #4919, 1000.000000000000000 ) ;
#344 = UNCERTAINTY_MEASURE_WITH_UNIT (LENGTH_MEASURE( 1.000000000000000082E-05 ), #7884, 'distance_accuracy_value', 'NONE');
#345 = ORIENTED_EDGE ( 'NONE', *, *, #4086, .T. ) ;
#346 = CARTESIAN_POINT ( 'NONE',  ( 38.49999999999995737, -65.57133123440134170, 31.99999999999998579 ) ) ;
#347 = ORIENTED_EDGE ( 'NONE', *, *, #5858, .F. ) ;
#348 = LINE ( 'NONE', #1313, #1837 ) ;
#349 = SURFACE_STYLE_USAGE ( .BOTH. , #7134 ) ;
#350 = FILL_AREA_STYLE ('',( #7846 ) ) ;
#351 = EDGE_LOOP ( 'NONE', ( #660, #6779, #4173, #8231 ) ) ;
#352 = ORIENTED_EDGE ( 'NONE', *, *, #4749, .F. ) ;
#353 = ADVANCED_FACE ( 'NONE', ( #776 ), #4964, .F. ) ;
#354 = VERTEX_POINT ( 'NONE', #3575 ) ;
#355 = CARTESIAN_POINT ( 'NONE',  ( -45.20000000000000284, 57.00000000000000000, 4.499999999999997335 ) ) ;
#356 = CARTESIAN_POINT ( 'NONE',  ( -33.99999999999999289, 46.70958387027677361, -17.53167463606224175 ) ) ;
#357 = ORIENTED_EDGE ( 'NONE', *, *, #4845, .T. ) ;
#358 = FILL_AREA_STYLE ('',( #2428 ) ) ;
#359 = CARTESIAN_POINT ( 'NONE',  ( -16.19999999999999574, -56.50000000000004263, 13.87233320064247444 ) ) ;
#360 = ORIENTED_EDGE ( 'NONE', *, *, #4203, .F. ) ;
#361 = AXIS2_PLACEMENT_3D ( 'NONE', #7331, #8808, #5943 ) ;
#362 = ORIENTED_EDGE ( 'NONE', *, *, #4300, .T. ) ;
#363 = EDGE_CURVE ( 'NONE', #8475, #5087, #3644, .T. ) ;
#364 = VERTEX_POINT ( 'NONE', #5639 ) ;
#365 = CARTESIAN_POINT ( 'NONE',  ( -42.70000000000000284, 57.00000000000000000, 4.499999999999997335 ) ) ;
#366 = CARTESIAN_POINT ( 'NONE',  ( 42.47938495743132137, -68.76158782437025252, 25.99999999999998224 ) ) ;
#367 = VECTOR ( 'NONE', #1543, 1000.000000000000000 ) ;
#368 = CARTESIAN_POINT ( 'NONE',  ( 41.42893218813451739, -66.00000000000002842, 10.19999999999999751 ) ) ;
#369 = LINE ( 'NONE', #7745, #3143 ) ;
#370 =( NAMED_UNIT ( * ) PLANE_ANGLE_UNIT ( ) SI_UNIT ( $, .RADIAN. ) );
#371 = AXIS2_PLACEMENT_3D ( 'NONE', #1045, #7032, #1643 ) ;
#372 = EDGE_CURVE ( 'NONE', #7948, #5921, #2229, .T. ) ;
#373 = VECTOR ( 'NONE', #4438, 1000.000000000000000 ) ;
#374 = CARTESIAN_POINT ( 'NONE',  ( -26.44999999999998863, -57.75000000000001421, 8.898708361799847921 ) ) ;
#375 = MECHANICAL_DESIGN_GEOMETRIC_PRESENTATION_REPRESENTATION (  '', ( #6691 ), #2090 ) ;
#376 = FACE_OUTER_BOUND ( 'NONE', #4806, .T. ) ;
#377 = CIRCLE ( 'NONE', #658, 4.149999999999994138 ) ;
#378 = ORIENTED_EDGE ( 'NONE', *, *, #4350, .T. ) ;
#379 = DIRECTION ( 'NONE',  ( 0.000000000000000000, -1.215422028459298757E-16, 1.000000000000000000 ) ) ;
#380 = AXIS2_PLACEMENT_3D ( 'NONE', #7951, #5132, #1753 ) ;
#381 = CARTESIAN_POINT ( 'NONE',  ( -40.20000000000000284, 59.19999999999996021, -0.000000000000000000 ) ) ;
#382 = ORIENTED_EDGE ( 'NONE', *, *, #3780, .F. ) ;
#383 = LINE ( 'NONE', #976, #5618 ) ;
#384 = CARTESIAN_POINT ( 'NONE',  ( 39.94999999999998863, -48.61515718961152288, 31.79999999999997939 ) ) ;
#385 = VERTEX_POINT ( 'NONE', #6208 ) ;
#386 = VECTOR ( 'NONE', #441, 1000.000000000000000 ) ;
#387 = DIRECTION ( 'NONE',  ( 1.000000000000000000, 0.000000000000000000, 0.000000000000000000 ) ) ;
#388 = CARTESIAN_POINT ( 'NONE',  ( 0.000000000000000000, -1.439532382430157798, 9.685560116120839780 ) ) ;
#389 = ADVANCED_FACE ( 'NONE', ( #1544 ), #4289, .T. ) ;
#390 =( NAMED_UNIT ( * ) PLANE_ANGLE_UNIT ( ) SI_UNIT ( $, .RADIAN. ) );
#391 = DIRECTION ( 'NONE',  ( 0.000000000000000000, 0.000000000000000000, 1.000000000000000000 ) ) ;
#392 = ADVANCED_FACE ( 'NONE', ( #60 ), #7600, .F. ) ;
#393 = EDGE_LOOP ( 'NONE', ( #2626, #253, #1876, #5417 ) ) ;
#394 = CIRCLE ( 'NONE', #6127, 2.500000000000002220 ) ;
#395 = VECTOR ( 'NONE', #6303, 1000.000000000000000 ) ;
#396 = ORIENTED_EDGE ( 'NONE', *, *, #4950, .T. ) ;
#397 = EDGE_LOOP ( 'NONE', ( #6727, #4879, #5392, #2342, #8796, #3400, #1237, #3611 ) ) ;
#398 = DIRECTION ( 'NONE',  ( 0.000000000000000000, 1.000000000000000000, -1.224646799147350742E-16 ) ) ;
#399 = DIRECTION ( 'NONE',  ( -0.7071067811865486830, 0.6994238825007513816, 0.1039530306800786480 ) ) ;
#400 = FACE_OUTER_BOUND ( 'NONE', #8557, .T. ) ;
#401 = EDGE_LOOP ( 'NONE', ( #3914, #488, #7751, #6215 ) ) ;
#402 = DIRECTION ( 'NONE',  ( 0.000000000000000000, -0.05233595624295107190, -0.9986295347545733891 ) ) ;
#403 = PRESENTATION_LAYER_ASSIGNMENT (  '', '', ( #5721 ) ) ;
#404 = LINE ( 'NONE', #1030, #1229 ) ;
#405 = DIRECTION ( 'NONE',  ( -0.000000000000000000, -0.1470117858375538933, 0.9891347404802104393 ) ) ;
#406 = EDGE_CURVE ( 'NONE', #2943, #3904, #7199, .T. ) ;
#407 = ORIENTED_EDGE ( 'NONE', *, *, #88, .F. ) ;
#408 = ORIENTED_EDGE ( 'NONE', *, *, #8569, .F. ) ;
#409 =( GEOMETRIC_REPRESENTATION_CONTEXT ( 3 ) GLOBAL_UNCERTAINTY_ASSIGNED_CONTEXT ( ( #7360 ) ) GLOBAL_UNIT_ASSIGNED_CONTEXT ( ( #3754, #1299, #4012 ) ) REPRESENTATION_CONTEXT ( 'NONE', 'WORKASPACE' ) );
#410 = EDGE_LOOP ( 'NONE', ( #3288, #3973, #1105, #4475, #5667 ) ) ;
#411 = CARTESIAN_POINT ( 'NONE',  ( -29.49999999999999289, -12.41379277605159004, -2.647767772941383324 ) ) ;
#412 = DIRECTION ( 'NONE',  ( 0.000000000000000000, 0.9899786446783979121, -0.1412171486779215390 ) ) ;
#413 = DIRECTION ( 'NONE',  ( 0.000000000000000000, 0.7758451142123504729, -0.6309234175023342717 ) ) ;
#414 = EDGE_CURVE ( 'NONE', #1025, #5480, #6503, .T. ) ;
#415 = DIRECTION ( 'NONE',  ( 0.000000000000000000, 0.9891347404802104393, 0.1470117858375540321 ) ) ;
#416 = AXIS2_PLACEMENT_3D ( 'NONE', #5318, #5225, #7956 ) ;
#417 = FACE_OUTER_BOUND ( 'NONE', #401, .T. ) ;
#418 =( LENGTH_UNIT ( ) NAMED_UNIT ( * ) SI_UNIT ( .MILLI., .METRE. ) );
#419 = DIRECTION ( 'NONE',  ( 0.000000000000000000, -0.4694715627858927487, -0.8829475928589258782 ) ) ;
#420 = ADVANCED_FACE ( 'NONE', ( #8541 ), #7286, .F. ) ;
#421 = SURFACE_STYLE_FILL_AREA ( #5369 ) ;
#422 = ORIENTED_EDGE ( 'NONE', *, *, #292, .F. ) ;
#423 = CARTESIAN_POINT ( 'NONE',  ( 35.04999999999998295, -72.28898669549229794, 11.65620978917501382 ) ) ;
#424 = DIRECTION ( 'NONE',  ( -0.000000000000000000, -0.1470117858375538933, 0.9891347404802104393 ) ) ;
#425 =( GEOMETRIC_REPRESENTATION_CONTEXT ( 3 ) GLOBAL_UNCERTAINTY_ASSIGNED_CONTEXT ( ( #1140 ) ) GLOBAL_UNIT_ASSIGNED_CONTEXT ( ( #5445, #2213, #8840 ) ) REPRESENTATION_CONTEXT ( 'NONE', 'WORKASPACE' ) );
#426 = SURFACE_STYLE_FILL_AREA ( #6585 ) ;
#427 = ORIENTED_EDGE ( 'NONE', *, *, #3632, .T. ) ;
#428 = CARTESIAN_POINT ( 'NONE',  ( 29.49999999999999645, -71.95184441433913491, 20.00000000000000000 ) ) ;
#429 = LINE ( 'NONE', #631, #1804 ) ;
#430 = VECTOR ( 'NONE', #127, 1000.000000000000000 ) ;
#431 = ORIENTED_EDGE ( 'NONE', *, *, #1351, .T. ) ;
#432 = EDGE_CURVE ( 'NONE', #6237, #4278, #8065, .T. ) ;
#433 =( NAMED_UNIT ( * ) SI_UNIT ( $, .STERADIAN. ) SOLID_ANGLE_UNIT ( ) );
#434 = EDGE_CURVE ( 'NONE', #8340, #5674, #3326, .T. ) ;
#435 = CARTESIAN_POINT ( 'NONE',  ( 34.50000000000000711, -12.41379277605159892, -2.647767772941379771 ) ) ;
#436 = EDGE_LOOP ( 'NONE', ( #6472, #4570, #7983, #1471 ) ) ;
#437 = PRESENTATION_LAYER_ASSIGNMENT (  '', '', ( #6035 ) ) ;
#438 = VERTEX_POINT ( 'NONE', #1125 ) ;
#439 = PRODUCT_DEFINITION ( 'UNKNOWN', '', #3573, #710 ) ;
#440 = VERTEX_POINT ( 'NONE', #3881 ) ;
#441 = DIRECTION ( 'NONE',  ( -0.000000000000000000, -0.000000000000000000, 1.000000000000000000 ) ) ;
#442 = CYLINDRICAL_SURFACE ( 'NONE', #7459, 3.000000000000006217 ) ;
#443 = CARTESIAN_POINT ( 'NONE',  ( 46.89999999999999858, -59.00000000000003553, -1.511838516444868957E-14 ) ) ;
#444 = ORIENTED_EDGE ( 'NONE', *, *, #3566, .T. ) ;
#445 = DIRECTION ( 'NONE',  ( 0.000000000000000000, -0.000000000000000000, -1.000000000000000000 ) ) ;
#446 = VECTOR ( 'NONE', #5519, 1000.000000000000000 ) ;
#447 = SURFACE_STYLE_USAGE ( .BOTH. , #1839 ) ;
#448 = CARTESIAN_POINT ( 'NONE',  ( 34.00000000000000711, 46.70958387027674519, -17.53167463606224530 ) ) ;
#449 = VERTEX_POINT ( 'NONE', #6618 ) ;
#450 = VERTEX_POINT ( 'NONE', #459 ) ;
#451 = EDGE_CURVE ( 'NONE', #452, #7255, #2354, .T. ) ;
#452 = VERTEX_POINT ( 'NONE', #4466 ) ;
#453 = EDGE_CURVE ( 'NONE', #8684, #7861, #3195, .T. ) ;
#454 = CARTESIAN_POINT ( 'NONE',  ( 54.05000000000000426, 57.53232232766909959, 23.60000000000000853 ) ) ;
#455 = CARTESIAN_POINT ( 'NONE',  ( 43.50000000000000000, -61.00000000000006395, 1.485166765397688731E-13 ) ) ;
#456 = CARTESIAN_POINT ( 'NONE',  ( 43.50000000000000000, 55.49999999999997868, 4.500000000000000000 ) ) ;
#457 = CARTESIAN_POINT ( 'NONE',  ( -33.99999999999999289, -36.54210695047839863, -29.90509479883325739 ) ) ;
#458 = AXIS2_PLACEMENT_3D ( 'NONE', #4060, #5939, #4017 ) ;
#459 = CARTESIAN_POINT ( 'NONE',  ( 55.29999999999999716, -56.00000000000003553, 23.59999999999998721 ) ) ;
#460 = CARTESIAN_POINT ( 'NONE',  ( 40.99999999999999289, -2.542120776211809652, 17.10407066972241807 ) ) ;
#461 = SURFACE_STYLE_FILL_AREA ( #1128 ) ;
#462 = ADVANCED_FACE ( 'NONE', ( #546 ), #3369, .F. ) ;
#463 = CARTESIAN_POINT ( 'NONE',  ( -43.50000000000002132, 72.99999999999997158, -1.000000000000000000 ) ) ;
#464 =( LENGTH_UNIT ( ) NAMED_UNIT ( * ) SI_UNIT ( .MILLI., .METRE. ) );
#465 = DIRECTION ( 'NONE',  ( -0.000000000000000000, 1.000000000000000000, -0.000000000000000000 ) ) ;
#466 = VERTEX_POINT ( 'NONE', #8309 ) ;
#467 = DIRECTION ( 'NONE',  ( 0.000000000000000000, -7.638175199916773278E-16, 1.000000000000000000 ) ) ;
#468 = MECHANICAL_DESIGN_GEOMETRIC_PRESENTATION_REPRESENTATION (  '', ( #5917 ), #3785 ) ;
#469 = FACE_OUTER_BOUND ( 'NONE', #1256, .T. ) ;
#470 = ADVANCED_FACE ( 'NONE', ( #2168 ), #2117, .F. ) ;
#471 = ORIENTED_EDGE ( 'NONE', *, *, #2920, .T. ) ;
#472 = VECTOR ( 'NONE', #4787, 999.9999999999998863 ) ;
#473 = DIRECTION ( 'NONE',  ( -1.000000000000000000, 1.084202172485503571E-16, 1.106391379586239262E-32 ) ) ;
#474 = VECTOR ( 'NONE', #1588, 1000.000000000000227 ) ;
#475 = ORIENTED_EDGE ( 'NONE', *, *, #8463, .F. ) ;
#476 = CARTESIAN_POINT ( 'NONE',  ( 39.19999999999998153, -48.61515718961152288, 31.79999999999997939 ) ) ;
#477 = CARTESIAN_POINT ( 'NONE',  ( 30.00000000000000000, -44.98889500829118759, 13.32281021062090076 ) ) ;
#478 = CARTESIAN_POINT ( 'NONE',  ( -50.50000000000000711, -64.99999999999997158, -1.000000000000000000 ) ) ;
#479 = ORIENTED_EDGE ( 'NONE', *, *, #2404, .T. ) ;
#480 = DIRECTION ( 'NONE',  ( -0.000000000000000000, -0.000000000000000000, 1.000000000000000000 ) ) ;
#481 = MECHANICAL_DESIGN_GEOMETRIC_PRESENTATION_REPRESENTATION (  '', ( #7652 ), #3504 ) ;
#482 = ORIENTED_EDGE ( 'NONE', *, *, #7444, .F. ) ;
#483 = ADVANCED_FACE ( 'NONE', ( #2875 ), #51, .F. ) ;
#484 = EDGE_LOOP ( 'NONE', ( #1337, #201, #564, #7000 ) ) ;
#485 = LINE ( 'NONE', #7985, #7543 ) ;
#486 = CARTESIAN_POINT ( 'NONE',  ( 46.50000000000000000, -66.00000000000001421, 0.000000000000000000 ) ) ;
#487 = PLANE ( 'NONE',  #7250 ) ;
#488 = ORIENTED_EDGE ( 'NONE', *, *, #4873, .F. ) ;
#489 = AXIS2_PLACEMENT_3D ( 'NONE', #35, #8244, #886 ) ;
#490 = CARTESIAN_POINT ( 'NONE',  ( 39.19999999999998153, -72.12151163551486377, 14.85182430038964796 ) ) ;
#491 = DIRECTION ( 'NONE',  ( -0.000000000000000000, -0.1470117858375538933, 0.9891347404802104393 ) ) ;
#492 =( NAMED_UNIT ( * ) PLANE_ANGLE_UNIT ( ) SI_UNIT ( $, .RADIAN. ) );
#493 = EDGE_LOOP ( 'NONE', ( #4387, #7557, #8833, #4974 ) ) ;
#494 = VERTEX_POINT ( 'NONE', #1387 ) ;
#495 = AXIS2_PLACEMENT_3D ( 'NONE', #3440, #2139, #25 ) ;
#496 = ORIENTED_EDGE ( 'NONE', *, *, #6446, .F. ) ;
#497 = CARTESIAN_POINT ( 'NONE',  ( 47.63293176322621747, -71.17624037013720795, 19.99999999999989697 ) ) ;
#498 = VERTEX_POINT ( 'NONE', #182 ) ;
#499 = CARTESIAN_POINT ( 'NONE',  ( 39.19999999999998153, -51.11515718961152288, 31.89999999999998437 ) ) ;
#500 = DIRECTION ( 'NONE',  ( 1.000000000000000000, 0.000000000000000000, 0.000000000000000000 ) ) ;
#501 = VECTOR ( 'NONE', #1939, 1000.000000000000000 ) ;
#502 = EDGE_CURVE ( 'NONE', #1604, #5876, #6966, .T. ) ;
#503 = ADVANCED_FACE ( 'NONE', ( #4812 ), #2193, .F. ) ;
#504 = PLANE ( 'NONE',  #7502 ) ;
#505 = STYLED_ITEM ( 'NONE', ( #7052 ), #2423 ) ;
#506 = DIRECTION ( 'NONE',  ( 0.000000000000000000, 0.1470117858375537823, -0.9891347404802103283 ) ) ;
#507 = DIRECTION ( 'NONE',  ( -1.000000000000000000, 0.000000000000000000, 0.000000000000000000 ) ) ;
#508 =( LENGTH_UNIT ( ) NAMED_UNIT ( * ) SI_UNIT ( .MILLI., .METRE. ) );
#509 = FACE_OUTER_BOUND ( 'NONE', #4077, .T. ) ;
#510 = ORIENTED_EDGE ( 'NONE', *, *, #6603, .F. ) ;
#511 = DIRECTION ( 'NONE',  ( 0.000000000000000000, -0.9986295347545737222, 0.05233595624294712367 ) ) ;
#512 = EDGE_CURVE ( 'NONE', #8831, #4698, #4199, .T. ) ;
#513 = SURFACE_STYLE_USAGE ( .BOTH. , #6124 ) ;
#514 = AXIS2_PLACEMENT_3D ( 'NONE', #3894, #3206, #2922 ) ;
#515 = VECTOR ( 'NONE', #2023, 1000.000000000000114 ) ;
#516 = DIRECTION ( 'NONE',  ( 0.000000000000000000, -0.9891347404802104393, -0.1470117858375538933 ) ) ;
#517 = ORIENTED_EDGE ( 'NONE', *, *, #1986, .T. ) ;
#518 = DIRECTION ( 'NONE',  ( 1.000000000000000000, 0.000000000000000000, -0.000000000000000000 ) ) ;
#519 = VECTOR ( 'NONE', #1574, 1000.000000000000000 ) ;
#520 = FACE_OUTER_BOUND ( 'NONE', #1209, .T. ) ;
#521 = PRESENTATION_STYLE_ASSIGNMENT (( #2418 ) ) ;
#522 = EDGE_CURVE ( 'NONE', #1629, #1143, #2917, .T. ) ;
#523 = VERTEX_POINT ( 'NONE', #2215 ) ;
#524 = EDGE_LOOP ( 'NONE', ( #2491, #5534, #1432, #1247 ) ) ;
#525 = AXIS2_PLACEMENT_3D ( 'NONE', #5700, #7203, #6278 ) ;
#526 = ORIENTED_EDGE ( 'NONE', *, *, #2911, .F. ) ;
#527 = CARTESIAN_POINT ( 'NONE',  ( -47.06887446784454454, -71.60441668073170263, 19.99999999999997868 ) ) ;
#528 = CARTESIAN_POINT ( 'NONE',  ( -38.50000000000000000, -53.00000000000002132, -11.00000000000001066 ) ) ;
#529 = LINE ( 'NONE', #2594, #5535 ) ;
#530 = ORIENTED_EDGE ( 'NONE', *, *, #2724, .T. ) ;
#531 = MECHANICAL_DESIGN_GEOMETRIC_PRESENTATION_REPRESENTATION (  '', ( #6703 ), #4838 ) ;
#532 = DIRECTION ( 'NONE',  ( -0.000000000000000000, 0.05233595624294702653, 0.9986295347545737222 ) ) ;
#533 = CARTESIAN_POINT ( 'NONE',  ( -36.15000000000000568, 42.71736169622329982, 26.35829759123583216 ) ) ;
#534 = CARTESIAN_POINT ( 'NONE',  ( -25.44999999999998508, -60.25000000000004263, -6.331132676734938514 ) ) ;
#535 = EDGE_CURVE ( 'NONE', #1774, #3117, #5672, .T. ) ;
#536 = EDGE_LOOP ( 'NONE', ( #7041, #2216, #3772, #8716 ) ) ;
#537 = VECTOR ( 'NONE', #1537, 1000.000000000000000 ) ;
#538 = VERTEX_POINT ( 'NONE', #4863 ) ;
#539 = ORIENTED_EDGE ( 'NONE', *, *, #6709, .T. ) ;
#540 = FACE_OUTER_BOUND ( 'NONE', #1659, .T. ) ;
#541 = PRESENTATION_LAYER_ASSIGNMENT (  '', '', ( #5571 ) ) ;
#542 = ORIENTED_EDGE ( 'NONE', *, *, #1882, .T. ) ;
#543 = SURFACE_STYLE_FILL_AREA ( #1847 ) ;
#544 = LINE ( 'NONE', #3878, #7492 ) ;
#545 = DIRECTION ( 'NONE',  ( 0.000000000000000000, -0.9891347404802104393, -0.1470117858375540321 ) ) ;
#546 = FACE_OUTER_BOUND ( 'NONE', #7427, .T. ) ;
#547 = AXIS2_PLACEMENT_3D ( 'NONE', #2782, #5363, #1342 ) ;
#548 = EDGE_CURVE ( 'NONE', #2914, #6019, #6196, .T. ) ;
#549 = DIRECTION ( 'NONE',  ( 0.000000000000000000, -0.9986295347545737222, 0.05233595624294712367 ) ) ;
#550 = ADVANCED_FACE ( 'NONE', ( #8398 ), #2263, .F. ) ;
#551 = LINE ( 'NONE', #4684, #7471 ) ;
#552 = LINE ( 'NONE', #589, #6008 ) ;
#553 = LINE ( 'NONE', #1133, #4246 ) ;
#554 = VERTEX_POINT ( 'NONE', #4321 ) ;
#555 = CARTESIAN_POINT ( 'NONE',  ( -43.89606111598813953, -73.00000000000005684, -2.447886016809618265E-13 ) ) ;
#556 = DIRECTION ( 'NONE',  ( 0.000000000000000000, 0.000000000000000000, 1.000000000000000000 ) ) ;
#557 = VECTOR ( 'NONE', #1802, 999.9999999999998863 ) ;
#558 = DIRECTION ( 'NONE',  ( -1.000000000000000000, 0.000000000000000000, 0.000000000000000000 ) ) ;
#559 = ADVANCED_FACE ( 'NONE', ( #4229 ), #6387, .F. ) ;
#560 = ORIENTED_EDGE ( 'NONE', *, *, #5507, .T. ) ;
#561 = EDGE_CURVE ( 'NONE', #6420, #1857, #5081, .T. ) ;
#562 = FACE_OUTER_BOUND ( 'NONE', #992, .T. ) ;
#563 = FACE_OUTER_BOUND ( 'NONE', #2302, .T. ) ;
#564 = ORIENTED_EDGE ( 'NONE', *, *, #8071, .T. ) ;
#565 = DIRECTION ( 'NONE',  ( 0.000000000000000000, -0.9891347404802105503, -0.1470117858375536157 ) ) ;
#566 = ORIENTED_EDGE ( 'NONE', *, *, #6743, .T. ) ;
#567 = VECTOR ( 'NONE', #6098, 1000.000000000000000 ) ;
#568 = VERTEX_POINT ( 'NONE', #4181 ) ;
#569 = ADVANCED_FACE ( 'NONE', ( #6596 ), #4656, .F. ) ;
#570 = LINE ( 'NONE', #8192, #5128 ) ;
#571 = CARTESIAN_POINT ( 'NONE',  ( 36.54999999999998295, -72.10581084864197976, 15.15141316081602341 ) ) ;
#572 = ORIENTED_EDGE ( 'NONE', *, *, #6141, .T. ) ;
#573 = DIRECTION ( 'NONE',  ( -0.000000000000000000, -0.9986295347545737222, 0.05233595624294713061 ) ) ;
#574 = DIRECTION ( 'NONE',  ( -0.000000000000000000, -0.000000000000000000, 1.000000000000000000 ) ) ;
#575 = SURFACE_STYLE_FILL_AREA ( #8034 ) ;
#576 = VERTEX_POINT ( 'NONE', #6433 ) ;
#577 = ORIENTED_EDGE ( 'NONE', *, *, #7803, .F. ) ;
#578 = ORIENTED_EDGE ( 'NONE', *, *, #1637, .T. ) ;
#579 = ADVANCED_FACE ( 'NONE', ( #1911 ), #5045, .T. ) ;
#580 = CARTESIAN_POINT ( 'NONE',  ( 37.49999999999998579, 50.32835413437400973, -25.73944476163834949 ) ) ;
#581 = VERTEX_POINT ( 'NONE', #7384 ) ;
#582 = PLANE ( 'NONE',  #5406 ) ;
#583 = LINE ( 'NONE', #2647, #48 ) ;
#584 = DIRECTION ( 'NONE',  ( -0.000000000000000000, -0.9986295347545737222, 0.05233595624294713061 ) ) ;
#585 = EDGE_CURVE ( 'NONE', #6227, #6739, #8736, .T. ) ;
#586 = CARTESIAN_POINT ( 'NONE',  ( -46.50000000000002842, 68.99999999999997158, 4.500000000000000000 ) ) ;
#587 = CARTESIAN_POINT ( 'NONE',  ( 43.50000000000000000, 47.04179534978143806, 6.991664593661560012 ) ) ;
#588 = CARTESIAN_POINT ( 'NONE',  ( 38.69999999999997442, 64.22866876559864124, 31.99999999999998579 ) ) ;
#589 = CARTESIAN_POINT ( 'NONE',  ( 33.54999999999998295, -72.20567380211744535, 15.15664675644031334 ) ) ;
#590 = PLANE ( 'NONE',  #7394 ) ;
#591 = DIRECTION ( 'NONE',  ( 0.000000000000000000, -0.6352870048231626932, 0.7722761303464033000 ) ) ;
#592 = DIRECTION ( 'NONE',  ( 0.000000000000000000, 0.000000000000000000, -1.000000000000000000 ) ) ;
#593 = CARTESIAN_POINT ( 'NONE',  ( 34.00000000000000711, 36.70005030302942117, 15.35411863724442227 ) ) ;
#594 = AXIS2_PLACEMENT_3D ( 'NONE', #5995, #1592, #8318 ) ;
#595 = CARTESIAN_POINT ( 'NONE',  ( -21.94999999999997087, -58.78553390593276617, 8.744800423299375680 ) ) ;
#596 = UNCERTAINTY_MEASURE_WITH_UNIT (LENGTH_MEASURE( 1.000000000000000082E-05 ), #5091, 'distance_accuracy_value', 'NONE');
#597 = EDGE_LOOP ( 'NONE', ( #4214, #2538, #7101, #2196 ) ) ;
#598 = VERTEX_POINT ( 'NONE', #5957 ) ;
#599 = SURFACE_STYLE_FILL_AREA ( #6004 ) ;
#600 = SURFACE_STYLE_USAGE ( .BOTH. , #3984 ) ;
#601 = AXIS2_PLACEMENT_3D ( 'NONE', #6249, #6299, #1581 ) ;
#602 = SURFACE_STYLE_FILL_AREA ( #7342 ) ;
#603 = ORIENTED_EDGE ( 'NONE', *, *, #7516, .T. ) ;
#604 = EDGE_CURVE ( 'NONE', #1022, #2360, #4920, .T. ) ;
#605 = DIRECTION ( 'NONE',  ( 0.000000000000000000, -0.9891347404802104393, -0.1470117858375537823 ) ) ;
#606 = ADVANCED_FACE ( 'NONE', ( #7936 ), #5914, .F. ) ;
#607 = ORIENTED_EDGE ( 'NONE', *, *, #7106, .T. ) ;
#608 = AXIS2_PLACEMENT_3D ( 'NONE', #118, #5604, #971 ) ;
#609 = ORIENTED_EDGE ( 'NONE', *, *, #1137, .T. ) ;
#610 = CARTESIAN_POINT ( 'NONE',  ( -45.02805403293840669, 71.47194596706158620, 29.15700786872882944 ) ) ;
#611 = DIRECTION ( 'NONE',  ( 0.000000000000000000, 0.1470117858375539210, -0.9891347404802105503 ) ) ;
#612 = EDGE_LOOP ( 'NONE', ( #7400, #4713, #6049, #1734 ) ) ;
#613 = DIRECTION ( 'NONE',  ( 0.000000000000000000, 0.1470117858375538933, -0.9891347404802104393 ) ) ;
#614 = CARTESIAN_POINT ( 'NONE',  ( -42.50000000000000711, -65.00000000000002842, 0.000000000000000000 ) ) ;
#615 = ORIENTED_EDGE ( 'NONE', *, *, #67, .F. ) ;
#616 = CIRCLE ( 'NONE', #2915, 2.500000000000015987 ) ;
#617 = EDGE_CURVE ( 'NONE', #5579, #4534, #3638, .T. ) ;
#618 = ORIENTED_EDGE ( 'NONE', *, *, #3757, .T. ) ;
#619 = ORIENTED_EDGE ( 'NONE', *, *, #8354, .F. ) ;
#620 = AXIS2_PLACEMENT_3D ( 'NONE', #3857, #6593, #1610 ) ;
#621 = CARTESIAN_POINT ( 'NONE',  ( -45.04466517458418906, 71.45533482541580383, 29.35200255785567336 ) ) ;
#622 = EDGE_LOOP ( 'NONE', ( #2143, #6915, #5789, #232 ) ) ;
#623 = CYLINDRICAL_SURFACE ( 'NONE', #7876, 2.299999999999997602 ) ;
#624 = EDGE_CURVE ( 'NONE', #2969, #2678, #2899, .T. ) ;
#625 =( GEOMETRIC_REPRESENTATION_CONTEXT ( 3 ) GLOBAL_UNCERTAINTY_ASSIGNED_CONTEXT ( ( #4734 ) ) GLOBAL_UNIT_ASSIGNED_CONTEXT ( ( #7248, #5816, #6538 ) ) REPRESENTATION_CONTEXT ( 'NONE', 'WORKASPACE' ) );
#626 = PRESENTATION_STYLE_ASSIGNMENT (( #8758 ) ) ;
#627 = CARTESIAN_POINT ( 'NONE',  ( 41.38494681705699207, 73.94933864985839023, 114.3823759910690114 ) ) ;
#628 = FACE_OUTER_BOUND ( 'NONE', #2796, .T. ) ;
#629 = FACE_OUTER_BOUND ( 'NONE', #6090, .T. ) ;
#630 = STYLED_ITEM ( 'NONE', ( #3342 ), #1613 ) ;
#631 = CARTESIAN_POINT ( 'NONE',  ( 34.64999999999999147, -70.29511999367088038, 22.90284001691741622 ) ) ;
#632 = SURFACE_SIDE_STYLE ('',( #4726 ) ) ;
#633 = CYLINDRICAL_SURFACE ( 'NONE', #4912, 2.300000000000004263 ) ;
#634 = EDGE_CURVE ( 'NONE', #2515, #5265, #1149, .T. ) ;
#635 = SURFACE_STYLE_USAGE ( .BOTH. , #3432 ) ;
#636 = ORIENTED_EDGE ( 'NONE', *, *, #4299, .T. ) ;
#637 = DIRECTION ( 'NONE',  ( -1.000000000000000000, 0.000000000000000000, 0.000000000000000000 ) ) ;
#638 = ORIENTED_EDGE ( 'NONE', *, *, #178, .T. ) ;
#639 = FACE_OUTER_BOUND ( 'NONE', #8146, .T. ) ;
#640 = AXIS2_PLACEMENT_3D ( 'NONE', #4134, #6333, #7727 ) ;
#641 = CARTESIAN_POINT ( 'NONE',  ( -36.15000000000000568, -45.93570919830277433, 10.65462686115261448 ) ) ;
#642 = DIRECTION ( 'NONE',  ( 1.000000000000000000, 0.000000000000000000, 0.000000000000000000 ) ) ;
#643 = ORIENTED_EDGE ( 'NONE', *, *, #7279, .T. ) ;
#644 = PLANE ( 'NONE',  #7791 ) ;
#645 = COLOUR_RGB ( '',0.4980392156862745168, 0.4980392156862745168, 0.4980392156862745168 ) ;
#646 = VECTOR ( 'NONE', #1633, 1000.000000000000114 ) ;
#647 = VERTEX_POINT ( 'NONE', #2966 ) ;
#648 = LINE ( 'NONE', #3993, #5709 ) ;
#649 =( BOUNDED_CURVE ( )  B_SPLINE_CURVE ( 3, ( #7491, #4093, #6154, #8213 ),
 .UNSPECIFIED., .F., .T. ) 
 B_SPLINE_CURVE_WITH_KNOTS ( ( 4, 4 ),
 ( 1.570796326794896558, 3.141592653589793116 ),
 .UNSPECIFIED. ) 
 CURVE ( )  GEOMETRIC_REPRESENTATION_ITEM ( )  RATIONAL_B_SPLINE_CURVE ( ( 1.000000000000000000, 0.8047378541243649375, 0.8047378541243649375, 1.000000000000000000 ) ) 
 REPRESENTATION_ITEM ( '' )  );
#650 = DIRECTION ( 'NONE',  ( 0.000000000000000000, -0.9891347404802104393, -0.1470117858375531439 ) ) ;
#651 = ORIENTED_EDGE ( 'NONE', *, *, #3157, .T. ) ;
#652 = AXIS2_PLACEMENT_3D ( 'NONE', #6030, #7412, #5449 ) ;
#653 = ADVANCED_FACE ( 'NONE', ( #5718 ), #8450, .T. ) ;
#654 = DIRECTION ( 'NONE',  ( 1.000000000000000000, -0.000000000000000000, 0.000000000000000000 ) ) ;
#655 = DIRECTION ( 'NONE',  ( 0.000000000000000000, -1.000000000000000000, -1.548860246407863829E-16 ) ) ;
#656 = CARTESIAN_POINT ( 'NONE',  ( -29.49999999999999289, -14.39083285754249530, -16.50746879843895698 ) ) ;
#657 = ORIENTED_EDGE ( 'NONE', *, *, #6695, .F. ) ;
#658 = AXIS2_PLACEMENT_3D ( 'NONE', #4224, #2212, #805 ) ;
#659 = AXIS2_PLACEMENT_3D ( 'NONE', #219, #847, #2957 ) ;
#660 = ORIENTED_EDGE ( 'NONE', *, *, #6229, .F. ) ;
#661 = EDGE_LOOP ( 'NONE', ( #7769, #5340, #4700, #1579 ) ) ;
#662 = CIRCLE ( 'NONE', #2816, 1.000000000000000888 ) ;
#663 = CARTESIAN_POINT ( 'NONE',  ( 43.50000000000000000, 21.26954835153813761, 13.06073477817857942 ) ) ;
#664 = CARTESIAN_POINT ( 'NONE',  ( -24.44999999999998508, -57.75000000000002132, 13.19999999999999929 ) ) ;
#665 = EDGE_LOOP ( 'NONE', ( #6482, #4068, #2562, #7588 ) ) ;
#666 = EDGE_CURVE ( 'NONE', #2367, #3010, #4837, .T. ) ;
#667 = FACE_OUTER_BOUND ( 'NONE', #265, .T. ) ;
#668 =( GEOMETRIC_REPRESENTATION_CONTEXT ( 3 ) GLOBAL_UNCERTAINTY_ASSIGNED_CONTEXT ( ( #6741 ) ) GLOBAL_UNIT_ASSIGNED_CONTEXT ( ( #2048, #8698, #1281 ) ) REPRESENTATION_CONTEXT ( 'NONE', 'WORKASPACE' ) );
#669 = DIRECTION ( 'NONE',  ( -1.000000000000000000, 0.000000000000000000, 0.000000000000000000 ) ) ;
#670 = CIRCLE ( 'NONE', #1248, 2.999999999999999112 ) ;
#671 = CARTESIAN_POINT ( 'NONE',  ( 35.04999999999999005, -72.59034308050308937, 7.816719675994206362 ) ) ;
#672 = COLOUR_RGB ( '',0.7921568627450980005, 0.8196078431372548767, 0.9333333333333333481 ) ;
#673 = CARTESIAN_POINT ( 'NONE',  ( -50.50000000000002132, 64.78362978644214820, 4.500000000000000000 ) ) ;
#674 = DIRECTION ( 'NONE',  ( -0.7071067811865463515, -0.6994238825007538241, -0.1039530306800789256 ) ) ;
#675 = EDGE_CURVE ( 'NONE', #7116, #7318, #1319, .T. ) ;
#676 = CARTESIAN_POINT ( 'NONE',  ( 36.14999999999999147, -42.10972998914876797, -30.73259197620250305 ) ) ;
#677 = FACE_OUTER_BOUND ( 'NONE', #5019, .T. ) ;
#678 = DIRECTION ( 'NONE',  ( 0.000000000000000000, -0.9891347404802105503, -0.1470117858375536157 ) ) ;
#679 = AXIS2_PLACEMENT_3D ( 'NONE', #4561, #1144, #6633 ) ;
#680 =( GEOMETRIC_REPRESENTATION_CONTEXT ( 3 ) GLOBAL_UNCERTAINTY_ASSIGNED_CONTEXT ( ( #6823 ) ) GLOBAL_UNIT_ASSIGNED_CONTEXT ( ( #1326, #6857, #1862 ) ) REPRESENTATION_CONTEXT ( 'NONE', 'WORKASPACE' ) );
#681 = CARTESIAN_POINT ( 'NONE',  ( -19.19999999999997442, -60.25000000000004263, 13.19999999999999929 ) ) ;
#682 = DIRECTION ( 'NONE',  ( -0.000000000000000000, 0.9891347404802104393, 0.1470117858375538933 ) ) ;
#683 = DIRECTION ( 'NONE',  ( 0.000000000000000000, 0.9891347404802104393, 0.1470117858375539210 ) ) ;
#684 = PRESENTATION_LAYER_ASSIGNMENT (  '', '', ( #4565 ) ) ;
#685 = COLOUR_RGB ( '',0.4980392156862745168, 0.4980392156862745168, 0.4980392156862745168 ) ;
#686 = ORIENTED_EDGE ( 'NONE', *, *, #8542, .T. ) ;
#687 = EDGE_CURVE ( 'NONE', #4278, #1709, #4034, .T. ) ;
#688 = ORIENTED_EDGE ( 'NONE', *, *, #4275, .T. ) ;
#689 = CARTESIAN_POINT ( 'NONE',  ( 43.50000000000000000, 36.70005030302942117, 15.35411863724442227 ) ) ;
#690 = CARTESIAN_POINT ( 'NONE',  ( 50.50000000000000000, 67.25352227355837442, 4.500000000000000000 ) ) ;
#691 = PLANE ( 'NONE',  #495 ) ;
#692 = ORIENTED_EDGE ( 'NONE', *, *, #1483, .F. ) ;
#693 =( LENGTH_UNIT ( ) NAMED_UNIT ( * ) SI_UNIT ( .MILLI., .METRE. ) );
#694 = ORIENTED_EDGE ( 'NONE', *, *, #6721, .F. ) ;
#695 = EDGE_CURVE ( 'NONE', #449, #8322, #2671, .T. ) ;
#696 = FACE_OUTER_BOUND ( 'NONE', #4991, .T. ) ;
#697 = DIRECTION ( 'NONE',  ( 0.000000000000000000, -1.000000000000000000, 2.428612866367531115E-15 ) ) ;
#698 = CARTESIAN_POINT ( 'NONE',  ( 24.49999999999999645, -2.081668171172168513E-14, 13.87233320064247444 ) ) ;
#699 = AXIS2_PLACEMENT_3D ( 'NONE', #145, #8267, #5636 ) ;
#700 = ORIENTED_EDGE ( 'NONE', *, *, #2251, .F. ) ;
#701 = PLANE ( 'NONE',  #5838 ) ;
#702 = CARTESIAN_POINT ( 'NONE',  ( 34.00000000000000711, -42.64309606273687336, 11.14399693109549183 ) ) ;
#703 = LINE ( 'NONE', #4169, #4731 ) ;
#704 = ORIENTED_EDGE ( 'NONE', *, *, #4073, .F. ) ;
#705 = STYLED_ITEM ( 'NONE', ( #7054 ), #5347 ) ;
#706 = ORIENTED_EDGE ( 'NONE', *, *, #3887, .F. ) ;
#707 =( BOUNDED_CURVE ( )  B_SPLINE_CURVE ( 3, ( #1203, #5389, #8788, #8112 ),
 .UNSPECIFIED., .F., .T. ) 
 B_SPLINE_CURVE_WITH_KNOTS ( ( 4, 4 ),
 ( 4.712388980384689674, 7.853981633974482790 ),
 .UNSPECIFIED. ) 
 CURVE ( )  GEOMETRIC_REPRESENTATION_ITEM ( )  RATIONAL_B_SPLINE_CURVE ( ( 1.000000000000000000, 0.3333333333333333703, 0.3333333333333333703, 1.000000000000000000 ) ) 
 REPRESENTATION_ITEM ( '' )  );
#708 = ORIENTED_EDGE ( 'NONE', *, *, #2089, .T. ) ;
#709 = LINE ( 'NONE', #2687, #954 ) ;
#710 = PRODUCT_DEFINITION_CONTEXT ( 'detailed design', #6228, 'design' ) ;
#711 = CARTESIAN_POINT ( 'NONE',  ( 36.49999999999997868, 63.00000000000000000, -1.000000000000000000 ) ) ;
#712 = ORIENTED_EDGE ( 'NONE', *, *, #2645, .T. ) ;
#713 = CARTESIAN_POINT ( 'NONE',  ( 17.99999999999999645, 52.41275249741134701, 25.27182955008442278 ) ) ;
#714 = DIRECTION ( 'NONE',  ( 0.000000000000000000, 1.000000000000000000, -2.434699615406044823E-15 ) ) ;
#715 = MECHANICAL_DESIGN_GEOMETRIC_PRESENTATION_REPRESENTATION (  '', ( #142 ), #3298 ) ;
#716 = DIRECTION ( 'NONE',  ( 1.000000000000000000, 0.000000000000000000, 0.000000000000000000 ) ) ;
#717 = VERTEX_POINT ( 'NONE', #1954 ) ;
#718 = DIRECTION ( 'NONE',  ( 0.4800682928040087005, 0.3037233505279146040, 0.8229742162354433122 ) ) ;
#719 = VERTEX_POINT ( 'NONE', #742 ) ;
#720 = EDGE_CURVE ( 'NONE', #5326, #7011, #3060, .T. ) ;
#721 = EDGE_CURVE ( 'NONE', #8711, #1693, #2755, .T. ) ;
#722 = VECTOR ( 'NONE', #8540, 1000.000000000000000 ) ;
#723 = FILL_AREA_STYLE ('',( #4098 ) ) ;
#724 = SURFACE_STYLE_FILL_AREA ( #5408 ) ;
#725 = SURFACE_STYLE_FILL_AREA ( #2734 ) ;
#726 = FACE_OUTER_BOUND ( 'NONE', #3656, .T. ) ;
#727 = LINE ( 'NONE', #8174, #2464 ) ;
#728 = CARTESIAN_POINT ( 'NONE',  ( 30.00000000000000000, -43.46605013383988592, -30.93417729969613106 ) ) ;
#729 =( NAMED_UNIT ( * ) SI_UNIT ( $, .STERADIAN. ) SOLID_ANGLE_UNIT ( ) );
#730 = CIRCLE ( 'NONE', #5331, 2.024999999999999023 ) ;
#731 = FACE_OUTER_BOUND ( 'NONE', #597, .T. ) ;
#732 = DIRECTION ( 'NONE',  ( 0.000000000000000000, 0.000000000000000000, -1.000000000000000000 ) ) ;
#733 = EDGE_CURVE ( 'NONE', #6358, #2566, #6763, .T. ) ;
#734 = CARTESIAN_POINT ( 'NONE',  ( -33.64999999999999858, -44.27328119778358229, -2.042597028628136524 ) ) ;
#735 = VERTEX_POINT ( 'NONE', #7563 ) ;
#736 = ORIENTED_EDGE ( 'NONE', *, *, #432, .T. ) ;
#737 = CARTESIAN_POINT ( 'NONE',  ( 43.49999999999996447, 70.07371830673480417, 31.99999999999997868 ) ) ;
#738 = CARTESIAN_POINT ( 'NONE',  ( -40.99999999999999289, -61.00000000000004974, 8.415671739569701160 ) ) ;
#739 = SURFACE_STYLE_USAGE ( .BOTH. , #7561 ) ;
#740 = VERTEX_POINT ( 'NONE', #8284 ) ;
#741 =( GEOMETRIC_REPRESENTATION_CONTEXT ( 3 ) GLOBAL_UNCERTAINTY_ASSIGNED_CONTEXT ( ( #2062 ) ) GLOBAL_UNIT_ASSIGNED_CONTEXT ( ( #6485, #8405, #5767 ) ) REPRESENTATION_CONTEXT ( 'NONE', 'WORKASPACE' ) );
#742 = CARTESIAN_POINT ( 'NONE',  ( 16.19999999999999574, -56.50000000000004263, 1.000000000000000888 ) ) ;
#743 = ADVANCED_FACE ( 'NONE', ( #3394 ), #644, .F. ) ;
#744 = ORIENTED_EDGE ( 'NONE', *, *, #3139, .T. ) ;
#745 = LINE ( 'NONE', #5564, #4118 ) ;
#746 = AXIS2_PLACEMENT_3D ( 'NONE', #4885, #2140, #7124 ) ;
#747 = DIRECTION ( 'NONE',  ( -1.000000000000000000, -0.000000000000000000, -0.000000000000000000 ) ) ;
#748 =( NAMED_UNIT ( * ) SI_UNIT ( $, .STERADIAN. ) SOLID_ANGLE_UNIT ( ) );
#749 = VERTEX_POINT ( 'NONE', #6849 ) ;
#750 = CARTESIAN_POINT ( 'NONE',  ( 52.79999999999999005, 58.99999999999996447, 20.60000000000000497 ) ) ;
#751 = DIRECTION ( 'NONE',  ( -0.000000000000000000, -0.000000000000000000, -1.000000000000000000 ) ) ;
#752 = ORIENTED_EDGE ( 'NONE', *, *, #6217, .F. ) ;
#753 = EDGE_CURVE ( 'NONE', #1616, #3302, #8507, .T. ) ;
#754 = VECTOR ( 'NONE', #3513, 1000.000000000000000 ) ;
#755 = COLOUR_RGB ( '',0.7921568627450980005, 0.8196078431372548767, 0.9333333333333333481 ) ;
#756 = ORIENTED_EDGE ( 'NONE', *, *, #1168, .F. ) ;
#757 = ORIENTED_EDGE ( 'NONE', *, *, #4184, .T. ) ;
#758 = FACE_OUTER_BOUND ( 'NONE', #1167, .T. ) ;
#759 = CARTESIAN_POINT ( 'NONE',  ( -30.00000000000000711, -44.98889500829120180, 13.32281021062089721 ) ) ;
#760 = ORIENTED_EDGE ( 'NONE', *, *, #7571, .T. ) ;
#761 = SURFACE_STYLE_USAGE ( .BOTH. , #6244 ) ;
#762 = DIRECTION ( 'NONE',  ( 1.000000000000000000, -0.000000000000000000, 0.000000000000000000 ) ) ;
#763 = ORIENTED_EDGE ( 'NONE', *, *, #2775, .F. ) ;
#764 = CARTESIAN_POINT ( 'NONE',  ( 43.50000000000001421, -51.75735931288074454, -11.17725854553476772 ) ) ;
#765 =( BOUNDED_CURVE ( )  B_SPLINE_CURVE ( 3, ( #6714, #555, #4553, #7296 ),
 .UNSPECIFIED., .F., .T. ) 
 B_SPLINE_CURVE_WITH_KNOTS ( ( 4, 4 ),
 ( -7.105427357601001859E-15, 0.5176578790066619362 ),
 .UNSPECIFIED. ) 
 CURVE ( )  GEOMETRIC_REPRESENTATION_ITEM ( )  RATIONAL_B_SPLINE_CURVE ( ( 1.000000000000000000, 0.9777935815328785418, 0.9777935815328785418, 1.000000000000000000 ) ) 
 REPRESENTATION_ITEM ( '' )  );
#766 = ORIENTED_EDGE ( 'NONE', *, *, #1584, .T. ) ;
#767 = AXIS2_PLACEMENT_3D ( 'NONE', #2179, #959, #3622 ) ;
#768 = CARTESIAN_POINT ( 'NONE',  ( -43.50000000000000000, -61.00000000000003553, 10.19999999999998863 ) ) ;
#769 = CARTESIAN_POINT ( 'NONE',  ( -43.49999999999998579, -63.33090628401684086, 31.99999999999998579 ) ) ;
#770 = LINE ( 'NONE', #6879, #28 ) ;
#771 = ADVANCED_FACE ( 'NONE', ( #3490 ), #3345, .T. ) ;
#772 = DIRECTION ( 'NONE',  ( -9.912705577010325549E-17, 1.000000000000000000, -0.000000000000000000 ) ) ;
#773 = EDGE_CURVE ( 'NONE', #740, #8517, #2045, .T. ) ;
#774 = CARTESIAN_POINT ( 'NONE',  ( 50.49999999999999289, -73.00000000000002842, 0.000000000000000000 ) ) ;
#775 = DIRECTION ( 'NONE',  ( -1.000000000000000000, 0.000000000000000000, 0.000000000000000000 ) ) ;
#776 = FACE_OUTER_BOUND ( 'NONE', #2378, .T. ) ;
#777 = DIRECTION ( 'NONE',  ( 0.000000000000000000, 0.000000000000000000, 1.000000000000000000 ) ) ;
#778 = ORIENTED_EDGE ( 'NONE', *, *, #1448, .F. ) ;
#779 = EDGE_LOOP ( 'NONE', ( #6645, #8353, #2209, #7448 ) ) ;
#780 = ADVANCED_FACE ( 'NONE', ( #2142 ), #4886, .T. ) ;
#781 = DIRECTION ( 'NONE',  ( 1.000000000000000000, 5.437567252211899738E-16, 0.000000000000000000 ) ) ;
#782 = SURFACE_STYLE_FILL_AREA ( #2186 ) ;
#783 = ORIENTED_EDGE ( 'NONE', *, *, #8590, .T. ) ;
#784 = VECTOR ( 'NONE', #591, 1000.000000000000114 ) ;
#785 = DIRECTION ( 'NONE',  ( 0.000000000000000000, 0.9899786446783980232, -0.1412171486779216223 ) ) ;
#786 = ORIENTED_EDGE ( 'NONE', *, *, #3343, .T. ) ;
#787 = VECTOR ( 'NONE', #3508, 1000.000000000000000 ) ;
#788 = CARTESIAN_POINT ( 'NONE',  ( 38.65000000000000568, 45.03196838534457669, -24.98393301621148055 ) ) ;
#789 = FACE_OUTER_BOUND ( 'NONE', #3192, .T. ) ;
#790 = VERTEX_POINT ( 'NONE', #5025 ) ;
#791 = EDGE_CURVE ( 'NONE', #538, #2203, #7756, .T. ) ;
#792 = CARTESIAN_POINT ( 'NONE',  ( 35.49999999999993605, 52.04522303281746787, 27.74466640128494888 ) ) ;
#793 = FACE_OUTER_BOUND ( 'NONE', #3393, .T. ) ;
#794 = CARTESIAN_POINT ( 'NONE',  ( 31.00000000000000000, -44.98889500829118759, 13.32281021062089721 ) ) ;
#795 = ORIENTED_EDGE ( 'NONE', *, *, #8618, .F. ) ;
#796 = ORIENTED_EDGE ( 'NONE', *, *, #5478, .F. ) ;
#797 = PRESENTATION_LAYER_ASSIGNMENT (  '', '', ( #7826 ) ) ;
#798 = EDGE_LOOP ( 'NONE', ( #8164, #4354, #4522, #5129 ) ) ;
#799 = DIRECTION ( 'NONE',  ( 0.000000000000000000, 0.000000000000000000, 1.000000000000000000 ) ) ;
#800 = DIRECTION ( 'NONE',  ( 0.000000000000000000, 0.9899786446783979121, -0.1412171486779219554 ) ) ;
#801 = LINE ( 'NONE', #6959, #787 ) ;
#802 = EDGE_LOOP ( 'NONE', ( #5479, #5296, #8621, #7086 ) ) ;
#803 = CIRCLE ( 'NONE', #8256, 1.500000000000001998 ) ;
#804 = EDGE_CURVE ( 'NONE', #6374, #4172, #6410, .T. ) ;
#805 = DIRECTION ( 'NONE',  ( 0.000000000000000000, -0.05233595624294608284, -0.9986295347545738332 ) ) ;
#806 = DIRECTION ( 'NONE',  ( 0.000000000000000000, 0.9899786446783980232, -0.1412171486779214280 ) ) ;
#807 = ADVANCED_FACE ( 'NONE', ( #8469 ), #3679, .F. ) ;
#808 = FACE_OUTER_BOUND ( 'NONE', #8119, .T. ) ;
#809 = ORIENTED_EDGE ( 'NONE', *, *, #6141, .F. ) ;
#810 = VECTOR ( 'NONE', #5398, 1000.000000000000000 ) ;
#811 = CARTESIAN_POINT ( 'NONE',  ( 43.50000000000000000, -66.00000000000004263, 4.500000000000000000 ) ) ;
#812 = ORIENTED_EDGE ( 'NONE', *, *, #5643, .T. ) ;
#813 = CIRCLE ( 'NONE', #4988, 2.500000000000002220 ) ;
#814 = ITEM_DEFINED_TRANSFORMATION ( 'NONE', 'NONE', #7573,  #4566 ) ;
#815 = DIRECTION ( 'NONE',  ( 1.000000000000000000, 0.000000000000000000, 0.000000000000000000 ) ) ;
#816 = AXIS2_PLACEMENT_3D ( 'NONE', #1725, #6998, #7712 ) ;
#817 = CARTESIAN_POINT ( 'NONE',  ( -50.49999999999998579, -65.00000000000002842, 19.99999999999997868 ) ) ;
#818 = AXIS2_PLACEMENT_3D ( 'NONE', #2237, #6454, #7753 ) ;
#819 = FACE_OUTER_BOUND ( 'NONE', #493, .T. ) ;
#820 = CARTESIAN_POINT ( 'NONE',  ( 33.00000000000000000, -43.63223080321708380, 10.99698514525794835 ) ) ;
#821 = AXIS2_PLACEMENT_3D ( 'NONE', #8455, #4326, #2350 ) ;
#822 = FILL_AREA_STYLE_COLOUR ( '', #1195 ) ;
#823 = EDGE_CURVE ( 'NONE', #4404, #3266, #1602, .T. ) ;
#824 = ORIENTED_EDGE ( 'NONE', *, *, #4740, .T. ) ;
#825 =( LENGTH_UNIT ( ) NAMED_UNIT ( * ) SI_UNIT ( .MILLI., .METRE. ) );
#826 = CIRCLE ( 'NONE', #5992, 0.7500000000000006661 ) ;
#827 = VECTOR ( 'NONE', #8367, 1000.000000000000000 ) ;
#828 = LINE ( 'NONE', #4250, #3703 ) ;
#829 = DIRECTION ( 'NONE',  ( 0.000000000000000000, 2.434699615406044823E-15, 1.000000000000000000 ) ) ;
#830 = PLANE ( 'NONE',  #5777 ) ;
#831 = DIRECTION ( 'NONE',  ( -0.7071067811865472397, -0.7071067811865479058, 0.000000000000000000 ) ) ;
#832 = EDGE_CURVE ( 'NONE', #647, #4431, #5066, .T. ) ;
#833 = ADVANCED_FACE ( 'NONE', ( #2852 ), #251, .T. ) ;
#834 = ORIENTED_EDGE ( 'NONE', *, *, #8759, .F. ) ;
#835 = CARTESIAN_POINT ( 'NONE',  ( -50.04160096358580034, -67.75992545219810381, 19.99999999999997868 ) ) ;
#836 = CARTESIAN_POINT ( 'NONE',  ( 55.29999999999999716, -59.00000000000003553, 1.499999999999987566 ) ) ;
#837 = ORIENTED_EDGE ( 'NONE', *, *, #7326, .T. ) ;
#838 = FACE_OUTER_BOUND ( 'NONE', #8333, .T. ) ;
#839 = VECTOR ( 'NONE', #2924, 1000.000000000000000 ) ;
#840 = LINE ( 'NONE', #8338, #4370 ) ;
#841 = CARTESIAN_POINT ( 'NONE',  ( -2.500000000000000444, 62.15058174320375883, 31.79999999999997939 ) ) ;
#842 = ORIENTED_EDGE ( 'NONE', *, *, #4648, .F. ) ;
#843 = EDGE_LOOP ( 'NONE', ( #6197, #8166, #1241, #7045, #6808 ) ) ;
#844 = EDGE_CURVE ( 'NONE', #7947, #1099, #2991, .T. ) ;
#845 = VECTOR ( 'NONE', #4717, 1000.000000000000000 ) ;
#846 = ORIENTED_EDGE ( 'NONE', *, *, #4350, .F. ) ;
#847 = DIRECTION ( 'NONE',  ( -0.000000000000000000, -0.1412171486779217056, -0.9899786446783980232 ) ) ;
#848 = LINE ( 'NONE', #3507, #7607 ) ;
#849 = CARTESIAN_POINT ( 'NONE',  ( 38.65000000000000568, -44.27328119778358229, -2.042597028628136524 ) ) ;
#850 = ORIENTED_EDGE ( 'NONE', *, *, #3805, .T. ) ;
#851 = DIRECTION ( 'NONE',  ( 1.049727191138615121E-16, -0.9213095310110793745, -0.3888299732121290875 ) ) ;
#852 = ORIENTED_EDGE ( 'NONE', *, *, #8834, .T. ) ;
#853 = VECTOR ( 'NONE', #1114, 1000.000000000000000 ) ;
#854 = DIRECTION ( 'NONE',  ( -0.000000000000000000, -0.000000000000000000, 1.000000000000000000 ) ) ;
#855 = ORIENTED_EDGE ( 'NONE', *, *, #6502, .F. ) ;
#856 = EDGE_CURVE ( 'NONE', #6328, #5714, #5778, .T. ) ;
#857 = AXIS2_PLACEMENT_3D ( 'NONE', #3451, #4213, #4084 ) ;
#858 = LINE ( 'NONE', #4372, #4421 ) ;
#859 = CARTESIAN_POINT ( 'NONE',  ( 36.14999999999999147, -37.55971018293980279, -30.05633776134975577 ) ) ;
#860 = DIRECTION ( 'NONE',  ( 0.000000000000000000, -0.6352870048231626932, 0.7722761303464033000 ) ) ;
#861 = FACE_OUTER_BOUND ( 'NONE', #8692, .T. ) ;
#862 = DIRECTION ( 'NONE',  ( 0.000000000000000000, 0.000000000000000000, 1.000000000000000000 ) ) ;
#863 = LINE ( 'NONE', #6351, #7518 ) ;
#864 = LINE ( 'NONE', #5591, #1901 ) ;
#865 =( GEOMETRIC_REPRESENTATION_CONTEXT ( 3 ) GLOBAL_UNCERTAINTY_ASSIGNED_CONTEXT ( ( #2662 ) ) GLOBAL_UNIT_ASSIGNED_CONTEXT ( ( #8223, #4286, #2352 ) ) REPRESENTATION_CONTEXT ( 'NONE', 'WORKASPACE' ) );
#866 = CARTESIAN_POINT ( 'NONE',  ( -24.44999999999998508, -60.25000000000004974, 13.19999999999999929 ) ) ;
#867 = ADVANCED_FACE ( 'NONE', ( #7794 ), #1648, .T. ) ;
#868 =( LENGTH_UNIT ( ) NAMED_UNIT ( * ) SI_UNIT ( .MILLI., .METRE. ) );
#869 = UNCERTAINTY_MEASURE_WITH_UNIT (LENGTH_MEASURE( 1.000000000000000082E-05 ), #508, 'distance_accuracy_value', 'NONE');
#870 = ORIENTED_EDGE ( 'NONE', *, *, #6229, .T. ) ;
#871 = SURFACE_SIDE_STYLE ('',( #4244 ) ) ;
#872 = VECTOR ( 'NONE', #2292, 1000.000000000000000 ) ;
#873 = VERTEX_POINT ( 'NONE', #2896 ) ;
#874 = CARTESIAN_POINT ( 'NONE',  ( 45.04466517458415353, 71.45533482541580383, 29.35200255785565560 ) ) ;
#875 = DIRECTION ( 'NONE',  ( -2.775557561562890735E-17, -0.1470117858375538933, 0.9891347404802104393 ) ) ;
#876 = CARTESIAN_POINT ( 'NONE',  ( 38.65000000000000568, -45.69957439943059541, -12.04138133987996007 ) ) ;
#877 = CARTESIAN_POINT ( 'NONE',  ( 43.50000000000000711, -53.00000000000002132, -11.00000000000001066 ) ) ;
#878 = VERTEX_POINT ( 'NONE', #4298 ) ;
#879 = CARTESIAN_POINT ( 'NONE',  ( 46.49999999999998579, 65.99999999999998579, 0.8508893593264666988 ) ) ;
#880 = CARTESIAN_POINT ( 'NONE',  ( 33.00000000000000711, -36.54210695047839863, -29.90509479883324673 ) ) ;
#881 = DIRECTION ( 'NONE',  ( -0.000000000000000000, -0.000000000000000000, 1.000000000000000000 ) ) ;
#882 = ORIENTED_EDGE ( 'NONE', *, *, #3059, .T. ) ;
#883 = LINE ( 'NONE', #5073, #4412 ) ;
#884 = STYLED_ITEM ( 'NONE', ( #6203 ), #6937 ) ;
#885 = EDGE_CURVE ( 'NONE', #2347, #7059, #5650, .T. ) ;
#886 = DIRECTION ( 'NONE',  ( 0.000000000000000000, 0.9486832980505139901, 0.3162277660168375526 ) ) ;
#887 = DIRECTION ( 'NONE',  ( 0.000000000000000000, 0.9899786446783980232, -0.1412171486779214280 ) ) ;
#888 = EDGE_CURVE ( 'NONE', #4615, #3142, #3724, .T. ) ;
#889 = ORIENTED_EDGE ( 'NONE', *, *, #5572, .F. ) ;
#890 = ORIENTED_EDGE ( 'NONE', *, *, #7514, .F. ) ;
#891 =( GEOMETRIC_REPRESENTATION_CONTEXT ( 3 ) GLOBAL_UNCERTAINTY_ASSIGNED_CONTEXT ( ( #1052 ) ) GLOBAL_UNIT_ASSIGNED_CONTEXT ( ( #7249, #6627, #7332 ) ) REPRESENTATION_CONTEXT ( 'NONE', 'WORKASPACE' ) );
#892 = ORIENTED_EDGE ( 'NONE', *, *, #363, .F. ) ;
#893 = CARTESIAN_POINT ( 'NONE',  ( 50.49999999999998579, 65.99999999999995737, -1.000000000000000000 ) ) ;
#894 = PLANE ( 'NONE',  #8041 ) ;
#895 = SURFACE_STYLE_FILL_AREA ( #4487 ) ;
#896 = PLANE ( 'NONE',  #2666 ) ;
#897 = LINE ( 'NONE', #4319, #138 ) ;
#898 = EDGE_CURVE ( 'NONE', #2943, #7700, #5106, .T. ) ;
#899 = ORIENTED_EDGE ( 'NONE', *, *, #8214, .T. ) ;
#900 = VECTOR ( 'NONE', #332, 1000.000000000000114 ) ;
#901 = ORIENTED_EDGE ( 'NONE', *, *, #5037, .T. ) ;
#902 = CONTEXT_DEPENDENT_SHAPE_REPRESENTATION ( #7269, #2204 ) ;
#903 = ORIENTED_EDGE ( 'NONE', *, *, #3817, .T. ) ;
#904 = AXIS2_PLACEMENT_3D ( 'NONE', #8768, #8182, #8056 ) ;
#905 = VECTOR ( 'NONE', #8049, 1000.000000000000000 ) ;
#906 = DIRECTION ( 'NONE',  ( 0.000000000000000000, 0.9899786446783979121, -0.1412171486779219554 ) ) ;
#907 = CARTESIAN_POINT ( 'NONE',  ( 43.50000000000000000, 54.17689392746199673, 13.40221266432188862 ) ) ;
#908 = FACE_OUTER_BOUND ( 'NONE', #1612, .T. ) ;
#909 = ADVANCED_FACE ( 'NONE', ( #4202 ), #8375, .F. ) ;
#910 = PLANE ( 'NONE',  #2010 ) ;
#911 = CARTESIAN_POINT ( 'NONE',  ( -16.19999999999999574, -56.50000000000004263, 1.000000000000000888 ) ) ;
#912 = CARTESIAN_POINT ( 'NONE',  ( 46.49999999999998579, 70.00000000000000000, 1.499999999999906075 ) ) ;
#913 =( GEOMETRIC_REPRESENTATION_CONTEXT ( 3 ) GLOBAL_UNCERTAINTY_ASSIGNED_CONTEXT ( ( #64 ) ) GLOBAL_UNIT_ASSIGNED_CONTEXT ( ( #1171, #370, #7874 ) ) REPRESENTATION_CONTEXT ( 'NONE', 'WORKASPACE' ) );
#914 = DIRECTION ( 'NONE',  ( -0.000000000000000000, -0.9986295347545737222, 0.05233595624294713061 ) ) ;
#915 = FACE_OUTER_BOUND ( 'NONE', #7840, .T. ) ;
#916 = VERTEX_POINT ( 'NONE', #6943 ) ;
#917 = VECTOR ( 'NONE', #8293, 1000.000000000000000 ) ;
#918 =( NAMED_UNIT ( * ) PLANE_ANGLE_UNIT ( ) SI_UNIT ( $, .RADIAN. ) );
#919 = ORIENTED_EDGE ( 'NONE', *, *, #7616, .T. ) ;
#920 = SURFACE_STYLE_FILL_AREA ( #4470 ) ;
#921 = EDGE_CURVE ( 'NONE', #6420, #6287, #6993, .T. ) ;
#922 = DIRECTION ( 'NONE',  ( -0.000000000000000000, -0.000000000000000000, 1.000000000000000000 ) ) ;
#923 = ORIENTED_EDGE ( 'NONE', *, *, #5633, .F. ) ;
#924 = DIRECTION ( 'NONE',  ( 0.000000000000000000, -1.000000000000000000, 0.000000000000000000 ) ) ;
#925 = AXIS2_PLACEMENT_3D ( 'NONE', #876, #8373, #4785 ) ;
#926 = ORIENTED_EDGE ( 'NONE', *, *, #6985, .F. ) ;
#927 = DIRECTION ( 'NONE',  ( 1.000000000000000000, 0.000000000000000000, 0.000000000000000000 ) ) ;
#928 = LINE ( 'NONE', #4347, #4532 ) ;
#929 = ORIENTED_EDGE ( 'NONE', *, *, #230, .T. ) ;
#930 = VECTOR ( 'NONE', #1719, 1000.000000000000000 ) ;
#931 = FACE_BOUND ( 'NONE', #8660, .T. ) ;
#932 = DIRECTION ( 'NONE',  ( 0.000000000000000000, -0.8829475928589253231, 0.4694715627858938589 ) ) ;
#933 = ORIENTED_EDGE ( 'NONE', *, *, #8071, .F. ) ;
#934 = VERTEX_POINT ( 'NONE', #3536 ) ;
#935 = VECTOR ( 'NONE', #4040, 1000.000000000000000 ) ;
#936 = ADVANCED_FACE ( 'NONE', ( #6272 ), #2240, .F. ) ;
#937 = ORIENTED_EDGE ( 'NONE', *, *, #6695, .T. ) ;
#938 = ADVANCED_FACE ( 'NONE', ( #469 ), #5818, .T. ) ;
#939 = CARTESIAN_POINT ( 'NONE',  ( 39.19999999999998153, -48.61515718961152288, 31.89999999999998437 ) ) ;
#940 = FILL_AREA_STYLE ('',( #7773 ) ) ;
#941 = DIRECTION ( 'NONE',  ( 0.000000000000000000, 1.000000000000000000, -1.224646799147350742E-16 ) ) ;
#942 = CARTESIAN_POINT ( 'NONE',  ( 40.50000000000000000, -53.00000000000002132, -1.192081353202898958E-14 ) ) ;
#943 = ORIENTED_EDGE ( 'NONE', *, *, #6059, .T. ) ;
#944 = FILL_AREA_STYLE_COLOUR ( '', #6353 ) ;
#945 = VECTOR ( 'NONE', #4809, 1000.000000000000000 ) ;
#946 = ORIENTED_EDGE ( 'NONE', *, *, #823, .T. ) ;
#947 = VERTEX_POINT ( 'NONE', #7212 ) ;
#948 = EDGE_CURVE ( 'NONE', #3563, #318, #8596, .T. ) ;
#949 = VECTOR ( 'NONE', #851, 1000.000000000000000 ) ;
#950 = DIRECTION ( 'NONE',  ( 1.000000000000000000, 0.000000000000000000, 0.000000000000000000 ) ) ;
#951 = DIRECTION ( 'NONE',  ( 1.000000000000000000, 0.000000000000000000, 0.000000000000000000 ) ) ;
#952 = CARTESIAN_POINT ( 'NONE',  ( -17.99999999999999645, -56.50000000000006395, 9.084491678042198259 ) ) ;
#953 = DIRECTION ( 'NONE',  ( 0.000000000000000000, 3.083952846180990774E-16, -1.000000000000000000 ) ) ;
#954 = VECTOR ( 'NONE', #2013, 1000.000000000000114 ) ;
#955 = DIRECTION ( 'NONE',  ( -0.000000000000000000, -0.000000000000000000, 1.000000000000000000 ) ) ;
#956 = DIRECTION ( 'NONE',  ( 0.000000000000000000, 0.9899786446783980232, -0.1412171486779220109 ) ) ;
#957 = FACE_OUTER_BOUND ( 'NONE', #661, .T. ) ;
#958 = VECTOR ( 'NONE', #1823, 1000.000000000000227 ) ;
#959 = DIRECTION ( 'NONE',  ( -0.000000000000000000, -0.1412171486779217056, -0.9899786446783980232 ) ) ;
#960 = FILL_AREA_STYLE ('',( #5013 ) ) ;
#961 = CIRCLE ( 'NONE', #5981, 1.649999999999996136 ) ;
#962 = EDGE_CURVE ( 'NONE', #7861, #538, #7169, .T. ) ;
#963 = UNCERTAINTY_MEASURE_WITH_UNIT (LENGTH_MEASURE( 1.000000000000000082E-05 ), #3467, 'distance_accuracy_value', 'NONE');
#964 = ORIENTED_EDGE ( 'NONE', *, *, #303, .T. ) ;
#965 = CARTESIAN_POINT ( 'NONE',  ( -50.50000000000002132, 69.99999999999998579, 4.500000000000000000 ) ) ;
#966 = DIRECTION ( 'NONE',  ( 1.000000000000000000, 0.000000000000000000, 0.000000000000000000 ) ) ;
#967 = VERTEX_POINT ( 'NONE', #2490 ) ;
#968 = VECTOR ( 'NONE', #321, 1000.000000000000000 ) ;
#969 = SURFACE_SIDE_STYLE ('',( #5512 ) ) ;
#970 = DIRECTION ( 'NONE',  ( 0.000000000000000000, 0.000000000000000000, 1.000000000000000000 ) ) ;
#971 = DIRECTION ( 'NONE',  ( 1.810146235801888476E-15, -1.000000000000000000, 0.000000000000000000 ) ) ;
#972 = EDGE_CURVE ( 'NONE', #6460, #7948, #2578, .T. ) ;
#973 = AXIS2_PLACEMENT_3D ( 'NONE', #8147, #4695, #4652 ) ;
#974 = AXIS2_PLACEMENT_3D ( 'NONE', #1447, #4194, #558 ) ;
#975 = ORIENTED_EDGE ( 'NONE', *, *, #8676, .T. ) ;
#976 = CARTESIAN_POINT ( 'NONE',  ( -16.19999999999999218, 52.41275249741134701, 25.27182955008442278 ) ) ;
#977 = LINE ( 'NONE', #384, #8401 ) ;
#978 = VERTEX_POINT ( 'NONE', #3203 ) ;
#979 = CYLINDRICAL_SURFACE ( 'NONE', #5002, 3.000000000000002665 ) ;
#980 = CARTESIAN_POINT ( 'NONE',  ( 50.49999999999999289, -56.00000000000003553, 25.49999999999998579 ) ) ;
#981 = FACE_OUTER_BOUND ( 'NONE', #2330, .T. ) ;
#982 = CARTESIAN_POINT ( 'NONE',  ( 38.44999999999998153, -48.61515718961152288, 31.79999999999997939 ) ) ;
#983 = VERTEX_POINT ( 'NONE', #381 ) ;
#984 = MECHANICAL_DESIGN_GEOMETRIC_PRESENTATION_REPRESENTATION (  '', ( #3419 ), #8443 ) ;
#985 = ORIENTED_EDGE ( 'NONE', *, *, #2750, .F. ) ;
#986 = ADVANCED_FACE ( 'NONE', ( #1861 ), #6065, .F. ) ;
#987 = ORIENTED_EDGE ( 'NONE', *, *, #8463, .T. ) ;
#988 = CARTESIAN_POINT ( 'NONE',  ( -16.19999999999999574, -2.081668171172168513E-14, 13.87233320064247444 ) ) ;
#989 = LINE ( 'NONE', #359, #285 ) ;
#990 = VERTEX_POINT ( 'NONE', #6541 ) ;
#991 = VECTOR ( 'NONE', #7240, 1000.000000000000000 ) ;
#992 = EDGE_LOOP ( 'NONE', ( #2508, #4448, #3397, #3756 ) ) ;
#993 = ORIENTED_EDGE ( 'NONE', *, *, #3196, .T. ) ;
#994 = CARTESIAN_POINT ( 'NONE',  ( 38.65000000000000568, 45.08492481609879832, -24.61269102445708157 ) ) ;
#995 = CARTESIAN_POINT ( 'NONE',  ( 46.49999999999998579, 68.99999999999997158, 4.500000000000000000 ) ) ;
#996 =( GEOMETRIC_REPRESENTATION_CONTEXT ( 3 ) GLOBAL_UNCERTAINTY_ASSIGNED_CONTEXT ( ( #5459 ) ) GLOBAL_UNIT_ASSIGNED_CONTEXT ( ( #4819, #7110, #8539 ) ) REPRESENTATION_CONTEXT ( 'NONE', 'WORKASPACE' ) );
#997 = CARTESIAN_POINT ( 'NONE',  ( 26.44999999999998863, -60.25000000000002132, -30.80000000000000426 ) ) ;
#998 = ADVANCED_FACE ( 'NONE', ( #4510 ), #7925, .F. ) ;
#999 = CARTESIAN_POINT ( 'NONE',  ( 55.29999999999999716, 58.99999999999995737, 0.000000000000000000 ) ) ;
#1000 = EDGE_CURVE ( 'NONE', #5569, #3223, #5189, .T. ) ;
#1001 = DIRECTION ( 'NONE',  ( 1.000000000000000000, -0.000000000000000000, -0.000000000000000000 ) ) ;
#1002 = MANIFOLD_SOLID_BREP ( 'Cut-Extrude7', #5352 ) ;
#1003 = FACE_OUTER_BOUND ( 'NONE', #4987, .T. ) ;
#1004 = AXIS2_PLACEMENT_3D ( 'NONE', #5924, #7945, #4530 ) ;
#1005 = EDGE_LOOP ( 'NONE', ( #96, #3959 ) ) ;
#1006 =( NAMED_UNIT ( * ) SI_UNIT ( $, .STERADIAN. ) SOLID_ANGLE_UNIT ( ) );
#1007 = CYLINDRICAL_SURFACE ( 'NONE', #8841, 1.649999999999989031 ) ;
#1008 = ORIENTED_EDGE ( 'NONE', *, *, #252, .F. ) ;
#1009 = AXIS2_PLACEMENT_3D ( 'NONE', #8200, #2054, #8294 ) ;
#1010 = ADVANCED_FACE ( 'NONE', ( #6884 ), #3763, .F. ) ;
#1011 = DIRECTION ( 'NONE',  ( -1.000000000000000000, -1.374038396813312538E-16, 7.177941343240672855E-32 ) ) ;
#1012 = CARTESIAN_POINT ( 'NONE',  ( 30.00000000000000000, -2.909650240805693677, 19.57690752092294062 ) ) ;
#1013 = MANIFOLD_SOLID_BREP ( 'Cut-Extrude9', #7634 ) ;
#1014 =( GEOMETRIC_REPRESENTATION_CONTEXT ( 3 ) GLOBAL_UNCERTAINTY_ASSIGNED_CONTEXT ( ( #7507 ) ) GLOBAL_UNIT_ASSIGNED_CONTEXT ( ( #6838, #3258, #1871 ) ) REPRESENTATION_CONTEXT ( 'NONE', 'WORKASPACE' ) );
#1015 = ORIENTED_EDGE ( 'NONE', *, *, #5242, .F. ) ;
#1016 = CARTESIAN_POINT ( 'NONE',  ( 43.49999999999998579, -60.57133123440132749, 31.99999999999998579 ) ) ;
#1017 = VERTEX_POINT ( 'NONE', #4107 ) ;
#1018 = FACE_OUTER_BOUND ( 'NONE', #5845, .T. ) ;
#1019 = SURFACE_STYLE_USAGE ( .BOTH. , #1696 ) ;
#1020 = CARTESIAN_POINT ( 'NONE',  ( 31.69999999999998508, -66.00000000000001421, 13.19999999999999929 ) ) ;
#1021 = ADVANCED_FACE ( 'NONE', ( #6716 ), #4689, .F. ) ;
#1022 = VERTEX_POINT ( 'NONE', #5372 ) ;
#1023 = VECTOR ( 'NONE', #7809, 999.9999999999998863 ) ;
#1024 = ORIENTED_EDGE ( 'NONE', *, *, #4465, .T. ) ;
#1025 = VERTEX_POINT ( 'NONE', #2079 ) ;
#1026 = CYLINDRICAL_SURFACE ( 'NONE', #8422, 1.000000000000003997 ) ;
#1027 = CARTESIAN_POINT ( 'NONE',  ( -38.50000000000000000, 53.99999999999996447, 1.084202172485504434E-15 ) ) ;
#1028 = ORIENTED_EDGE ( 'NONE', *, *, #1899, .T. ) ;
#1029 = CARTESIAN_POINT ( 'NONE',  ( -19.19999999999997442, -60.25000000000004263, -6.331132676734938514 ) ) ;
#1030 = CARTESIAN_POINT ( 'NONE',  ( -19.19999999999997797, -62.77813748270445871, 10.67885464235211046 ) ) ;
#1031 = SURFACE_STYLE_FILL_AREA ( #8446 ) ;
#1032 = ADVANCED_FACE ( 'NONE', ( #6038 ), #7375, .F. ) ;
#1033 = AXIS2_PLACEMENT_3D ( 'NONE', #8809, #6671, #2743 ) ;
#1034 = ORIENTED_EDGE ( 'NONE', *, *, #1976, .F. ) ;
#1035 = ORIENTED_EDGE ( 'NONE', *, *, #8726, .T. ) ;
#1036 = CARTESIAN_POINT ( 'NONE',  ( 50.49999999999998579, 65.99999999999995737, 0.000000000000000000 ) ) ;
#1037 = DIRECTION ( 'NONE',  ( -0.000000000000000000, -0.1470117858375538933, 0.9891347404802104393 ) ) ;
#1038 = VECTOR ( 'NONE', #5492, 1000.000000000000000 ) ;
#1039 = DIRECTION ( 'NONE',  ( 0.000000000000000000, 0.000000000000000000, 1.000000000000000000 ) ) ;
#1040 = CARTESIAN_POINT ( 'NONE',  ( 50.49999999999999289, -59.00000000000003553, 0.000000000000000000 ) ) ;
#1041 = STYLED_ITEM ( 'NONE', ( #6803 ), #6734 ) ;
#1042 = CARTESIAN_POINT ( 'NONE',  ( 0.000000000000000000, 0.000000000000000000, 0.000000000000000000 ) ) ;
#1043 = CARTESIAN_POINT ( 'NONE',  ( -50.50000000000000000, -65.00000000000002842, 19.99999999999997513 ) ) ;
#1044 = EDGE_CURVE ( 'NONE', #3441, #7385, #3334, .T. ) ;
#1045 = CARTESIAN_POINT ( 'NONE',  ( 55.29999999999999716, 58.99999999999995737, 0.000000000000000000 ) ) ;
#1046 = VECTOR ( 'NONE', #4391, 1000.000000000000000 ) ;
#1047 = VERTEX_POINT ( 'NONE', #6078 ) ;
#1048 = FACE_OUTER_BOUND ( 'NONE', #6153, .T. ) ;
#1049 = DIRECTION ( 'NONE',  ( 0.000000000000000000, 0.000000000000000000, 1.000000000000000000 ) ) ;
#1050 = CARTESIAN_POINT ( 'NONE',  ( 26.25000000000000355, -25.57133123440134170, 20.00000000000000000 ) ) ;
#1051 = AXIS2_PLACEMENT_3D ( 'NONE', #5055, #3711, #4240 ) ;
#1052 = UNCERTAINTY_MEASURE_WITH_UNIT (LENGTH_MEASURE( 1.000000000000000082E-05 ), #7249, 'distance_accuracy_value', 'NONE');
#1053 = ORIENTED_EDGE ( 'NONE', *, *, #522, .F. ) ;
#1054 = ADVANCED_FACE ( 'NONE', ( #6797 ), #1401, .F. ) ;
#1055 = DIRECTION ( 'NONE',  ( 0.000000000000000000, -0.9891347404802104393, -0.1470117858375531439 ) ) ;
#1056 = ORIENTED_EDGE ( 'NONE', *, *, #8461, .F. ) ;
#1057 = CARTESIAN_POINT ( 'NONE',  ( -38.70000000000001705, 64.22866876559864124, 31.99999999999998579 ) ) ;
#1058 = LINE ( 'NONE', #7845, #1678 ) ;
#1059 = FACE_OUTER_BOUND ( 'NONE', #4753, .T. ) ;
#1060 = EDGE_LOOP ( 'NONE', ( #5960, #8783 ) ) ;
#1061 = VECTOR ( 'NONE', #4481, 1000.000000000000000 ) ;
#1062 = ORIENTED_EDGE ( 'NONE', *, *, #5987, .T. ) ;
#1063 = ORIENTED_EDGE ( 'NONE', *, *, #5758, .T. ) ;
#1064 = EDGE_CURVE ( 'NONE', #2503, #6904, #616, .T. ) ;
#1065 = FACE_BOUND ( 'NONE', #7711, .T. ) ;
#1066 = DIRECTION ( 'NONE',  ( -0.000000000000000000, -0.1412171486779217056, -0.9899786446783980232 ) ) ;
#1067 = ORIENTED_EDGE ( 'NONE', *, *, #4153, .T. ) ;
#1068 = CYLINDRICAL_SURFACE ( 'NONE', #6112, 2.500000000000002220 ) ;
#1069 = CARTESIAN_POINT ( 'NONE',  ( 35.04999999999999005, -72.12151163551486377, 14.85182430038964796 ) ) ;
#1070 = VERTEX_POINT ( 'NONE', #4191 ) ;
#1071 = PRESENTATION_LAYER_ASSIGNMENT (  '', '', ( #4956 ) ) ;
#1072 = ORIENTED_EDGE ( 'NONE', *, *, #844, .F. ) ;
#1073 = VERTEX_POINT ( 'NONE', #2230 ) ;
#1074 = EDGE_CURVE ( 'NONE', #3992, #68, #1486, .T. ) ;
#1075 = LINE ( 'NONE', #7281, #1235 ) ;
#1076 = COLOUR_RGB ( '',0.1019607843137254888, 0.1019607843137254888, 0.1019607843137254888 ) ;
#1077 = DIRECTION ( 'NONE',  ( 0.000000000000000000, 1.000000000000000000, -2.434699615406044823E-15 ) ) ;
#1078 = DIRECTION ( 'NONE',  ( -1.000000000000000000, 0.000000000000000000, 0.000000000000000000 ) ) ;
#1079 = LINE ( 'NONE', #7200, #2056 ) ;
#1080 =( GEOMETRIC_REPRESENTATION_CONTEXT ( 3 ) GLOBAL_UNCERTAINTY_ASSIGNED_CONTEXT ( ( #2234 ) ) GLOBAL_UNIT_ASSIGNED_CONTEXT ( ( #8614, #6519, #1542 ) ) REPRESENTATION_CONTEXT ( 'NONE', 'WORKASPACE' ) );
#1081 = AXIS2_PLACEMENT_3D ( 'NONE', #4769, #5452, #3125 ) ;
#1082 = EDGE_CURVE ( 'NONE', #3201, #7223, #2886, .T. ) ;
#1083 = AXIS2_PLACEMENT_3D ( 'NONE', #5444, #2017, #3560 ) ;
#1084 = DIRECTION ( 'NONE',  ( 0.000000000000000000, 0.9891347404802103283, 0.1470117858375538933 ) ) ;
#1085 = SURFACE_SIDE_STYLE ('',( #5059 ) ) ;
#1086 = MECHANICAL_DESIGN_GEOMETRIC_PRESENTATION_REPRESENTATION (  '', ( #8257 ), #4403 ) ;
#1087 = ORIENTED_EDGE ( 'NONE', *, *, #5868, .F. ) ;
#1088 = CARTESIAN_POINT ( 'NONE',  ( 43.50000000000000000, 53.02716314879945259, 4.132470535406115530 ) ) ;
#1089 = CARTESIAN_POINT ( 'NONE',  ( 38.69999999999996021, 67.22866876559864124, 31.99999999999998579 ) ) ;
#1090 = VECTOR ( 'NONE', #2604, 999.9999999999998863 ) ;
#1091 = CARTESIAN_POINT ( 'NONE',  ( 40.50000000000000000, -50.00000000000001421, -1.155618692349120047E-14 ) ) ;
#1092 = EDGE_LOOP ( 'NONE', ( #2555, #7091 ) ) ;
#1093 = ORIENTED_EDGE ( 'NONE', *, *, #1126, .T. ) ;
#1094 = AXIS2_PLACEMENT_3D ( 'NONE', #4612, #1198, #3946 ) ;
#1095 = DIRECTION ( 'NONE',  ( 0.000000000000000000, -0.000000000000000000, -1.000000000000000000 ) ) ;
#1096 = LINE ( 'NONE', #7974, #958 ) ;
#1097 = PLANE ( 'NONE',  #620 ) ;
#1098 = DIRECTION ( 'NONE',  ( 0.000000000000000000, -0.000000000000000000, 1.000000000000000000 ) ) ;
#1099 = VERTEX_POINT ( 'NONE', #4378 ) ;
#1100 = COLOUR_RGB ( '',0.2980392156862745057, 0.2980392156862745057, 0.2980392156862745057 ) ;
#1101 = EDGE_CURVE ( 'NONE', #4172, #598, #1446, .T. ) ;
#1102 = SURFACE_STYLE_USAGE ( .BOTH. , #3012 ) ;
#1103 = EDGE_CURVE ( 'NONE', #1693, #1197, #7072, .T. ) ;
#1104 = MECHANICAL_DESIGN_GEOMETRIC_PRESENTATION_REPRESENTATION (  '', ( #1545 ), #6995 ) ;
#1105 = ORIENTED_EDGE ( 'NONE', *, *, #2251, .T. ) ;
#1106 = EDGE_LOOP ( 'NONE', ( #1946, #6742, #5036, #7151 ) ) ;
#1107 = LINE ( 'NONE', #3863, #2401 ) ;
#1108 = DIRECTION ( 'NONE',  ( 0.000000000000000000, 0.9891347404802103283, 0.1470117858375538655 ) ) ;
#1109 = ORIENTED_EDGE ( 'NONE', *, *, #4628, .T. ) ;
#1110 = LINE ( 'NONE', #2383, #3831 ) ;
#1111 = VECTOR ( 'NONE', #8199, 999.9999999999998863 ) ;
#1112 = CIRCLE ( 'NONE', #1553, 3.000000000000002665 ) ;
#1113 = CARTESIAN_POINT ( 'NONE',  ( 50.49999999999999289, 55.99999999999995737, 22.50000000000000000 ) ) ;
#1114 = DIRECTION ( 'NONE',  ( -0.000000000000000000, -1.000000000000000000, -0.000000000000000000 ) ) ;
#1115 = ORIENTED_EDGE ( 'NONE', *, *, #1497, .F. ) ;
#1116 = EDGE_CURVE ( 'NONE', #1627, #2134, #241, .T. ) ;
#1117 = ORIENTED_EDGE ( 'NONE', *, *, #4699, .T. ) ;
#1118 = COLOUR_RGB ( '',0.2980392156862745057, 0.2980392156862745057, 0.2980392156862745057 ) ;
#1119 = MECHANICAL_DESIGN_GEOMETRIC_PRESENTATION_REPRESENTATION (  '', ( #8143 ), #4706 ) ;
#1120 = ORIENTED_EDGE ( 'NONE', *, *, #6765, .T. ) ;
#1121 = CARTESIAN_POINT ( 'NONE',  ( 42.70000000000000284, 59.19999999999998863, 0.000000000000000000 ) ) ;
#1122 = ORIENTED_EDGE ( 'NONE', *, *, #1711, .T. ) ;
#1123 = CARTESIAN_POINT ( 'NONE',  ( 36.54999999999998295, -72.28898669549229794, 11.65620978917501382 ) ) ;
#1124 = CARTESIAN_POINT ( 'NONE',  ( 0.000000000000000000, 0.000000000000000000, 4.500000000000000000 ) ) ;
#1125 = CARTESIAN_POINT ( 'NONE',  ( 2.500000000000000444, 62.15058174320375883, 31.79999999999997939 ) ) ;
#1126 = EDGE_CURVE ( 'NONE', #8793, #3178, #6448, .T. ) ;
#1127 = DIRECTION ( 'NONE',  ( 1.000000000000000000, 0.000000000000000000, 0.000000000000000000 ) ) ;
#1128 = FILL_AREA_STYLE ('',( #7291 ) ) ;
#1129 = CIRCLE ( 'NONE', #2431, 0.7500000000000006661 ) ;
#1130 = FACE_OUTER_BOUND ( 'NONE', #4266, .T. ) ;
#1131 = LINE ( 'NONE', #3329, #905 ) ;
#1132 = DIRECTION ( 'NONE',  ( -1.000000000000000000, 0.000000000000000000, 0.000000000000000000 ) ) ;
#1133 = CARTESIAN_POINT ( 'NONE',  ( 34.00000000000000711, -2.909650240805693677, 19.57690752092294062 ) ) ;
#1134 = EDGE_LOOP ( 'NONE', ( #1564, #2828, #3935, #8568 ) ) ;
#1135 = SPHERICAL_SURFACE ( 'NONE', #361, 4.000000000000000000 ) ;
#1136 = CARTESIAN_POINT ( 'NONE',  ( 38.65000000000000568, -47.70428115490435061, -11.75541661380716718 ) ) ;
#1137 = EDGE_CURVE ( 'NONE', #7765, #7509, #2320, .T. ) ;
#1138 = AXIS2_PLACEMENT_3D ( 'NONE', #6962, #2068, #2166 ) ;
#1139 = DIRECTION ( 'NONE',  ( -1.000000000000000000, 0.000000000000000000, 0.000000000000000000 ) ) ;
#1140 = UNCERTAINTY_MEASURE_WITH_UNIT (LENGTH_MEASURE( 1.000000000000000082E-05 ), #5445, 'distance_accuracy_value', 'NONE');
#1141 = ORIENTED_EDGE ( 'NONE', *, *, #3654, .F. ) ;
#1142 = SURFACE_STYLE_USAGE ( .BOTH. , #1311 ) ;
#1143 = VERTEX_POINT ( 'NONE', #1593 ) ;
#1144 = DIRECTION ( 'NONE',  ( 0.000000000000000000, 0.000000000000000000, 1.000000000000000000 ) ) ;
#1145 = CARTESIAN_POINT ( 'NONE',  ( 43.50000000000000000, 19.79943049316259973, 22.95208218298068559 ) ) ;
#1146 = DIRECTION ( 'NONE',  ( -5.437567252211899738E-16, -1.000000000000000000, -0.000000000000000000 ) ) ;
#1147 = PLANE ( 'NONE',  #4028 ) ;
#1148 = ORIENTED_EDGE ( 'NONE', *, *, #4386, .F. ) ;
#1149 = LINE ( 'NONE', #1194, #7924 ) ;
#1150 = VECTOR ( 'NONE', #7262, 1000.000000000000114 ) ;
#1151 = EDGE_LOOP ( 'NONE', ( #2960, #8705, #4357, #6775 ) ) ;
#1152 = ADVANCED_BREP_SHAPE_REPRESENTATION ( '', ( #6937, #1013, #3974, #7150, #1183, #4566 ), #3998 ) ;
#1153 = ORIENTED_EDGE ( 'NONE', *, *, #7704, .T. ) ;
#1154 = CARTESIAN_POINT ( 'NONE',  ( 35.04999999999999005, -72.37314886209486531, 11.96103224522568098 ) ) ;
#1155 = FACE_OUTER_BOUND ( 'NONE', #7146, .T. ) ;
#1156 = DIRECTION ( 'NONE',  ( 0.000000000000000000, 0.000000000000000000, 1.000000000000000000 ) ) ;
#1157 = VERTEX_POINT ( 'NONE', #1546 ) ;
#1158 = ADVANCED_FACE ( 'NONE', ( #2980 ), #7649, .T. ) ;
#1159 = ADVANCED_FACE ( 'NONE', ( #1499 ), #4290, .T. ) ;
#1160 = CARTESIAN_POINT ( 'NONE',  ( 35.49999999999993605, 55.49999999999997868, 4.500000000000000000 ) ) ;
#1161 = AXIS2_PLACEMENT_3D ( 'NONE', #7128, #6461, #7971 ) ;
#1162 = DIRECTION ( 'NONE',  ( 0.000000000000000000, -0.1412171486779212892, -0.9899786446783980232 ) ) ;
#1163 = DIRECTION ( 'NONE',  ( 1.000000000000000000, 0.000000000000000000, 0.000000000000000000 ) ) ;
#1164 = VERTEX_POINT ( 'NONE', #7602 ) ;
#1165 = ORIENTED_EDGE ( 'NONE', *, *, #6360, .F. ) ;
#1166 = DIRECTION ( 'NONE',  ( 1.000000000000000000, 0.000000000000000000, 0.000000000000000000 ) ) ;
#1167 = EDGE_LOOP ( 'NONE', ( #5837, #116, #5462, #651 ) ) ;
#1168 = EDGE_CURVE ( 'NONE', #6911, #6420, #3576, .T. ) ;
#1169 = CARTESIAN_POINT ( 'NONE',  ( 19.19999999999997442, -60.25000000000001421, -6.331132676734938514 ) ) ;
#1170 = CARTESIAN_POINT ( 'NONE',  ( -31.00000000000001066, -44.62136554369731556, 10.84997335942038532 ) ) ;
#1171 =( LENGTH_UNIT ( ) NAMED_UNIT ( * ) SI_UNIT ( .MILLI., .METRE. ) );
#1172 =( NAMED_UNIT ( * ) SI_UNIT ( $, .STERADIAN. ) SOLID_ANGLE_UNIT ( ) );
#1173 = COLOUR_RGB ( '',0.1019607843137254888, 0.1019607843137254888, 0.1019607843137254888 ) ;
#1174 = CIRCLE ( 'NONE', #2041, 4.000000000000003553 ) ;
#1175 = PLANE ( 'NONE',  #3845 ) ;
#1176 = EDGE_CURVE ( 'NONE', #4953, #3229, #1638, .T. ) ;
#1177 = DIRECTION ( 'NONE',  ( 0.000000000000000000, 0.000000000000000000, 1.000000000000000000 ) ) ;
#1178 = DIRECTION ( 'NONE',  ( 1.000000000000000000, 1.374038396813312538E-16, -0.000000000000000000 ) ) ;
#1179 = ORIENTED_EDGE ( 'NONE', *, *, #5427, .T. ) ;
#1180 = CARTESIAN_POINT ( 'NONE',  ( 22.69999999999999929, 55.49999999999997868, 4.500000000000000000 ) ) ;
#1181 = CARTESIAN_POINT ( 'NONE',  ( 38.44999999999998153, -48.61515718961152288, 31.79999999999997939 ) ) ;
#1182 = AXIS2_PLACEMENT_3D ( 'NONE', #7026, #6882, #732 ) ;
#1183 = MANIFOLD_SOLID_BREP ( 'Cut-Extrude10', #3913 ) ;
#1184 = EDGE_CURVE ( 'NONE', #581, #6374, #1388, .T. ) ;
#1185 = VECTOR ( 'NONE', #6318, 1000.000000000000114 ) ;
#1186 = CARTESIAN_POINT ( 'NONE',  ( 43.50000000000000000, 47.04179534978143806, 6.991664593661558236 ) ) ;
#1187 = ADVANCED_FACE ( 'NONE', ( #1003 ), #5895, .F. ) ;
#1188 = ORIENTED_EDGE ( 'NONE', *, *, #2218, .F. ) ;
#1189 = CARTESIAN_POINT ( 'NONE',  ( 35.04999999999999005, -72.12151163551486377, 14.85182430038964796 ) ) ;
#1190 = SURFACE_STYLE_FILL_AREA ( #2948 ) ;
#1191 = FACE_BOUND ( 'NONE', #5374, .T. ) ;
#1192 = CARTESIAN_POINT ( 'NONE',  ( -43.50000000000000000, 52.04522303281746787, 27.74466640128494888 ) ) ;
#1193 = VERTEX_POINT ( 'NONE', #3154 ) ;
#1194 = CARTESIAN_POINT ( 'NONE',  ( 38.44999999999998153, -51.11515718961152288, 31.79999999999997939 ) ) ;
#1195 = COLOUR_RGB ( '',0.4980392156862745168, 0.4980392156862745168, 0.4980392156862745168 ) ;
#1196 = ORIENTED_EDGE ( 'NONE', *, *, #5708, .F. ) ;
#1197 = VERTEX_POINT ( 'NONE', #1040 ) ;
#1198 = DIRECTION ( 'NONE',  ( -1.000000000000000000, 5.437567252211899738E-16, 0.000000000000000000 ) ) ;
#1199 = LINE ( 'NONE', #3947, #8047 ) ;
#1200 = LINE ( 'NONE', #6688, #935 ) ;
#1201 = EDGE_LOOP ( 'NONE', ( #688, #3262, #4295, #5351 ) ) ;
#1202 = COLOUR_RGB ( '',1.000000000000000000, 1.000000000000000000, 1.000000000000000000 ) ;
#1203 = CARTESIAN_POINT ( 'NONE',  ( -19.19999999999997442, -60.25000000000004263, 11.05460325471486449 ) ) ;
#1204 = CARTESIAN_POINT ( 'NONE',  ( -32.99999999999998579, -43.63223080321710512, 10.99698514525793414 ) ) ;
#1205 = EDGE_LOOP ( 'NONE', ( #4786, #224, #5305, #6193 ) ) ;
#1206 = EDGE_CURVE ( 'NONE', #8425, #8475, #7823, .T. ) ;
#1207 = EDGE_CURVE ( 'NONE', #1472, #2866, #1721, .T. ) ;
#1208 = VECTOR ( 'NONE', #7882, 1000.000000000000000 ) ;
#1209 = EDGE_LOOP ( 'NONE', ( #5339, #8820, #3299, #4320, #3694, #7636, #8248, #2910 ) ) ;
#1210 = LINE ( 'NONE', #4804, #810 ) ;
#1211 = ORIENTED_EDGE ( 'NONE', *, *, #6446, .T. ) ;
#1212 = CARTESIAN_POINT ( 'NONE',  ( -30.00000000000000711, -38.52037643143883372, -30.19911837050836922 ) ) ;
#1213 = LINE ( 'NONE', #8799, #4335 ) ;
#1214 = DIRECTION ( 'NONE',  ( -0.000000000000000000, -0.000000000000000000, 1.000000000000000000 ) ) ;
#1215 = CARTESIAN_POINT ( 'NONE',  ( 36.14999999999999147, -44.02822875979217798, 13.46559081977951600 ) ) ;
#1216 = ADVANCED_FACE ( 'NONE', ( #3839 ), #3882, .T. ) ;
#1217 = EDGE_CURVE ( 'NONE', #7403, #7473, #7289, .T. ) ;
#1218 = APPLICATION_PROTOCOL_DEFINITION ( 'draft international standard', 'automotive_design', 1998, #1465 ) ;
#1219 =( GEOMETRIC_REPRESENTATION_CONTEXT ( 3 ) GLOBAL_UNCERTAINTY_ASSIGNED_CONTEXT ( ( #6717 ) ) GLOBAL_UNIT_ASSIGNED_CONTEXT ( ( #3005, #7227, #3822 ) ) REPRESENTATION_CONTEXT ( 'NONE', 'WORKASPACE' ) );
#1220 = DIRECTION ( 'NONE',  ( -0.000000000000000000, -0.000000000000000000, -1.000000000000000000 ) ) ;
#1221 = FILL_AREA_STYLE_COLOUR ( '', #8291 ) ;
#1222 =( NAMED_UNIT ( * ) SI_UNIT ( $, .STERADIAN. ) SOLID_ANGLE_UNIT ( ) );
#1223 = ORIENTED_EDGE ( 'NONE', *, *, #1711, .F. ) ;
#1224 = DIRECTION ( 'NONE',  ( 0.000000000000000000, -0.000000000000000000, 1.000000000000000000 ) ) ;
#1225 = CARTESIAN_POINT ( 'NONE',  ( -36.15000000000000568, 49.18588027307566790, -17.16363098989343072 ) ) ;
#1226 = AXIS2_PLACEMENT_3D ( 'NONE', #8358, #4957, #906 ) ;
#1227 = PRESENTATION_STYLE_ASSIGNMENT (( #1941 ) ) ;
#1228 = EDGE_CURVE ( 'NONE', #538, #5610, #6620, .T. ) ;
#1229 = VECTOR ( 'NONE', #146, 999.9999999999998863 ) ;
#1230 = VERTEX_POINT ( 'NONE', #4467 ) ;
#1231 = VECTOR ( 'NONE', #8623, 1000.000000000000000 ) ;
#1232 = EDGE_LOOP ( 'NONE', ( #4899, #3544, #1949, #3101 ) ) ;
#1233 = SURFACE_SIDE_STYLE ('',( #599 ) ) ;
#1234 = LINE ( 'NONE', #8731, #5275 ) ;
#1235 = VECTOR ( 'NONE', #5846, 1000.000000000000000 ) ;
#1236 = CARTESIAN_POINT ( 'NONE',  ( 31.00000000000000000, -44.62136554369730845, 10.84997335942037822 ) ) ;
#1237 = ORIENTED_EDGE ( 'NONE', *, *, #7219, .F. ) ;
#1238 = SURFACE_STYLE_USAGE ( .BOTH. , #2502 ) ;
#1239 = EDGE_CURVE ( 'NONE', #6320, #7582, #1079, .T. ) ;
#1240 = AXIS2_PLACEMENT_3D ( 'NONE', #3082, #4515, #5825 ) ;
#1241 = ORIENTED_EDGE ( 'NONE', *, *, #1892, .F. ) ;
#1242 = MECHANICAL_DESIGN_GEOMETRIC_PRESENTATION_REPRESENTATION (  '', ( #6416 ), #668 ) ;
#1243 = EDGE_LOOP ( 'NONE', ( #2167, #2294, #542, #2459 ) ) ;
#1244 = DIRECTION ( 'NONE',  ( 1.000000000000000000, 0.000000000000000000, 0.000000000000000000 ) ) ;
#1245 = DIRECTION ( 'NONE',  ( 0.000000000000000000, -0.000000000000000000, -1.000000000000000000 ) ) ;
#1246 = DIRECTION ( 'NONE',  ( -1.000000000000000000, 0.000000000000000000, 0.000000000000000000 ) ) ;
#1247 = ORIENTED_EDGE ( 'NONE', *, *, #1074, .T. ) ;
#1248 = AXIS2_PLACEMENT_3D ( 'NONE', #4114, #6989, #114 ) ;
#1249 = DIRECTION ( 'NONE',  ( 0.000000000000000000, 0.000000000000000000, 1.000000000000000000 ) ) ;
#1250 = CARTESIAN_POINT ( 'NONE',  ( 34.00000000000000711, -36.54210695047839152, -29.90509479883325739 ) ) ;
#1251 = DIRECTION ( 'NONE',  ( 1.000000000000000000, 1.792995840802902192E-16, -0.000000000000000000 ) ) ;
#1252 = ORIENTED_EDGE ( 'NONE', *, *, #5740, .T. ) ;
#1253 = AXIS2_PLACEMENT_3D ( 'NONE', #587, #674, #4868 ) ;
#1254 = EDGE_CURVE ( 'NONE', #6091, #6587, #7914, .T. ) ;
#1255 = VERTEX_POINT ( 'NONE', #6531 ) ;
#1256 = EDGE_LOOP ( 'NONE', ( #1179, #6557, #4936, #269 ) ) ;
#1257 = LINE ( 'NONE', #5530, #1090 ) ;
#1258 = AXIS2_PLACEMENT_3D ( 'NONE', #1867, #5377, #5952 ) ;
#1259 = VECTOR ( 'NONE', #7697, 1000.000000000000000 ) ;
#1260 = ORIENTED_EDGE ( 'NONE', *, *, #3475, .F. ) ;
#1261 = FACE_OUTER_BOUND ( 'NONE', #8504, .T. ) ;
#1262 = DIRECTION ( 'NONE',  ( 0.000000000000000000, 0.9899786446783979121, -0.1412171486779218166 ) ) ;
#1263 = LINE ( 'NONE', #3964, #2851 ) ;
#1264 = DIRECTION ( 'NONE',  ( -1.000000000000000000, -1.374038396813312538E-16, 0.000000000000000000 ) ) ;
#1265 = MECHANICAL_DESIGN_GEOMETRIC_PRESENTATION_REPRESENTATION (  '', ( #3425 ), #2426 ) ;
#1266 = ADVANCED_FACE ( 'NONE', ( #5936 ), #1760, .T. ) ;
#1267 = DIRECTION ( 'NONE',  ( -0.000000000000000000, 1.000000000000000000, 0.000000000000000000 ) ) ;
#1268 = EDGE_CURVE ( 'NONE', #6432, #3296, #8003, .T. ) ;
#1269 = DIRECTION ( 'NONE',  ( 0.000000000000000000, -0.05233595624295107190, -0.9986295347545733891 ) ) ;
#1270 = FILL_AREA_STYLE ('',( #4064 ) ) ;
#1271 = PRESENTATION_LAYER_ASSIGNMENT (  '', '', ( #5024 ) ) ;
#1272 = ORIENTED_EDGE ( 'NONE', *, *, #3620, .T. ) ;
#1273 = EDGE_LOOP ( 'NONE', ( #3588, #2964, #2707, #4571 ) ) ;
#1274 = CARTESIAN_POINT ( 'NONE',  ( 38.65000000000000568, 41.76503885790588555, -24.51791642557434514 ) ) ;
#1275 = ADVANCED_FACE ( 'NONE', ( #7327 ), #6662, .T. ) ;
#1276 =( LENGTH_UNIT ( ) NAMED_UNIT ( * ) SI_UNIT ( .MILLI., .METRE. ) );
#1277 = ORIENTED_EDGE ( 'NONE', *, *, #8702, .F. ) ;
#1278 = VERTEX_POINT ( 'NONE', #1215 ) ;
#1279 = AXIS2_PLACEMENT_3D ( 'NONE', #1347, #7221, #6636 ) ;
#1280 = EDGE_LOOP ( 'NONE', ( #8217, #985, #3872, #5925 ) ) ;
#1281 =( NAMED_UNIT ( * ) SI_UNIT ( $, .STERADIAN. ) SOLID_ANGLE_UNIT ( ) );
#1282 = DIRECTION ( 'NONE',  ( 0.000000000000000000, -0.1470117858375538655, 0.9891347404802103283 ) ) ;
#1283 = CARTESIAN_POINT ( 'NONE',  ( 40.99999999999999289, 36.70005030302942117, 15.35411863724442227 ) ) ;
#1284 = ORIENTED_EDGE ( 'NONE', *, *, #7047, .F. ) ;
#1285 = ADVANCED_FACE ( 'NONE', ( #1298 ), #4719, .T. ) ;
#1286 = LINE ( 'NONE', #1250, #1551 ) ;
#1287 = CARTESIAN_POINT ( 'NONE',  ( -45.20000000000000284, 57.00000000000000000, 44.00000000000000711 ) ) ;
#1288 = EDGE_LOOP ( 'NONE', ( #496, #5334, #2766, #4539, #2253, #4002, #1165, #2746 ) ) ;
#1289 = VECTOR ( 'NONE', #5545, 1000.000000000000000 ) ;
#1290 = ORIENTED_EDGE ( 'NONE', *, *, #4003, .F. ) ;
#1291 = ORIENTED_EDGE ( 'NONE', *, *, #4236, .F. ) ;
#1292 = CARTESIAN_POINT ( 'NONE',  ( -33.64999999999999858, 43.19133205955289867, -14.51913211432252204 ) ) ;
#1293 = AXIS2_PLACEMENT_3D ( 'NONE', #3728, #7256, #3852 ) ;
#1294 = VERTEX_POINT ( 'NONE', #671 ) ;
#1295 = PLANE ( 'NONE',  #7558 ) ;
#1296 = EDGE_CURVE ( 'NONE', #4045, #1164, #3323, .T. ) ;
#1297 = CARTESIAN_POINT ( 'NONE',  ( 34.64999999999999147, -69.35617686809909799, 24.66873520263527197 ) ) ;
#1298 = FACE_OUTER_BOUND ( 'NONE', #8010, .T. ) ;
#1299 =( NAMED_UNIT ( * ) PLANE_ANGLE_UNIT ( ) SI_UNIT ( $, .RADIAN. ) );
#1300 = CARTESIAN_POINT ( 'NONE',  ( -50.49999999999999289, 72.99999999999997158, 0.000000000000000000 ) ) ;
#1301 = DIRECTION ( 'NONE',  ( 1.000000000000000000, 0.000000000000000000, 0.000000000000000000 ) ) ;
#1302 = FACE_OUTER_BOUND ( 'NONE', #5237, .T. ) ;
#1303 =( NAMED_UNIT ( * ) SI_UNIT ( $, .STERADIAN. ) SOLID_ANGLE_UNIT ( ) );
#1304 =( LENGTH_UNIT ( ) NAMED_UNIT ( * ) SI_UNIT ( .MILLI., .METRE. ) );
#1305 = MECHANICAL_DESIGN_GEOMETRIC_PRESENTATION_REPRESENTATION (  '', ( #4764 ), #891 ) ;
#1306 = PRESENTATION_STYLE_ASSIGNMENT (( #635 ) ) ;
#1307 = EDGE_CURVE ( 'NONE', #6436, #2566, #8168, .T. ) ;
#1308 = EDGE_CURVE ( 'NONE', #5785, #256, #5362, .T. ) ;
#1309 = UNCERTAINTY_MEASURE_WITH_UNIT (LENGTH_MEASURE( 1.000000000000000082E-05 ), #4784, 'distance_accuracy_value', 'NONE');
#1310 = ORIENTED_EDGE ( 'NONE', *, *, #4648, .T. ) ;
#1311 = SURFACE_SIDE_STYLE ('',( #7466 ) ) ;
#1312 = EDGE_LOOP ( 'NONE', ( #5710, #3049, #901, #4946 ) ) ;
#1313 = CARTESIAN_POINT ( 'NONE',  ( 17.99999999999999645, -56.50000000000004263, 1.000000000000000888 ) ) ;
#1314 = SURFACE_STYLE_USAGE ( .BOTH. , #7469 ) ;
#1315 = AXIS2_PLACEMENT_3D ( 'NONE', #2344, #1828, #8024 ) ;
#1316 = PRESENTATION_LAYER_ASSIGNMENT (  '', '', ( #5648 ) ) ;
#1317 = CARTESIAN_POINT ( 'NONE',  ( 24.44999999999998508, -57.74999999999999289, 13.19999999999999929 ) ) ;
#1318 = ORIENTED_EDGE ( 'NONE', *, *, #1731, .T. ) ;
#1319 = LINE ( 'NONE', #5382, #4355 ) ;
#1320 = ADVANCED_FACE ( 'NONE', ( #3421 ), #504, .F. ) ;
#1321 = STYLED_ITEM ( 'NONE', ( #7029 ), #6778 ) ;
#1322 = ORIENTED_EDGE ( 'NONE', *, *, #8816, .F. ) ;
#1323 = DIRECTION ( 'NONE',  ( 0.000000000000000000, 0.000000000000000000, 1.000000000000000000 ) ) ;
#1324 = DIRECTION ( 'NONE',  ( -0.000000000000000000, -0.1470117858375538933, 0.9891347404802104393 ) ) ;
#1325 = EDGE_LOOP ( 'NONE', ( #8148, #2377, #899, #539 ) ) ;
#1326 =( LENGTH_UNIT ( ) NAMED_UNIT ( * ) SI_UNIT ( .MILLI., .METRE. ) );
#1327 = LINE ( 'NONE', #2559, #2547 ) ;
#1328 = CARTESIAN_POINT ( 'NONE',  ( -40.99999999999999289, 47.03403421499648118, 0.000000000000000000 ) ) ;
#1329 = ORIENTED_EDGE ( 'NONE', *, *, #1892, .T. ) ;
#1330 =( GEOMETRIC_REPRESENTATION_CONTEXT ( 3 ) GLOBAL_UNCERTAINTY_ASSIGNED_CONTEXT ( ( #4301 ) ) GLOBAL_UNIT_ASSIGNED_CONTEXT ( ( #2744, #1902, #8226 ) ) REPRESENTATION_CONTEXT ( 'NONE', 'WORKASPACE' ) );
#1331 = ORIENTED_EDGE ( 'NONE', *, *, #7689, .F. ) ;
#1332 = ADVANCED_FACE ( 'NONE', ( #5984 ), #3282, .T. ) ;
#1333 = EDGE_LOOP ( 'NONE', ( #5526, #2863 ) ) ;
#1334 = VECTOR ( 'NONE', #7801, 1000.000000000000000 ) ;
#1335 = FACE_OUTER_BOUND ( 'NONE', #2640, .T. ) ;
#1336 = UNCERTAINTY_MEASURE_WITH_UNIT (LENGTH_MEASURE( 1.000000000000000082E-05 ), #3276, 'distance_accuracy_value', 'NONE');
#1337 = ORIENTED_EDGE ( 'NONE', *, *, #6525, .T. ) ;
#1338 = CARTESIAN_POINT ( 'NONE',  ( 38.69999999999996021, 67.22866876559864124, 31.89999999999998437 ) ) ;
#1339 = DIRECTION ( 'NONE',  ( -0.000000000000000000, -0.1412171486779217056, -0.9899786446783980232 ) ) ;
#1340 = CARTESIAN_POINT ( 'NONE',  ( 50.49999999999999289, -71.95184441433913491, 20.00000000000000000 ) ) ;
#1341 = EDGE_CURVE ( 'NONE', #2300, #6464, #6184, .T. ) ;
#1342 = DIRECTION ( 'NONE',  ( 1.000000000000000000, 0.000000000000000000, 0.000000000000000000 ) ) ;
#1343 = CARTESIAN_POINT ( 'NONE',  ( 34.00000000000000711, 47.76381921715436363, 24.58087415664790498 ) ) ;
#1344 = LINE ( 'NONE', #8804, #2407 ) ;
#1345 = PRESENTATION_STYLE_ASSIGNMENT (( #6834 ) ) ;
#1346 = CYLINDRICAL_SURFACE ( 'NONE', #3281, 4.149999999999994138 ) ;
#1347 = CARTESIAN_POINT ( 'NONE',  ( 50.49999999999998579, 69.99999999999998579, 4.500000000000000000 ) ) ;
#1348 = DIRECTION ( 'NONE',  ( 1.000000000000000000, 1.110223024625157033E-16, 0.000000000000000000 ) ) ;
#1349 = CARTESIAN_POINT ( 'NONE',  ( -46.50000000000002842, 65.99999999999997158, 0.000000000000000000 ) ) ;
#1350 = SURFACE_STYLE_USAGE ( .BOTH. , #8810 ) ;
#1351 = EDGE_CURVE ( 'NONE', #6889, #5791, #840, .T. ) ;
#1352 = VECTOR ( 'NONE', #1526, 1000.000000000000000 ) ;
#1353 = CARTESIAN_POINT ( 'NONE',  ( -28.99999999999999289, -49.56703924609836065, 10.11491443023260217 ) ) ;
#1354 = VERTEX_POINT ( 'NONE', #702 ) ;
#1355 = ORIENTED_EDGE ( 'NONE', *, *, #2118, .T. ) ;
#1356 = CARTESIAN_POINT ( 'NONE',  ( -50.50000000000002132, 66.20526680779795470, 0.2350889359325693539 ) ) ;
#1357 = COLOUR_RGB ( '',0.7921568627450980005, 0.8196078431372548767, 0.9333333333333333481 ) ;
#1358 = CARTESIAN_POINT ( 'NONE',  ( 52.79999999999999005, -58.95803989154984492, 21.09999999999996945 ) ) ;
#1359 = FILL_AREA_STYLE ('',( #2710 ) ) ;
#1360 = ORIENTED_EDGE ( 'NONE', *, *, #720, .T. ) ;
#1361 = CIRCLE ( 'NONE', #2086, 6.250000000000012434 ) ;
#1362 = MECHANICAL_DESIGN_GEOMETRIC_PRESENTATION_REPRESENTATION (  '', ( #5116 ), #2951 ) ;
#1363 = VECTOR ( 'NONE', #573, 1000.000000000000000 ) ;
#1364 = VERTEX_POINT ( 'NONE', #2764 ) ;
#1365 = CARTESIAN_POINT ( 'NONE',  ( 46.89999999999999858, 58.99999999999995737, 0.000000000000000000 ) ) ;
#1366 = DIRECTION ( 'NONE',  ( 0.000000000000000000, 0.000000000000000000, 1.000000000000000000 ) ) ;
#1367 = VERTEX_POINT ( 'NONE', #7668 ) ;
#1368 = AXIS2_PLACEMENT_3D ( 'NONE', #2867, #3505, #4220 ) ;
#1369 = CARTESIAN_POINT ( 'NONE',  ( 46.49999999999998579, 69.79473319220204530, 2.115800423393815688 ) ) ;
#1370 = EDGE_CURVE ( 'NONE', #7834, #2857, #5524, .T. ) ;
#1371 = CARTESIAN_POINT ( 'NONE',  ( 46.50000000000000000, -70.00000000000001421, 4.500000000000000000 ) ) ;
#1372 = DIRECTION ( 'NONE',  ( 0.000000000000000000, 0.9891347404802104393, 0.1470117858375538933 ) ) ;
#1373 = EDGE_CURVE ( 'NONE', #5619, #8831, #6950, .T. ) ;
#1374 = ORIENTED_EDGE ( 'NONE', *, *, #453, .T. ) ;
#1375 = AXIS2_PLACEMENT_3D ( 'NONE', #1512, #6369, #2291 ) ;
#1376 = EDGE_LOOP ( 'NONE', ( #4178, #7562, #4336, #8208, #5736, #2255, #5170, #8399 ) ) ;
#1377 = ORIENTED_EDGE ( 'NONE', *, *, #6059, .F. ) ;
#1378 = STYLED_ITEM ( 'NONE', ( #3341 ), #3610 ) ;
#1379 = DIRECTION ( 'NONE',  ( 0.000000000000000000, 0.6001650094319723738, -0.7998762163319524943 ) ) ;
#1380 = CARTESIAN_POINT ( 'NONE',  ( 36.14999999999999147, 43.08489116081717896, 23.88546074003531672 ) ) ;
#1381 = ORIENTED_EDGE ( 'NONE', *, *, #8037, .F. ) ;
#1382 = CYLINDRICAL_SURFACE ( 'NONE', #8414, 1.000000000000000000 ) ;
#1383 = PLANE ( 'NONE',  #4399 ) ;
#1384 = CARTESIAN_POINT ( 'NONE',  ( -33.64999999999999858, 45.40321037709898633, -25.03688944696570218 ) ) ;
#1385 = EDGE_CURVE ( 'NONE', #4610, #6825, #1420, .T. ) ;
#1386 = ORIENTED_EDGE ( 'NONE', *, *, #2653, .T. ) ;
#1387 = CARTESIAN_POINT ( 'NONE',  ( -38.50000000000000000, 47.93926320304693434, 3.475668713144481776E-16 ) ) ;
#1388 =( BOUNDED_CURVE ( )  B_SPLINE_CURVE ( 3, ( #8543, #5181, #7243, #7159 ),
 .UNSPECIFIED., .F., .T. ) 
 B_SPLINE_CURVE_WITH_KNOTS ( ( 4, 4 ),
 ( 4.712388980384689674, 7.853981633974482790 ),
 .UNSPECIFIED. ) 
 CURVE ( )  GEOMETRIC_REPRESENTATION_ITEM ( )  RATIONAL_B_SPLINE_CURVE ( ( 1.000000000000000000, 0.3333333333333333703, 0.3333333333333333703, 1.000000000000000000 ) ) 
 REPRESENTATION_ITEM ( '' )  );
#1389 = DIRECTION ( 'NONE',  ( 0.000000000000000000, 0.000000000000000000, 1.000000000000000000 ) ) ;
#1390 = VECTOR ( 'NONE', #6790, 1000.000000000000000 ) ;
#1391 = PRESENTATION_STYLE_ASSIGNMENT (( #4058 ) ) ;
#1392 = PLANE ( 'NONE',  #8131 ) ;
#1393 = SURFACE_STYLE_USAGE ( .BOTH. , #7546 ) ;
#1394 = CARTESIAN_POINT ( 'NONE',  ( 31.69999999999998508, -66.00000000000001421, -6.331132676734938514 ) ) ;
#1395 = ADVANCED_FACE ( 'NONE', ( #8384 ), #6326, .T. ) ;
#1396 = SURFACE_SIDE_STYLE ('',( #2532 ) ) ;
#1397 = DIRECTION ( 'NONE',  ( -0.000000000000000000, -0.1412171486779217056, -0.9899786446783980232 ) ) ;
#1398 = VECTOR ( 'NONE', #5668, 1000.000000000000000 ) ;
#1399 = DIRECTION ( 'NONE',  ( 1.000000000000000000, 0.000000000000000000, 0.000000000000000000 ) ) ;
#1400 = CARTESIAN_POINT ( 'NONE',  ( -36.15000000000000568, 42.71736169622329982, 26.35829759123583216 ) ) ;
#1401 = CYLINDRICAL_SURFACE ( 'NONE', #5083, 2.500000000000002220 ) ;
#1402 = UNCERTAINTY_MEASURE_WITH_UNIT (LENGTH_MEASURE( 1.000000000000000082E-05 ), #7932, 'distance_accuracy_value', 'NONE');
#1403 = ORIENTED_EDGE ( 'NONE', *, *, #1239, .T. ) ;
#1404 = DIRECTION ( 'NONE',  ( 1.000000000000000000, 0.000000000000000000, 0.000000000000000000 ) ) ;
#1405 = ORIENTED_EDGE ( 'NONE', *, *, #7896, .T. ) ;
#1406 =( NAMED_UNIT ( * ) PLANE_ANGLE_UNIT ( ) SI_UNIT ( $, .RADIAN. ) );
#1407 = ADVANCED_FACE ( 'NONE', ( #793 ), #2099, .F. ) ;
#1408 = CARTESIAN_POINT ( 'NONE',  ( -32.99999999999998579, 48.75295395763455275, 24.72788594248546445 ) ) ;
#1409 = CARTESIAN_POINT ( 'NONE',  ( 34.00000000000000711, 36.70005030302942117, 15.35411863724442227 ) ) ;
#1410 = VERTEX_POINT ( 'NONE', #3641 ) ;
#1411 = CIRCLE ( 'NONE', #6300, 5.000000000000011546 ) ;
#1412 = DIRECTION ( 'NONE',  ( -2.775557561562890735E-17, -0.1470117858375538933, 0.9891347404802104393 ) ) ;
#1413 = VERTEX_POINT ( 'NONE', #1516 ) ;
#1414 = CYLINDRICAL_SURFACE ( 'NONE', #2104, 0.7500000000000006661 ) ;
#1415 = DIRECTION ( 'NONE',  ( 0.000000000000000000, 0.000000000000000000, 1.000000000000000000 ) ) ;
#1416 = DIRECTION ( 'NONE',  ( 0.000000000000000000, 1.000000000000000000, 1.548860246407863829E-16 ) ) ;
#1417 = CIRCLE ( 'NONE', #6592, 1.000000000000003997 ) ;
#1418 = VERTEX_POINT ( 'NONE', #5658 ) ;
#1419 = CARTESIAN_POINT ( 'NONE',  ( -32.99999999999999289, 53.86480832941283836, -16.46821757328083180 ) ) ;
#1420 = LINE ( 'NONE', #2904, #5088 ) ;
#1421 = LINE ( 'NONE', #656, #3598 ) ;
#1422 = ORIENTED_EDGE ( 'NONE', *, *, #2511, .F. ) ;
#1423 = VECTOR ( 'NONE', #6477, 1000.000000000000227 ) ;
#1424 = VERTEX_POINT ( 'NONE', #4894 ) ;
#1425 = EDGE_CURVE ( 'NONE', #6148, #3266, #1567, .T. ) ;
#1426 = EDGE_LOOP ( 'NONE', ( #8286, #2493, #657, #5089 ) ) ;
#1427 = ADVANCED_FACE ( 'NONE', ( #4846, #2248, #6283, #7574, #4308 ), #4168, .F. ) ;
#1428 = CARTESIAN_POINT ( 'NONE',  ( -39.00000000000002132, 62.99999999999997158, 0.000000000000000000 ) ) ;
#1429 = DIRECTION ( 'NONE',  ( 0.000000000000000000, 0.9891347404802104393, 0.1470117858375534770 ) ) ;
#1430 = EDGE_LOOP ( 'NONE', ( #4293, #8028, #8823, #6873 ) ) ;
#1431 = FACE_BOUND ( 'NONE', #5210, .T. ) ;
#1432 = ORIENTED_EDGE ( 'NONE', *, *, #7689, .T. ) ;
#1433 = DIRECTION ( 'NONE',  ( -0.000000000000000000, 0.000000000000000000, 1.000000000000000000 ) ) ;
#1434 = ORIENTED_EDGE ( 'NONE', *, *, #3887, .T. ) ;
#1435 = CIRCLE ( 'NONE', #3304, 1.649999999999982148 ) ;
#1436 = EDGE_CURVE ( 'NONE', #4794, #7232, #6795, .T. ) ;
#1437 = CARTESIAN_POINT ( 'NONE',  ( 24.44999999999998508, -57.74999999999999289, -30.80000000000000426 ) ) ;
#1438 = FILL_AREA_STYLE ('',( #1538 ) ) ;
#1439 = LINE ( 'NONE', #2075, #6210 ) ;
#1440 = LINE ( 'NONE', #4771, #4712 ) ;
#1441 = PRESENTATION_STYLE_ASSIGNMENT (( #7597 ) ) ;
#1442 = VECTOR ( 'NONE', #5164, 1000.000000000000000 ) ;
#1443 = DIRECTION ( 'NONE',  ( -0.000000000000000000, -0.1470117858375538933, 0.9891347404802104393 ) ) ;
#1444 = DIRECTION ( 'NONE',  ( 0.7071067811865456854, 0.7000206128819647100, -0.09985560344998756221 ) ) ;
#1445 = CARTESIAN_POINT ( 'NONE',  ( 34.00000000000000711, 3.558868336046677960, -23.94502106020632226 ) ) ;
#1446 = LINE ( 'NONE', #196, #1912 ) ;
#1447 = CARTESIAN_POINT ( 'NONE',  ( -25.44999999999998508, -60.25000000000004263, 13.19999999999999929 ) ) ;
#1448 = EDGE_CURVE ( 'NONE', #4995, #7907, #6232, .T. ) ;
#1449 = ORIENTED_EDGE ( 'NONE', *, *, #6864, .T. ) ;
#1450 = FILL_AREA_STYLE_COLOUR ( '', #6922 ) ;
#1451 = ORIENTED_EDGE ( 'NONE', *, *, #6362, .F. ) ;
#1452 = DIRECTION ( 'NONE',  ( 0.000000000000000000, 0.000000000000000000, 1.000000000000000000 ) ) ;
#1453 = CARTESIAN_POINT ( 'NONE',  ( 43.49999999999998579, 72.99999999999997158, -1.000000000000000000 ) ) ;
#1454 = CARTESIAN_POINT ( 'NONE',  ( -31.69999999999999929, -60.25000000000004263, 11.05460325471486982 ) ) ;
#1455 = ORIENTED_EDGE ( 'NONE', *, *, #2478, .T. ) ;
#1456 = VECTOR ( 'NONE', #3833, 999.9999999999998863 ) ;
#1457 = CARTESIAN_POINT ( 'NONE',  ( 36.14999999999999147, 42.71736169622329982, 26.35829759123583216 ) ) ;
#1458 = EDGE_CURVE ( 'NONE', #6432, #523, #5705, .T. ) ;
#1459 = EDGE_CURVE ( 'NONE', #8163, #2967, #7001, .T. ) ;
#1460 = VERTEX_POINT ( 'NONE', #7522 ) ;
#1461 = CARTESIAN_POINT ( 'NONE',  ( -49.76914160772095386, -68.41357787117109979, 19.99999999999997868 ) ) ;
#1462 = CLOSED_SHELL ( 'NONE', ( #7317, #3750, #2587, #550, #6107, #3242, #4578, #1332, #1159, #6263, #6301 ) ) ;
#1463 = CARTESIAN_POINT ( 'NONE',  ( -31.45000000000002061, -62.75000000000007105, 8.155575096830393278 ) ) ;
#1464 = ORIENTED_EDGE ( 'NONE', *, *, #617, .T. ) ;
#1465 = APPLICATION_CONTEXT ( 'automotive_design' ) ;
#1466 = CARTESIAN_POINT ( 'NONE',  ( 36.49999999999999289, -58.00000000000002132, 0.000000000000000000 ) ) ;
#1467 = CARTESIAN_POINT ( 'NONE',  ( -17.99999999999999645, -57.50000000000004263, -7.347880794884100015E-16 ) ) ;
#1468 = DIRECTION ( 'NONE',  ( -0.000000000000000000, -0.1412171486779217056, -0.9899786446783980232 ) ) ;
#1469 = VERTEX_POINT ( 'NONE', #1371 ) ;
#1470 = VECTOR ( 'NONE', #8323, 1000.000000000000000 ) ;
#1471 = ORIENTED_EDGE ( 'NONE', *, *, #7551, .F. ) ;
#1472 = VERTEX_POINT ( 'NONE', #1467 ) ;
#1473 = DIRECTION ( 'NONE',  ( 0.000000000000000000, 1.000000000000000000, 0.000000000000000000 ) ) ;
#1474 = CARTESIAN_POINT ( 'NONE',  ( 45.03700832167759671, 71.46299167832233934, 29.28719652508695148 ) ) ;
#1475 = CARTESIAN_POINT ( 'NONE',  ( 41.73223304703362402, 45.29323564352954890, 6.731782016961362025 ) ) ;
#1476 = ORIENTED_EDGE ( 'NONE', *, *, #7444, .T. ) ;
#1477 = LINE ( 'NONE', #270, #1398 ) ;
#1478 = VECTOR ( 'NONE', #3120, 1000.000000000000114 ) ;
#1479 = FACE_OUTER_BOUND ( 'NONE', #8341, .T. ) ;
#1480 = DIRECTION ( 'NONE',  ( 0.000000000000000000, 0.9899786446783979121, -0.1412171486779218166 ) ) ;
#1481 = DIRECTION ( 'NONE',  ( 0.000000000000000000, 0.000000000000000000, -1.000000000000000000 ) ) ;
#1482 = ORIENTED_EDGE ( 'NONE', *, *, #7463, .F. ) ;
#1483 = EDGE_CURVE ( 'NONE', #364, #5921, #82, .T. ) ;
#1484 = ADVANCED_FACE ( 'NONE', ( #4212, #981 ), #8645, .T. ) ;
#1485 = DIRECTION ( 'NONE',  ( -0.000000000000000000, 0.000000000000000000, 1.000000000000000000 ) ) ;
#1486 = CIRCLE ( 'NONE', #767, 2.024999999999999023 ) ;
#1487 = APPLICATION_PROTOCOL_DEFINITION ( 'draft international standard', 'automotive_design', 1998, #2233 ) ;
#1488 = DIRECTION ( 'NONE',  ( -0.000000000000000000, -0.1412171486779217056, -0.9899786446783980232 ) ) ;
#1489 = CARTESIAN_POINT ( 'NONE',  ( 22.69999999999999929, 0.000000000000000000, 4.500000000000000000 ) ) ;
#1490 = DIRECTION ( 'NONE',  ( 2.059050306258300340E-15, -1.000000000000000000, 0.000000000000000000 ) ) ;
#1491 = DIRECTION ( 'NONE',  ( 5.551115123125783935E-17, -1.000000000000000000, 0.000000000000000000 ) ) ;
#1492 = FACE_OUTER_BOUND ( 'NONE', #7028, .T. ) ;
#1493 = AXIS2_PLACEMENT_3D ( 'NONE', #5113, #3129, #3732 ) ;
#1494 = FACE_OUTER_BOUND ( 'NONE', #7926, .T. ) ;
#1495 = EDGE_CURVE ( 'NONE', #4437, #3698, #3770, .T. ) ;
#1496 = PRESENTATION_STYLE_ASSIGNMENT (( #7646 ) ) ;
#1497 = EDGE_CURVE ( 'NONE', #7939, #6094, #7661, .T. ) ;
#1498 = DIRECTION ( 'NONE',  ( 1.000000000000000000, 9.912705577010325549E-17, -0.000000000000000000 ) ) ;
#1499 = FACE_OUTER_BOUND ( 'NONE', #218, .T. ) ;
#1500 =( NAMED_UNIT ( * ) PLANE_ANGLE_UNIT ( ) SI_UNIT ( $, .RADIAN. ) );
#1501 = AXIS2_PLACEMENT_3D ( 'NONE', #6006, #5422, #3301 ) ;
#1502 = ORIENTED_EDGE ( 'NONE', *, *, #7474, .F. ) ;
#1503 = FILL_AREA_STYLE ('',( #1450 ) ) ;
#1504 = PRESENTATION_STYLE_ASSIGNMENT (( #5510 ) ) ;
#1505 = DIRECTION ( 'NONE',  ( -0.000000000000000000, 0.000000000000000000, 1.000000000000000000 ) ) ;
#1506 = LINE ( 'NONE', #1409, #3804 ) ;
#1507 = EDGE_CURVE ( 'NONE', #2876, #6641, #5751, .T. ) ;
#1508 = ORIENTED_EDGE ( 'NONE', *, *, #5558, .F. ) ;
#1509 = CARTESIAN_POINT ( 'NONE',  ( 43.50000000000000000, 36.70005030302942117, 15.35411863724442227 ) ) ;
#1510 = ORIENTED_EDGE ( 'NONE', *, *, #150, .F. ) ;
#1511 = VECTOR ( 'NONE', #3309, 1000.000000000000000 ) ;
#1512 = CARTESIAN_POINT ( 'NONE',  ( 38.50000000000000000, -61.00000000000006395, 1.485166765397688731E-13 ) ) ;
#1513 = PLANE ( 'NONE',  #3532 ) ;
#1514 = VERTEX_POINT ( 'NONE', #5032 ) ;
#1515 = CARTESIAN_POINT ( 'NONE',  ( 38.65000000000000568, 43.39850362162523112, -24.75092472089291107 ) ) ;
#1516 = CARTESIAN_POINT ( 'NONE',  ( -26.25000000000000355, -65.57133123440134170, 21.00000000000000000 ) ) ;
#1517 = CARTESIAN_POINT ( 'NONE',  ( 38.50000000000000000, -63.50000000000004263, 0.000000000000000000 ) ) ;
#1518 = EDGE_CURVE ( 'NONE', #1709, #1910, #6080, .T. ) ;
#1519 = ORIENTED_EDGE ( 'NONE', *, *, #8738, .F. ) ;
#1520 = PRESENTATION_LAYER_ASSIGNMENT (  '', '', ( #1827 ) ) ;
#1521 = ORIENTED_EDGE ( 'NONE', *, *, #8639, .T. ) ;
#1522 =( GEOMETRIC_REPRESENTATION_CONTEXT ( 3 ) GLOBAL_UNCERTAINTY_ASSIGNED_CONTEXT ( ( #4583 ) ) GLOBAL_UNIT_ASSIGNED_CONTEXT ( ( #1535, #2970, #7152 ) ) REPRESENTATION_CONTEXT ( 'NONE', 'WORKASPACE' ) );
#1523 = ORIENTED_EDGE ( 'NONE', *, *, #8378, .T. ) ;
#1524 = FACE_OUTER_BOUND ( 'NONE', #1280, .T. ) ;
#1525 = DIRECTION ( 'NONE',  ( 0.000000000000000000, 0.000000000000000000, 1.000000000000000000 ) ) ;
#1526 = DIRECTION ( 'NONE',  ( -0.000000000000000000, 2.434699615406044823E-15, 1.000000000000000000 ) ) ;
#1527 = ORIENTED_EDGE ( 'NONE', *, *, #1925, .T. ) ;
#1528 = AXIS2_PLACEMENT_3D ( 'NONE', #7943, #445, #2341 ) ;
#1529 = PLANE ( 'NONE',  #2961 ) ;
#1530 = CARTESIAN_POINT ( 'NONE',  ( 36.14999999999999147, 42.71736169622329982, 26.35829759123583216 ) ) ;
#1531 = EDGE_CURVE ( 'NONE', #3689, #7171, #5871, .T. ) ;
#1532 = ORIENTED_EDGE ( 'NONE', *, *, #4998, .T. ) ;
#1533 = ORIENTED_EDGE ( 'NONE', *, *, #502, .T. ) ;
#1534 = PRESENTATION_LAYER_ASSIGNMENT (  '', '', ( #6561 ) ) ;
#1535 =( LENGTH_UNIT ( ) NAMED_UNIT ( * ) SI_UNIT ( .MILLI., .METRE. ) );
#1536 = AXIS2_PLACEMENT_3D ( 'NONE', #2463, #5877, #6642 ) ;
#1537 = DIRECTION ( 'NONE',  ( 1.000000000000000000, -1.084202172485504434E-16, -1.291483996899921759E-32 ) ) ;
#1538 = FILL_AREA_STYLE_COLOUR ( '', #1357 ) ;
#1539 = DIRECTION ( 'NONE',  ( 0.000000000000000000, -0.05233595624294853227, -0.9986295347545736112 ) ) ;
#1540 = CARTESIAN_POINT ( 'NONE',  ( -41.70000000000002416, 64.22866876559862703, 31.89999999999998437 ) ) ;
#1541 = VECTOR ( 'NONE', #2039, 1000.000000000000000 ) ;
#1542 =( NAMED_UNIT ( * ) SI_UNIT ( $, .STERADIAN. ) SOLID_ANGLE_UNIT ( ) );
#1543 = DIRECTION ( 'NONE',  ( 0.000000000000000000, -1.000000000000000000, -1.215422028459298757E-16 ) ) ;
#1544 = FACE_OUTER_BOUND ( 'NONE', #1426, .T. ) ;
#1545 = STYLED_ITEM ( 'NONE', ( #4627 ), #8570 ) ;
#1546 = CARTESIAN_POINT ( 'NONE',  ( 31.00000000000000000, -43.63223080321708380, 10.99698514525793414 ) ) ;
#1547 = CARTESIAN_POINT ( 'NONE',  ( 40.20000000000000284, 0.000000000000000000, 4.500000000000000000 ) ) ;
#1548 = EDGE_CURVE ( 'NONE', #934, #450, #1736, .T. ) ;
#1549 = VERTEX_POINT ( 'NONE', #2458 ) ;
#1550 = EDGE_CURVE ( 'NONE', #7273, #173, #3346, .T. ) ;
#1551 = VECTOR ( 'NONE', #491, 999.9999999999998863 ) ;
#1552 = ORIENTED_EDGE ( 'NONE', *, *, #6532, .T. ) ;
#1553 = AXIS2_PLACEMENT_3D ( 'NONE', #1091, #6586, #3165 ) ;
#1554 = CARTESIAN_POINT ( 'NONE',  ( 25.44999999999998508, -60.25000000000001421, 13.19999999999999929 ) ) ;
#1555 = PRESENTATION_STYLE_ASSIGNMENT (( #3071 ) ) ;
#1556 = CARTESIAN_POINT ( 'NONE',  ( 50.49999999999999289, -71.95184441433913491, 20.00000000000000000 ) ) ;
#1557 = DIRECTION ( 'NONE',  ( -1.000000000000000000, -9.912705577010325549E-17, 0.000000000000000000 ) ) ;
#1558 = PRESENTATION_LAYER_ASSIGNMENT (  '', '', ( #5434 ) ) ;
#1559 = ORIENTED_EDGE ( 'NONE', *, *, #3681, .F. ) ;
#1560 = ADVANCED_FACE ( 'NONE', ( #7261 ), #1097, .F. ) ;
#1561 = CARTESIAN_POINT ( 'NONE',  ( -50.49999999999999289, 65.99999999999998579, 0.000000000000000000 ) ) ;
#1562 = LINE ( 'NONE', #210, #8757 ) ;
#1563 = DIRECTION ( 'NONE',  ( -0.000000000000000000, 0.000000000000000000, -1.000000000000000000 ) ) ;
#1564 = ORIENTED_EDGE ( 'NONE', *, *, #3621, .F. ) ;
#1565 = CARTESIAN_POINT ( 'NONE',  ( 31.13375866546478932, 57.07249472080884800, 31.79999999999997939 ) ) ;
#1566 = AXIS2_PLACEMENT_3D ( 'NONE', #8806, #3286, #1937 ) ;
#1567 = LINE ( 'NONE', #2860, #8656 ) ;
#1568 = CARTESIAN_POINT ( 'NONE',  ( -26.25000000000000355, -25.57133123440134170, 20.00000000000000000 ) ) ;
#1569 = ORIENTED_EDGE ( 'NONE', *, *, #7830, .T. ) ;
#1570 = ORIENTED_EDGE ( 'NONE', *, *, #7386, .T. ) ;
#1571 = VECTOR ( 'NONE', #8083, 1000.000000000000000 ) ;
#1572 = VERTEX_POINT ( 'NONE', #2334 ) ;
#1573 = ADVANCED_FACE ( 'NONE', ( #3173 ), #4351, .T. ) ;
#1574 = DIRECTION ( 'NONE',  ( -0.000000000000000000, -0.000000000000000000, 1.000000000000000000 ) ) ;
#1575 = CARTESIAN_POINT ( 'NONE',  ( -38.50000000000000000, 50.32835413437400973, -25.73944476163834949 ) ) ;
#1576 = DIRECTION ( 'NONE',  ( 1.000000000000000000, 0.000000000000000000, 0.000000000000000000 ) ) ;
#1577 = DIRECTION ( 'NONE',  ( -0.000000000000000000, -0.7722761303464033000, -0.6352870048231626932 ) ) ;
#1578 = CARTESIAN_POINT ( 'NONE',  ( 41.49999999999997868, 63.00000000000000000, -1.000000000000000000 ) ) ;
#1579 = ORIENTED_EDGE ( 'NONE', *, *, #8412, .T. ) ;
#1580 = AXIS2_PLACEMENT_3D ( 'NONE', #2018, #7587, #669 ) ;
#1581 = DIRECTION ( 'NONE',  ( 0.000000000000000000, 0.000000000000000000, -1.000000000000000000 ) ) ;
#1582 = ORIENTED_EDGE ( 'NONE', *, *, #3681, .T. ) ;
#1583 = ORIENTED_EDGE ( 'NONE', *, *, #6532, .F. ) ;
#1584 = EDGE_CURVE ( 'NONE', #990, #8077, #4400, .T. ) ;
#1585 = CARTESIAN_POINT ( 'NONE',  ( 39.19999999999998153, -72.12151163551486377, 14.85182430038964796 ) ) ;
#1586 = CIRCLE ( 'NONE', #3745, 1.649999999999982148 ) ;
#1587 =( BOUNDED_CURVE ( )  B_SPLINE_CURVE ( 3, ( #7618, #1463, #4476, #3169 ),
 .UNSPECIFIED., .F., .T. ) 
 B_SPLINE_CURVE_WITH_KNOTS ( ( 4, 4 ),
 ( 3.141592653589793116, 6.283185307179586232 ),
 .UNSPECIFIED. ) 
 CURVE ( )  GEOMETRIC_REPRESENTATION_ITEM ( )  RATIONAL_B_SPLINE_CURVE ( ( 1.000000000000000000, 0.3333333333333333703, 0.3333333333333333703, 1.000000000000000000 ) ) 
 REPRESENTATION_ITEM ( '' )  );
#1588 = DIRECTION ( 'NONE',  ( 0.000000000000000000, -0.1470117858375537823, 0.9891347404802103283 ) ) ;
#1589 = DIRECTION ( 'NONE',  ( 1.000000000000000000, 0.000000000000000000, 0.000000000000000000 ) ) ;
#1590 = DIRECTION ( 'NONE',  ( 0.000000000000000000, -0.4694715627858927487, -0.8829475928589258782 ) ) ;
#1591 = DIRECTION ( 'NONE',  ( -0.000000000000000000, -0.1470117858375538933, 0.9891347404802104393 ) ) ;
#1592 = DIRECTION ( 'NONE',  ( 0.000000000000000000, 0.000000000000000000, 1.000000000000000000 ) ) ;
#1593 = CARTESIAN_POINT ( 'NONE',  ( 55.29999999999999716, -59.00000000000003553, 0.000000000000000000 ) ) ;
#1594 = DIRECTION ( 'NONE',  ( 0.000000000000000000, -0.05233595624294608284, -0.9986295347545738332 ) ) ;
#1595 = EDGE_LOOP ( 'NONE', ( #2919, #4705, #2808, #6597, #8453, #5913 ) ) ;
#1596 = CARTESIAN_POINT ( 'NONE',  ( 38.65000000000000568, 43.39850362162523112, -24.75092472089291107 ) ) ;
#1597 = ORIENTED_EDGE ( 'NONE', *, *, #1899, .F. ) ;
#1598 = FACE_OUTER_BOUND ( 'NONE', #7670, .T. ) ;
#1599 = LINE ( 'NONE', #3676, #501 ) ;
#1600 = VERTEX_POINT ( 'NONE', #7135 ) ;
#1601 = ADVANCED_FACE ( 'NONE', ( #6466 ), #305, .F. ) ;
#1602 = LINE ( 'NONE', #1509, #7077 ) ;
#1603 = ADVANCED_FACE ( 'NONE', ( #5380 ), #3209, .F. ) ;
#1604 = VERTEX_POINT ( 'NONE', #1870 ) ;
#1605 = CARTESIAN_POINT ( 'NONE',  ( -38.49999999999999289, -61.00000000000003553, 10.19999999999998863 ) ) ;
#1606 = CARTESIAN_POINT ( 'NONE',  ( -40.20000000000000284, 59.19999999999996021, 44.00000000000000711 ) ) ;
#1607 = ORIENTED_EDGE ( 'NONE', *, *, #2511, .T. ) ;
#1608 =( NAMED_UNIT ( * ) SI_UNIT ( $, .STERADIAN. ) SOLID_ANGLE_UNIT ( ) );
#1609 = STYLED_ITEM ( 'NONE', ( #7961 ), #6866 ) ;
#1610 = DIRECTION ( 'NONE',  ( 0.000000000000000000, 0.1470117858375537823, -0.9891347404802103283 ) ) ;
#1611 = CARTESIAN_POINT ( 'NONE',  ( 16.19999999999999574, -57.50000000000004263, 1.000000000000000000 ) ) ;
#1612 = EDGE_LOOP ( 'NONE', ( #2795, #7330, #6681, #4140 ) ) ;
#1613 = ADVANCED_FACE ( 'NONE', ( #1952, #6679, #1191, #2625, #520 ), #3939, .F. ) ;
#1614 = ORIENTED_EDGE ( 'NONE', *, *, #5841, .F. ) ;
#1615 = VECTOR ( 'NONE', #3338, 1000.000000000000000 ) ;
#1616 = VERTEX_POINT ( 'NONE', #4032 ) ;
#1617 = LINE ( 'NONE', #8391, #519 ) ;
#1618 = DIRECTION ( 'NONE',  ( 0.000000000000000000, 1.000000000000000000, 0.000000000000000000 ) ) ;
#1619 = ORIENTED_EDGE ( 'NONE', *, *, #1976, .T. ) ;
#1620 = CARTESIAN_POINT ( 'NONE',  ( -42.00000000000000711, -58.00000000000002132, -1.000000000000000000 ) ) ;
#1621 = CARTESIAN_POINT ( 'NONE',  ( -40.99999999999999289, -61.00000000000004974, 0.000000000000000000 ) ) ;
#1622 = ORIENTED_EDGE ( 'NONE', *, *, #548, .T. ) ;
#1623 = VECTOR ( 'NONE', #718, 1000.000000000000114 ) ;
#1624 = PRESENTATION_LAYER_ASSIGNMENT (  '', '', ( #5495 ) ) ;
#1625 = CARTESIAN_POINT ( 'NONE',  ( 40.50000000000000000, -53.00000000000002132, -11.00000000000001066 ) ) ;
#1626 = EDGE_CURVE ( 'NONE', #1741, #1157, #4230, .T. ) ;
#1627 = VERTEX_POINT ( 'NONE', #4562 ) ;
#1628 = B_SPLINE_CURVE_WITH_KNOTS ( 'NONE', 3,
 ( #6686, #527, #3263, #6013, #8741, #1461, #835, #6898, #6321, #1043 ),
 .UNSPECIFIED., .F., .F.,
 ( 4, 2, 2, 2, 4 ),
 ( 0.000000000000000000, 0.2500000000000000000, 0.5000000000000000000, 0.7500000000000000000, 1.000000000000000000 ),
 .UNSPECIFIED. ) ;
#1629 = VERTEX_POINT ( 'NONE', #7305 ) ;
#1630 = VECTOR ( 'NONE', #2325, 1000.000000000000000 ) ;
#1631 = AXIS2_PLACEMENT_3D ( 'NONE', #4542, #6025, #412 ) ;
#1632 = CARTESIAN_POINT ( 'NONE',  ( -24.49999999999999289, 55.49999999999997868, 4.500000000000000000 ) ) ;
#1633 = DIRECTION ( 'NONE',  ( 0.000000000000000000, 0.6001650094319723738, -0.7998762163319524943 ) ) ;
#1634 = DIRECTION ( 'NONE',  ( 0.000000000000000000, 0.1470117858375539210, -0.9891347404802105503 ) ) ;
#1635 = CARTESIAN_POINT ( 'NONE',  ( -26.25000000000000355, -25.57133123440134170, 20.00000000000000000 ) ) ;
#1636 = CARTESIAN_POINT ( 'NONE',  ( 39.19999999999998153, -48.61515718961152288, 31.79999999999997939 ) ) ;
#1637 = EDGE_CURVE ( 'NONE', #5087, #7276, #8503, .T. ) ;
#1638 = LINE ( 'NONE', #6981, #4215 ) ;
#1639 = LINE ( 'NONE', #3713, #2992 ) ;
#1640 =( BOUNDED_CURVE ( )  B_SPLINE_CURVE ( 3, ( #586, #6072, #8803, #7497 ),
 .UNSPECIFIED., .F., .T. ) 
 B_SPLINE_CURVE_WITH_KNOTS ( ( 4, 4 ),
 ( 3.141592653589793116, 4.712388980384689674 ),
 .UNSPECIFIED. ) 
 CURVE ( )  GEOMETRIC_REPRESENTATION_ITEM ( )  RATIONAL_B_SPLINE_CURVE ( ( 1.000000000000000000, 0.8047378541243649375, 0.8047378541243649375, 1.000000000000000000 ) ) 
 REPRESENTATION_ITEM ( '' )  );
#1641 = ORIENTED_EDGE ( 'NONE', *, *, #4801, .T. ) ;
#1642 = ORIENTED_EDGE ( 'NONE', *, *, #7205, .F. ) ;
#1643 = DIRECTION ( 'NONE',  ( 0.000000000000000000, -0.000000000000000000, -1.000000000000000000 ) ) ;
#1644 = EDGE_LOOP ( 'NONE', ( #176, #2874 ) ) ;
#1645 = DIRECTION ( 'NONE',  ( -0.000000000000000000, -0.000000000000000000, 1.000000000000000000 ) ) ;
#1646 = LINE ( 'NONE', #7706, #7064 ) ;
#1647 = EDGE_CURVE ( 'NONE', #5100, #3145, #3985, .T. ) ;
#1648 = PLANE ( 'NONE',  #608 ) ;
#1649 = PRESENTATION_LAYER_ASSIGNMENT (  '', '', ( #6379 ) ) ;
#1650 = ORIENTED_EDGE ( 'NONE', *, *, #7867, .F. ) ;
#1651 = DIRECTION ( 'NONE',  ( 0.000000000000000000, -0.9891347404802104393, -0.1470117858375539210 ) ) ;
#1652 = DIRECTION ( 'NONE',  ( 1.000000000000000000, 0.000000000000000000, -0.000000000000000000 ) ) ;
#1653 = EDGE_LOOP ( 'NONE', ( #8737, #2590 ) ) ;
#1654 = CARTESIAN_POINT ( 'NONE',  ( 40.99999999999999289, -2.542120776211809652, 17.10407066972241807 ) ) ;
#1655 = VECTOR ( 'NONE', #6753, 1000.000000000000114 ) ;
#1656 = DIRECTION ( 'NONE',  ( -1.000000000000000000, -0.000000000000000000, -0.000000000000000000 ) ) ;
#1657 =( LENGTH_UNIT ( ) NAMED_UNIT ( * ) SI_UNIT ( .MILLI., .METRE. ) );
#1658 =( LENGTH_UNIT ( ) NAMED_UNIT ( * ) SI_UNIT ( .MILLI., .METRE. ) );
#1659 = EDGE_LOOP ( 'NONE', ( #3126, #578, #3636, #636 ) ) ;
#1660 = EDGE_LOOP ( 'NONE', ( #5660, #7760, #8444, #7147 ) ) ;
#1661 = AXIS2_PLACEMENT_3D ( 'NONE', #6015, #1789, #6644 ) ;
#1662 = ORIENTED_EDGE ( 'NONE', *, *, #7875, .F. ) ;
#1663 = CARTESIAN_POINT ( 'NONE',  ( -45.03700832167763224, 71.46299167832233934, 29.28719652508696214 ) ) ;
#1664 = LINE ( 'NONE', #356, #3089 ) ;
#1665 = EDGE_CURVE ( 'NONE', #2866, #2156, #2366, .T. ) ;
#1666 = EDGE_CURVE ( 'NONE', #2715, #3689, #5294, .T. ) ;
#1667 = FACE_OUTER_BOUND ( 'NONE', #8533, .T. ) ;
#1668 = STYLED_ITEM ( 'NONE', ( #1345 ), #2773 ) ;
#1669 = ORIENTED_EDGE ( 'NONE', *, *, #3654, .T. ) ;
#1670 = VECTOR ( 'NONE', #2740, 1000.000000000000000 ) ;
#1671 = EDGE_LOOP ( 'NONE', ( #2486, #4581, #3558, #756 ) ) ;
#1672 = DIRECTION ( 'NONE',  ( 1.000000000000000000, 0.000000000000000000, 0.000000000000000000 ) ) ;
#1673 = DIRECTION ( 'NONE',  ( 0.000000000000000000, -0.6352870048231626932, 0.7722761303464033000 ) ) ;
#1674 = EDGE_CURVE ( 'NONE', #3436, #3987, #3212, .T. ) ;
#1675 = LINE ( 'NONE', #3707, #4613 ) ;
#1676 = CARTESIAN_POINT ( 'NONE',  ( 24.44999999999998508, -62.75000000000002842, 8.155575096830393278 ) ) ;
#1677 = CARTESIAN_POINT ( 'NONE',  ( 36.14999999999999147, -46.30323866289666057, 13.12746371235313525 ) ) ;
#1678 = VECTOR ( 'NONE', #8560, 1000.000000000000000 ) ;
#1679 = CIRCLE ( 'NONE', #7277, 4.149999999999994138 ) ;
#1680 = EDGE_CURVE ( 'NONE', #1410, #3229, #6635, .T. ) ;
#1681 = ORIENTED_EDGE ( 'NONE', *, *, #5397, .F. ) ;
#1682 = CARTESIAN_POINT ( 'NONE',  ( 38.99999999999999289, -58.00000000000002132, -1.000000000000000000 ) ) ;
#1683 = EDGE_LOOP ( 'NONE', ( #5311, #4035 ) ) ;
#1684 = PRESENTATION_LAYER_ASSIGNMENT (  '', '', ( #1545 ) ) ;
#1685 = CARTESIAN_POINT ( 'NONE',  ( 52.79999999999999005, 58.99999999999995737, 0.000000000000000000 ) ) ;
#1686 = LINE ( 'NONE', #4433, #32 ) ;
#1687 = CARTESIAN_POINT ( 'NONE',  ( 0.000000000000000000, 53.64135841307274433, -0.000000000000000000 ) ) ;
#1688 = AXIS2_PLACEMENT_3D ( 'NONE', #1057, #7889, #387 ) ;
#1689 = CIRCLE ( 'NONE', #262, 8.000000000000000000 ) ;
#1690 = ORIENTED_EDGE ( 'NONE', *, *, #4248, .F. ) ;
#1691 = EDGE_CURVE ( 'NONE', #3828, #7315, #8691, .T. ) ;
#1692 = CARTESIAN_POINT ( 'NONE',  ( 45.24561995595541219, -72.64268000749959242, 6.818071618158254132 ) ) ;
#1693 = VERTEX_POINT ( 'NONE', #7610 ) ;
#1694 = DIRECTION ( 'NONE',  ( -1.000000000000000000, 0.000000000000000000, 0.000000000000000000 ) ) ;
#1695 = DIRECTION ( 'NONE',  ( -0.000000000000000000, 0.7722761303464033000, 0.6352870048231626932 ) ) ;
#1696 = SURFACE_SIDE_STYLE ('',( #6549 ) ) ;
#1697 = FACE_OUTER_BOUND ( 'NONE', #6513, .T. ) ;
#1698 = ORIENTED_EDGE ( 'NONE', *, *, #1843, .F. ) ;
#1699 = PRESENTATION_LAYER_ASSIGNMENT (  '', '', ( #3419 ) ) ;
#1700 = VERTEX_POINT ( 'NONE', #8235 ) ;
#1701 = EDGE_LOOP ( 'NONE', ( #4611, #8039 ) ) ;
#1702 = CARTESIAN_POINT ( 'NONE',  ( 50.49999999999999289, -71.95184441433913491, 20.00000000000000000 ) ) ;
#1703 = CARTESIAN_POINT ( 'NONE',  ( -42.50000000000000711, -65.00000000000002842, 31.99999999999998579 ) ) ;
#1704 = AXIS2_PLACEMENT_3D ( 'NONE', #7596, #4915, #8313 ) ;
#1705 = CARTESIAN_POINT ( 'NONE',  ( -46.50000000000002132, -66.00000000000002842, 0.000000000000000000 ) ) ;
#1706 = PLANE ( 'NONE',  #4588 ) ;
#1707 = ORIENTED_EDGE ( 'NONE', *, *, #3294, .T. ) ;
#1708 = AXIS2_PLACEMENT_3D ( 'NONE', #1170, #3920, #4094 ) ;
#1709 = VERTEX_POINT ( 'NONE', #4157 ) ;
#1710 = EDGE_CURVE ( 'NONE', #7309, #7939, #5556, .T. ) ;
#1711 = EDGE_CURVE ( 'NONE', #4404, #2550, #1506, .T. ) ;
#1712 = VERTEX_POINT ( 'NONE', #5465 ) ;
#1713 = CARTESIAN_POINT ( 'NONE',  ( -33.64999999999999858, 45.03196838534457669, -24.98393301621148055 ) ) ;
#1714 = CYLINDRICAL_SURFACE ( 'NONE', #3406, 3.750000000000005329 ) ;
#1715 = CARTESIAN_POINT ( 'NONE',  ( 43.49999999999998579, -63.92893218813456713, 10.50781587700094200 ) ) ;
#1716 = VECTOR ( 'NONE', #6385, 1000.000000000000000 ) ;
#1717 = DIRECTION ( 'NONE',  ( 0.000000000000000000, -0.1470117858375538933, 0.9891347404802104393 ) ) ;
#1718 = CARTESIAN_POINT ( 'NONE',  ( 46.89999999999999858, 58.99999999999995737, 22.50000000000000000 ) ) ;
#1719 = DIRECTION ( 'NONE',  ( -1.000000000000000000, 0.000000000000000000, 0.000000000000000000 ) ) ;
#1720 = CARTESIAN_POINT ( 'NONE',  ( 0.000000000000000000, 61.49999999999997158, 4.500000000000000000 ) ) ;
#1721 = LINE ( 'NONE', #3066, #6935 ) ;
#1722 = EDGE_CURVE ( 'NONE', #7565, #6996, #6892, .T. ) ;
#1723 = CIRCLE ( 'NONE', #6169, 7.999999999999992895 ) ;
#1724 =( NAMED_UNIT ( * ) PLANE_ANGLE_UNIT ( ) SI_UNIT ( $, .RADIAN. ) );
#1725 = CARTESIAN_POINT ( 'NONE',  ( -38.49999999999999289, -61.00000000000005684, 0.000000000000000000 ) ) ;
#1726 = CYLINDRICAL_SURFACE ( 'NONE', #3731, 2.000000000000002665 ) ;
#1727 = FACE_OUTER_BOUND ( 'NONE', #4830, .T. ) ;
#1728 = ORIENTED_EDGE ( 'NONE', *, *, #1296, .T. ) ;
#1729 = CYLINDRICAL_SURFACE ( 'NONE', #3077, 0.9999999999999971134 ) ;
#1730 = SURFACE_STYLE_USAGE ( .BOTH. , #340 ) ;
#1731 = EDGE_CURVE ( 'NONE', #1572, #934, #5602, .T. ) ;
#1732 = ORIENTED_EDGE ( 'NONE', *, *, #8569, .T. ) ;
#1733 = CARTESIAN_POINT ( 'NONE',  ( -29.50000000000000000, -65.57133123440134170, 20.00000000000000000 ) ) ;
#1734 = ORIENTED_EDGE ( 'NONE', *, *, #4096, .F. ) ;
#1735 = FACE_BOUND ( 'NONE', #8555, .T. ) ;
#1736 = LINE ( 'NONE', #8603, #8376 ) ;
#1737 = CARTESIAN_POINT ( 'NONE',  ( 43.50000000000000000, -50.55617398657857109, 9.967902644395056910 ) ) ;
#1738 = ORIENTED_EDGE ( 'NONE', *, *, #8524, .T. ) ;
#1739 = EDGE_CURVE ( 'NONE', #5460, #2105, #7368, .T. ) ;
#1740 = ADVANCED_FACE ( 'NONE', ( #3583 ), #6270, .F. ) ;
#1741 = VERTEX_POINT ( 'NONE', #2800 ) ;
#1742 = EDGE_LOOP ( 'NONE', ( #2148, #444, #6697, #6676 ) ) ;
#1743 = DIRECTION ( 'NONE',  ( 0.05226442768871858435, 0.05226442768871863293, -0.9972646886342367845 ) ) ;
#1744 = DIRECTION ( 'NONE',  ( 1.000000000000000000, 0.000000000000000000, 0.000000000000000000 ) ) ;
#1745 = VERTEX_POINT ( 'NONE', #115 ) ;
#1746 =( NAMED_UNIT ( * ) SI_UNIT ( $, .STERADIAN. ) SOLID_ANGLE_UNIT ( ) );
#1747 = CARTESIAN_POINT ( 'NONE',  ( 43.50000000000000000, -66.00000000000004263, 4.500000000000000000 ) ) ;
#1748 = ORIENTED_EDGE ( 'NONE', *, *, #2241, .T. ) ;
#1749 = ADVANCED_FACE ( 'NONE', ( #8187 ), #691, .F. ) ;
#1750 = AXIS2_PLACEMENT_3D ( 'NONE', #2324, #970, #5743 ) ;
#1751 = ORIENTED_EDGE ( 'NONE', *, *, #263, .F. ) ;
#1752 = VERTEX_POINT ( 'NONE', #1454 ) ;
#1753 = DIRECTION ( 'NONE',  ( 0.000000000000000000, 0.000000000000000000, -1.000000000000000000 ) ) ;
#1754 = FILL_AREA_STYLE_COLOUR ( '', #5420 ) ;
#1755 = VECTOR ( 'NONE', #3901, 1000.000000000000114 ) ;
#1756 = LINE ( 'NONE', #3615, #8189 ) ;
#1757 = ADVANCED_FACE ( 'NONE', ( #2894 ), #4297, .T. ) ;
#1758 = CARTESIAN_POINT ( 'NONE',  ( 28.95000000000000284, -60.25000000000002132, -30.80000000000000426 ) ) ;
#1759 = DIRECTION ( 'NONE',  ( -1.000000000000000000, 0.000000000000000000, -0.000000000000000000 ) ) ;
#1760 = PLANE ( 'NONE',  #4364 ) ;
#1761 = VECTOR ( 'NONE', #5424, 1000.000000000000227 ) ;
#1762 = SURFACE_STYLE_USAGE ( .BOTH. , #5937 ) ;
#1763 = PLANE ( 'NONE',  #7138 ) ;
#1764 = ADVANCED_FACE ( 'NONE', ( #2042 ), #4505, .F. ) ;
#1765 = ADVANCED_FACE ( 'NONE', ( #2238 ), #4972, .F. ) ;
#1766 = PLANE ( 'NONE',  #5405 ) ;
#1767 = AXIS2_PLACEMENT_3D ( 'NONE', #4732, #4825, #556 ) ;
#1768 = ORIENTED_EDGE ( 'NONE', *, *, #7731, .T. ) ;
#1769 = CARTESIAN_POINT ( 'NONE',  ( 34.00000000000000711, 51.66217667587459061, -16.79558734372461615 ) ) ;
#1770 = CARTESIAN_POINT ( 'NONE',  ( 31.69999999999998508, -66.00000000000001421, 13.19999999999999929 ) ) ;
#1771 = CARTESIAN_POINT ( 'NONE',  ( 31.13375866546478932, -53.61515718961152288, 31.79999999999997939 ) ) ;
#1772 = DIRECTION ( 'NONE',  ( 1.000000000000000000, 0.000000000000000000, 0.000000000000000000 ) ) ;
#1773 = COLOUR_RGB ( '',0.1019607843137254888, 0.1019607843137254888, 0.1019607843137254888 ) ;
#1774 = VERTEX_POINT ( 'NONE', #249 ) ;
#1775 = FACE_OUTER_BOUND ( 'NONE', #5048, .T. ) ;
#1776 = ORIENTED_EDGE ( 'NONE', *, *, #1126, .F. ) ;
#1777 = EDGE_CURVE ( 'NONE', #3698, #7654, #2987, .T. ) ;
#1778 = DIRECTION ( 'NONE',  ( 0.000000000000000000, 0.000000000000000000, 1.000000000000000000 ) ) ;
#1779 = DIRECTION ( 'NONE',  ( 0.000000000000000000, 0.000000000000000000, 1.000000000000000000 ) ) ;
#1780 = CARTESIAN_POINT ( 'NONE',  ( 43.50000000000000000, 52.04522303281746787, 27.74466640128494888 ) ) ;
#1781 = ORIENTED_EDGE ( 'NONE', *, *, #5868, .T. ) ;
#1782 = AXIS2_PLACEMENT_3D ( 'NONE', #5187, #1645, #6408 ) ;
#1783 =( LENGTH_UNIT ( ) NAMED_UNIT ( * ) SI_UNIT ( .MILLI., .METRE. ) );
#1784 = ORIENTED_EDGE ( 'NONE', *, *, #7149, .F. ) ;
#1785 = VERTEX_POINT ( 'NONE', #5146 ) ;
#1786 = AXIS2_PLACEMENT_3D ( 'NONE', #1636, #7069, #6488 ) ;
#1787 = DIRECTION ( 'NONE',  ( 0.000000000000000000, 0.000000000000000000, 1.000000000000000000 ) ) ;
#1788 = CARTESIAN_POINT ( 'NONE',  ( 43.50000000000000711, 44.38848226630365446, -24.89214186957082475 ) ) ;
#1789 = DIRECTION ( 'NONE',  ( -3.431750510430551711E-15, 0.9891347404802104393, 0.1470117858375538933 ) ) ;
#1790 = ORIENTED_EDGE ( 'NONE', *, *, #6574, .F. ) ;
#1791 = EDGE_CURVE ( 'NONE', #7011, #5326, #2501, .T. ) ;
#1792 = DIRECTION ( 'NONE',  ( 1.000000000000000000, 0.000000000000000000, 0.000000000000000000 ) ) ;
#1793 = LINE ( 'NONE', #448, #7591 ) ;
#1794 = ORIENTED_EDGE ( 'NONE', *, *, #2842, .T. ) ;
#1795 = VECTOR ( 'NONE', #2318, 1000.000000000000000 ) ;
#1796 = EDGE_LOOP ( 'NONE', ( #510, #6595, #4218, #6865 ) ) ;
#1797 = ORIENTED_EDGE ( 'NONE', *, *, #1308, .F. ) ;
#1798 = DIRECTION ( 'NONE',  ( 0.000000000000000000, 0.9891347404802105503, 0.1470117858375536157 ) ) ;
#1799 = EDGE_CURVE ( 'NONE', #6736, #1616, #7835, .T. ) ;
#1800 = AXIS2_PLACEMENT_3D ( 'NONE', #4177, #6240, #90 ) ;
#1801 = DIRECTION ( 'NONE',  ( -1.000000000000000000, -1.374038396813312538E-16, 0.000000000000000000 ) ) ;
#1802 = DIRECTION ( 'NONE',  ( 3.134672739800619314E-17, -0.3162277660168373306, 0.9486832980505141011 ) ) ;
#1803 = CIRCLE ( 'NONE', #8001, 3.999999999999996447 ) ;
#1804 = VECTOR ( 'NONE', #3853, 1000.000000000000114 ) ;
#1805 =( NAMED_UNIT ( * ) SI_UNIT ( $, .STERADIAN. ) SOLID_ANGLE_UNIT ( ) );
#1806 = AXIS2_PLACEMENT_3D ( 'NONE', #4954, #2266, #7685 ) ;
#1807 = LINE ( 'NONE', #1896, #8264 ) ;
#1808 = DIRECTION ( 'NONE',  ( -0.000000000000000000, -0.8829475928589253231, 0.4694715627858939144 ) ) ;
#1809 = CARTESIAN_POINT ( 'NONE',  ( 26.25000000000000355, -25.57133123440134170, 20.00000000000000000 ) ) ;
#1810 = ORIENTED_EDGE ( 'NONE', *, *, #7431, .F. ) ;
#1811 = CARTESIAN_POINT ( 'NONE',  ( 33.00000000000000000, 54.85394306989304880, -16.32120578744326878 ) ) ;
#1812 = CARTESIAN_POINT ( 'NONE',  ( 33.00000000000000000, -43.99976026781097005, 13.46982199645846023 ) ) ;
#1813 = VECTOR ( 'NONE', #6698, 1000.000000000000000 ) ;
#1814 = DIRECTION ( 'NONE',  ( 0.000000000000000000, -0.9891347404802105503, -0.1470117858375536157 ) ) ;
#1815 = EDGE_CURVE ( 'NONE', #6653, #7834, #5742, .T. ) ;
#1816 = ADVANCED_FACE ( 'NONE', ( #8467 ), #1729, .F. ) ;
#1817 = VECTOR ( 'NONE', #8198, 1000.000000000000000 ) ;
#1818 = ORIENTED_EDGE ( 'NONE', *, *, #4106, .T. ) ;
#1819 = PLANE ( 'NONE',  #6906 ) ;
#1820 = ORIENTED_EDGE ( 'NONE', *, *, #6515, .T. ) ;
#1821 = CIRCLE ( 'NONE', #816, 2.500000000000002220 ) ;
#1822 = CARTESIAN_POINT ( 'NONE',  ( 42.70000000000000284, 59.19999999999998863, 4.499999999999997335 ) ) ;
#1823 = DIRECTION ( 'NONE',  ( 0.000000000000000000, 0.1470117858375538655, -0.9891347404802103283 ) ) ;
#1824 = DIRECTION ( 'NONE',  ( 0.000000000000000000, 0.000000000000000000, -1.000000000000000000 ) ) ;
#1825 = CARTESIAN_POINT ( 'NONE',  ( -38.50000000000000000, -50.00000000000001421, -11.42793998467654148 ) ) ;
#1826 = ORIENTED_EDGE ( 'NONE', *, *, #2931, .T. ) ;
#1827 = STYLED_ITEM ( 'NONE', ( #1555 ), #3829 ) ;
#1828 = DIRECTION ( 'NONE',  ( 0.000000000000000000, 0.1470117858375539210, -0.9891347404802105503 ) ) ;
#1829 = VERTEX_POINT ( 'NONE', #7167 ) ;
#1830 = EDGE_CURVE ( 'NONE', #554, #7445, #4508, .T. ) ;
#1831 = EDGE_LOOP ( 'NONE', ( #3495, #6331, #1582, #5711 ) ) ;
#1832 = DIRECTION ( 'NONE',  ( -0.000000000000000000, 0.000000000000000000, -1.000000000000000000 ) ) ;
#1833 = DIRECTION ( 'NONE',  ( 0.000000000000000000, 0.9899786446783979121, -0.1412171486779218166 ) ) ;
#1834 = SURFACE_STYLE_USAGE ( .BOTH. , #7986 ) ;
#1835 = ORIENTED_EDGE ( 'NONE', *, *, #1548, .F. ) ;
#1836 = LINE ( 'NONE', #490, #7535 ) ;
#1837 = VECTOR ( 'NONE', #3300, 1000.000000000000000 ) ;
#1838 = COLOUR_RGB ( '',0.7921568627450980005, 0.8196078431372548767, 0.9333333333333333481 ) ;
#1839 = SURFACE_SIDE_STYLE ('',( #4960 ) ) ;
#1840 = CARTESIAN_POINT ( 'NONE',  ( -26.44999999999998863, -57.75000000000002842, -30.80000000000000426 ) ) ;
#1841 = VERTEX_POINT ( 'NONE', #3761 ) ;
#1842 = ORIENTED_EDGE ( 'NONE', *, *, #7583, .T. ) ;
#1843 = EDGE_CURVE ( 'NONE', #7006, #1469, #5860, .T. ) ;
#1844 = VERTEX_POINT ( 'NONE', #3032 ) ;
#1845 = CARTESIAN_POINT ( 'NONE',  ( 50.49999999999999289, -65.70209229852544297, 19.99999999999989697 ) ) ;
#1846 = ORIENTED_EDGE ( 'NONE', *, *, #3806, .F. ) ;
#1847 = FILL_AREA_STYLE ('',( #1754 ) ) ;
#1848 = CARTESIAN_POINT ( 'NONE',  ( -31.00000000000002132, -37.53124169095860907, -30.05210658467080620 ) ) ;
#1849 = FACE_OUTER_BOUND ( 'NONE', #8116, .T. ) ;
#1850 = CARTESIAN_POINT ( 'NONE',  ( 45.04300103858129489, 71.45699896141864826, 29.44221372647399448 ) ) ;
#1851 = ADVANCED_FACE ( 'NONE', ( #1048 ), #5776, .T. ) ;
#1852 = DIRECTION ( 'NONE',  ( 1.000000000000000000, 1.589059672650511298E-16, -0.000000000000000000 ) ) ;
#1853 = AXIS2_PLACEMENT_3D ( 'NONE', #5726, #1634, #3152 ) ;
#1854 = DIRECTION ( 'NONE',  ( -0.7071067811865489050, 0.6994238825007512705, 0.1039530306800785509 ) ) ;
#1855 = DIRECTION ( 'NONE',  ( 0.000000000000000000, -0.000000000000000000, 1.000000000000000000 ) ) ;
#1856 = DIRECTION ( 'NONE',  ( 0.000000000000000000, -0.05233595624295107190, -0.9986295347545733891 ) ) ;
#1857 = VERTEX_POINT ( 'NONE', #338 ) ;
#1858 = DIRECTION ( 'NONE',  ( -0.000000000000000000, -0.000000000000000000, -1.000000000000000000 ) ) ;
#1859 = CARTESIAN_POINT ( 'NONE',  ( 55.29999999999999716, 55.99999999999995026, 23.60000000000000853 ) ) ;
#1860 = CIRCLE ( 'NONE', #7168, 1.500000000000001998 ) ;
#1861 = FACE_OUTER_BOUND ( 'NONE', #7180, .T. ) ;
#1862 =( NAMED_UNIT ( * ) SI_UNIT ( $, .STERADIAN. ) SOLID_ANGLE_UNIT ( ) );
#1863 = UNCERTAINTY_MEASURE_WITH_UNIT (LENGTH_MEASURE( 1.000000000000000082E-05 ), #6157, 'distance_accuracy_value', 'NONE');
#1864 = EDGE_LOOP ( 'NONE', ( #7578, #1028, #4396, #5750 ) ) ;
#1865 = CARTESIAN_POINT ( 'NONE',  ( 50.49999999999999289, 72.99999999999997158, 0.000000000000000000 ) ) ;
#1866 = ORIENTED_EDGE ( 'NONE', *, *, #3986, .T. ) ;
#1867 = CARTESIAN_POINT ( 'NONE',  ( 38.99999999999999289, -58.00000000000002132, 0.000000000000000000 ) ) ;
#1868 =( BOUNDED_CURVE ( )  B_SPLINE_CURVE ( 3, ( #2476, #5223, #5849, #7954 ),
 .UNSPECIFIED., .F., .T. ) 
 B_SPLINE_CURVE_WITH_KNOTS ( ( 4, 4 ),
 ( 0.000000000000000000, 1.570796326794893893 ),
 .UNSPECIFIED. ) 
 CURVE ( )  GEOMETRIC_REPRESENTATION_ITEM ( )  RATIONAL_B_SPLINE_CURVE ( ( 1.000000000000000000, 0.8047378541243654926, 0.8047378541243654926, 1.000000000000000000 ) ) 
 REPRESENTATION_ITEM ( '' )  );
#1869 = EDGE_CURVE ( 'NONE', #3441, #8163, #3073, .T. ) ;
#1870 = CARTESIAN_POINT ( 'NONE',  ( -50.50000000000000000, -65.00000000000002842, 19.99999999999997513 ) ) ;
#1871 =( NAMED_UNIT ( * ) SI_UNIT ( $, .STERADIAN. ) SOLID_ANGLE_UNIT ( ) );
#1872 = EDGE_CURVE ( 'NONE', #3178, #6641, #8092, .T. ) ;
#1873 = ORIENTED_EDGE ( 'NONE', *, *, #8177, .T. ) ;
#1874 = MECHANICAL_DESIGN_GEOMETRIC_PRESENTATION_REPRESENTATION (  '', ( #8470 ), #865 ) ;
#1875 = ORIENTED_EDGE ( 'NONE', *, *, #453, .F. ) ;
#1876 = ORIENTED_EDGE ( 'NONE', *, *, #2674, .T. ) ;
#1877 = PLANE ( 'NONE',  #1094 ) ;
#1878 = CARTESIAN_POINT ( 'NONE',  ( -36.15000000000000568, 40.44235179311881012, 26.02017048380946562 ) ) ;
#1879 = EDGE_LOOP ( 'NONE', ( #7432, #6718, #4392, #892, #8103 ) ) ;
#1880 = DIRECTION ( 'NONE',  ( 2.387304702908168762E-15, -0.9891347404802104393, -0.1470117858375539210 ) ) ;
#1881 = FACE_OUTER_BOUND ( 'NONE', #3627, .T. ) ;
#1882 = EDGE_CURVE ( 'NONE', #5958, #5100, #6388, .T. ) ;
#1883 = VERTEX_POINT ( 'NONE', #7754 ) ;
#1884 = ORIENTED_EDGE ( 'NONE', *, *, #1459, .T. ) ;
#1885 = ORIENTED_EDGE ( 'NONE', *, *, #5489, .T. ) ;
#1886 = DIRECTION ( 'NONE',  ( 0.000000000000000000, -0.05233595624294702653, -0.9986295347545737222 ) ) ;
#1887 = ORIENTED_EDGE ( 'NONE', *, *, #2191, .T. ) ;
#1888 = LINE ( 'NONE', #1212, #6132 ) ;
#1889 = LINE ( 'NONE', #2646, #3103 ) ;
#1890 = CARTESIAN_POINT ( 'NONE',  ( -43.50000000000002132, -65.00000000000002842, 31.99999999999998579 ) ) ;
#1891 = CARTESIAN_POINT ( 'NONE',  ( 38.65000000000000568, -45.69957439943059541, -12.04138133987996007 ) ) ;
#1892 = EDGE_CURVE ( 'NONE', #7441, #2574, #1599, .T. ) ;
#1893 = VECTOR ( 'NONE', #1929, 999.9999999999998863 ) ;
#1894 = DIRECTION ( 'NONE',  ( -0.000000000000000000, -0.9986295347545737222, 0.05233595624294713061 ) ) ;
#1895 = PRODUCT_CONTEXT ( 'NONE', #4228, 'mechanical' ) ;
#1896 = CARTESIAN_POINT ( 'NONE',  ( -31.13375866546478932, 57.07249472080884800, 31.79999999999997939 ) ) ;
#1897 = CYLINDRICAL_SURFACE ( 'NONE', #6491, 3.750000000000005329 ) ;
#1898 = FACE_OUTER_BOUND ( 'NONE', #3205, .T. ) ;
#1899 = EDGE_CURVE ( 'NONE', #2367, #6649, #3246, .T. ) ;
#1900 = CARTESIAN_POINT ( 'NONE',  ( -42.70000000000000284, 57.00000000000000000, 0.000000000000000000 ) ) ;
#1901 = VECTOR ( 'NONE', #6398, 1000.000000000000000 ) ;
#1902 =( NAMED_UNIT ( * ) PLANE_ANGLE_UNIT ( ) SI_UNIT ( $, .RADIAN. ) );
#1903 = ORIENTED_EDGE ( 'NONE', *, *, #4749, .T. ) ;
#1904 = PRESENTATION_LAYER_ASSIGNMENT (  '', '', ( #4774 ) ) ;
#1905 = CARTESIAN_POINT ( 'NONE',  ( -50.50000000000002132, 65.99999999999995737, -1.000000000000000000 ) ) ;
#1906 = ORIENTED_EDGE ( 'NONE', *, *, #7339, .F. ) ;
#1907 = PLANE ( 'NONE',  #3710 ) ;
#1908 = ADVANCED_FACE ( 'NONE', ( #8090 ), #4643, .F. ) ;
#1909 =( NAMED_UNIT ( * ) PLANE_ANGLE_UNIT ( ) SI_UNIT ( $, .RADIAN. ) );
#1910 = VERTEX_POINT ( 'NONE', #5282 ) ;
#1911 = FACE_OUTER_BOUND ( 'NONE', #6657, .T. ) ;
#1912 = VECTOR ( 'NONE', #109, 1000.000000000000000 ) ;
#1913 = EDGE_LOOP ( 'NONE', ( #1690, #6480, #1569, #8687 ) ) ;
#1914 = VERTEX_POINT ( 'NONE', #4688 ) ;
#1915 = DIRECTION ( 'NONE',  ( -0.000000000000000000, -0.1470117858375538933, 0.9891347404802104393 ) ) ;
#1916 = DIRECTION ( 'NONE',  ( 0.000000000000000000, -0.9891347404802104393, -0.1470117858375541431 ) ) ;
#1917 = ORIENTED_EDGE ( 'NONE', *, *, #2182, .T. ) ;
#1918 = VECTOR ( 'NONE', #8802, 999.9999999999998863 ) ;
#1919 = DIRECTION ( 'NONE',  ( -1.000000000000000000, 0.000000000000000000, 0.000000000000000000 ) ) ;
#1920 = ORIENTED_EDGE ( 'NONE', *, *, #4677, .F. ) ;
#1921 = ORIENTED_EDGE ( 'NONE', *, *, #7960, .T. ) ;
#1922 = VECTOR ( 'NONE', #295, 999.9999999999998863 ) ;
#1923 = EDGE_CURVE ( 'NONE', #8793, #2876, #1931, .T. ) ;
#1924 = ORIENTED_EDGE ( 'NONE', *, *, #1548, .T. ) ;
#1925 = EDGE_CURVE ( 'NONE', #978, #6094, #7418, .T. ) ;
#1926 = CARTESIAN_POINT ( 'NONE',  ( -44.50000000000001421, -58.00000000000002132, 0.000000000000000000 ) ) ;
#1927 = VERTEX_POINT ( 'NONE', #3289 ) ;
#1928 = DIRECTION ( 'NONE',  ( 2.368743718123199160E-16, 1.000000000000000000, 0.000000000000000000 ) ) ;
#1929 = DIRECTION ( 'NONE',  ( 0.000000000000000000, -0.9891347404802104393, -0.1470117858375539210 ) ) ;
#1930 = CARTESIAN_POINT ( 'NONE',  ( 28.95000000000000284, -60.25000000000002132, 8.527141729315120600 ) ) ;
#1931 = CIRCLE ( 'NONE', #5811, 1.500000000000001998 ) ;
#1932 = DIRECTION ( 'NONE',  ( 0.000000000000000000, 0.000000000000000000, 1.000000000000000000 ) ) ;
#1933 = EDGE_CURVE ( 'NONE', #7255, #449, #8053, .T. ) ;
#1934 = AXIS2_PLACEMENT_3D ( 'NONE', #4614, #5920, #1916 ) ;
#1935 = LINE ( 'NONE', #6831, #7688 ) ;
#1936 = FACE_OUTER_BOUND ( 'NONE', #6064, .T. ) ;
#1937 = DIRECTION ( 'NONE',  ( 0.000000000000000000, 0.000000000000000000, 1.000000000000000000 ) ) ;
#1938 = CARTESIAN_POINT ( 'NONE',  ( 50.49999999999999289, 58.99999999999995737, 0.000000000000000000 ) ) ;
#1939 = DIRECTION ( 'NONE',  ( -0.000000000000000000, 0.05233595624294702653, 0.9986295347545737222 ) ) ;
#1940 = CARTESIAN_POINT ( 'NONE',  ( -17.99999999999999645, -63.50000000000002842, 10.19999999999999396 ) ) ;
#1941 = SURFACE_STYLE_USAGE ( .BOTH. , #8091 ) ;
#1942 = CARTESIAN_POINT ( 'NONE',  ( 50.49999999999999289, 58.99999999999995737, 1.500000000000000000 ) ) ;
#1943 = AXIS2_PLACEMENT_3D ( 'NONE', #1979, #6160, #5494 ) ;
#1944 = EDGE_CURVE ( 'NONE', #8348, #6376, #7373, .T. ) ;
#1945 = UNCERTAINTY_MEASURE_WITH_UNIT (LENGTH_MEASURE( 1.000000000000000082E-05 ), #1304, 'distance_accuracy_value', 'NONE');
#1946 = ORIENTED_EDGE ( 'NONE', *, *, #6584, .F. ) ;
#1947 = VECTOR ( 'NONE', #7631, 999.9999999999998863 ) ;
#1948 = DIRECTION ( 'NONE',  ( -0.000000000000000000, -0.000000000000000000, 1.000000000000000000 ) ) ;
#1949 = ORIENTED_EDGE ( 'NONE', *, *, #5758, .F. ) ;
#1950 = LINE ( 'NONE', #1356, #8709 ) ;
#1951 = CARTESIAN_POINT ( 'NONE',  ( 29.49999999999999645, -71.95184441433913491, 19.99999999999999645 ) ) ;
#1952 = FACE_BOUND ( 'NONE', #8727, .T. ) ;
#1953 = ORIENTED_EDGE ( 'NONE', *, *, #3306, .F. ) ;
#1954 = CARTESIAN_POINT ( 'NONE',  ( -35.50000000000000000, -53.00000000000002132, -1.192081353202898958E-14 ) ) ;
#1955 = STYLED_ITEM ( 'NONE', ( #3938 ), #3540 ) ;
#1956 = ORIENTED_EDGE ( 'NONE', *, *, #3189, .T. ) ;
#1957 = ADVANCED_FACE ( 'NONE', ( #5994 ), #6670, .F. ) ;
#1958 = VECTOR ( 'NONE', #7877, 1000.000000000000000 ) ;
#1959 = ORIENTED_EDGE ( 'NONE', *, *, #4789, .T. ) ;
#1960 = LINE ( 'NONE', #4702, #7993 ) ;
#1961 = CARTESIAN_POINT ( 'NONE',  ( 19.19999999999998508, -66.00000000000000000, 13.19999999999999929 ) ) ;
#1962 = DIRECTION ( 'NONE',  ( 0.000000000000000000, 0.9891347404802104393, 0.1470117858375541431 ) ) ;
#1963 = ORIENTED_EDGE ( 'NONE', *, *, #5447, .F. ) ;
#1964 = PRESENTATION_LAYER_ASSIGNMENT (  '', '', ( #5844 ) ) ;
#1965 = DIRECTION ( 'NONE',  ( -0.000000000000000000, -0.000000000000000000, -1.000000000000000000 ) ) ;
#1966 = SURFACE_STYLE_USAGE ( .BOTH. , #4620 ) ;
#1967 = ORIENTED_EDGE ( 'NONE', *, *, #5134, .T. ) ;
#1968 = EDGE_LOOP ( 'NONE', ( #482, #5644, #4908, #2642 ) ) ;
#1969 = ORIENTED_EDGE ( 'NONE', *, *, #8617, .F. ) ;
#1970 = CARTESIAN_POINT ( 'NONE',  ( -26.25000000000000355, -65.57133123440134170, 21.00000000000000000 ) ) ;
#1971 = UNCERTAINTY_MEASURE_WITH_UNIT (LENGTH_MEASURE( 1.000000000000000082E-05 ), #5737, 'distance_accuracy_value', 'NONE');
#1972 = VECTOR ( 'NONE', #7909, 1000.000000000000000 ) ;
#1973 = ORIENTED_EDGE ( 'NONE', *, *, #5427, .F. ) ;
#1974 = FACE_OUTER_BOUND ( 'NONE', #22, .T. ) ;
#1975 = CARTESIAN_POINT ( 'NONE',  ( 36.14999999999999147, -39.83472008604428538, -30.39446486877612941 ) ) ;
#1976 = EDGE_CURVE ( 'NONE', #8420, #494, #8766, .T. ) ;
#1977 = FILL_AREA_STYLE_COLOUR ( '', #5370 ) ;
#1978 = SURFACE_STYLE_FILL_AREA ( #723 ) ;
#1979 = CARTESIAN_POINT ( 'NONE',  ( 50.49999999999999289, 68.47605736279788857, 19.99999999999989697 ) ) ;
#1980 = LINE ( 'NONE', #1437, #1390 ) ;
#1981 =( LENGTH_UNIT ( ) NAMED_UNIT ( * ) SI_UNIT ( .MILLI., .METRE. ) );
#1982 = AXIS2_PLACEMENT_3D ( 'NONE', #8050, #5453, #6033 ) ;
#1983 = DIRECTION ( 'NONE',  ( 0.000000000000000000, -0.05233595624294853227, -0.9986295347545736112 ) ) ;
#1984 = DIRECTION ( 'NONE',  ( 0.000000000000000000, 0.05233595624294711673, 0.9986295347545737222 ) ) ;
#1985 = CARTESIAN_POINT ( 'NONE',  ( -22.69999999999999929, 61.49999999999997868, 4.500000000000000000 ) ) ;
#1986 = EDGE_CURVE ( 'NONE', #7834, #3489, #4380, .T. ) ;
#1987 = CARTESIAN_POINT ( 'NONE',  ( -33.64999999999999858, 43.39850362162523112, -24.75092472089291107 ) ) ;
#1988 = MECHANICAL_DESIGN_GEOMETRIC_PRESENTATION_REPRESENTATION (  '', ( #5024 ), #996 ) ;
#1989 = DIRECTION ( 'NONE',  ( 0.000000000000000000, 0.9891347404802104393, 0.1470117858375531439 ) ) ;
#1990 = ORIENTED_EDGE ( 'NONE', *, *, #1815, .T. ) ;
#1991 = FILL_AREA_STYLE ('',( #8813 ) ) ;
#1992 = VERTEX_POINT ( 'NONE', #1180 ) ;
#1993 = LINE ( 'NONE', #4739, #7728 ) ;
#1994 = SURFACE_STYLE_FILL_AREA ( #4031 ) ;
#1995 = COLOUR_RGB ( '',0.1019607843137254888, 0.1019607843137254888, 0.1019607843137254888 ) ;
#1996 = CARTESIAN_POINT ( 'NONE',  ( 28.95000000000000284, -61.71446609406729777, 8.309483035330865519 ) ) ;
#1997 = EDGE_CURVE ( 'NONE', #3436, #2161, #765, .T. ) ;
#1998 = ORIENTED_EDGE ( 'NONE', *, *, #1483, .T. ) ;
#1999 =( NAMED_UNIT ( * ) SI_UNIT ( $, .STERADIAN. ) SOLID_ANGLE_UNIT ( ) );
#2000 = CIRCLE ( 'NONE', #3016, 2.999999999999999112 ) ;
#2001 = ORIENTED_EDGE ( 'NONE', *, *, #7691, .F. ) ;
#2002 = SURFACE_STYLE_FILL_AREA ( #2716 ) ;
#2003 = FACE_OUTER_BOUND ( 'NONE', #2953, .T. ) ;
#2004 = DIRECTION ( 'NONE',  ( -0.000000000000000000, -0.1412171486779217056, -0.9899786446783980232 ) ) ;
#2005 = ORIENTED_EDGE ( 'NONE', *, *, #7778, .F. ) ;
#2006 = LINE ( 'NONE', #4797, #7721 ) ;
#2007 = CARTESIAN_POINT ( 'NONE',  ( 36.14999999999999147, -43.66069929519829174, 10.99275396857898812 ) ) ;
#2008 = ADVANCED_FACE ( 'NONE', ( #2575 ), #5328, .F. ) ;
#2009 = VERTEX_POINT ( 'NONE', #4729 ) ;
#2010 = AXIS2_PLACEMENT_3D ( 'NONE', #7548, #8316, #15 ) ;
#2011 = EDGE_LOOP ( 'NONE', ( #7321, #6294, #4223, #5532 ) ) ;
#2012 = ORIENTED_EDGE ( 'NONE', *, *, #7671, .T. ) ;
#2013 = DIRECTION ( 'NONE',  ( -0.000000000000000000, -0.1412171486779216778, -0.9899786446783979121 ) ) ;
#2014 = VECTOR ( 'NONE', #7476, 1000.000000000000000 ) ;
#2015 = ORIENTED_EDGE ( 'NONE', *, *, #3806, .T. ) ;
#2016 = LINE ( 'NONE', #1338, #7265 ) ;
#2017 = DIRECTION ( 'NONE',  ( -1.000000000000000000, -0.000000000000000000, 0.000000000000000000 ) ) ;
#2018 = CARTESIAN_POINT ( 'NONE',  ( -38.70000000000000995, -60.77133123440135876, 31.89999999999998437 ) ) ;
#2019 = ADVANCED_FACE ( 'NONE', ( #8635 ), #1135, .T. ) ;
#2020 = EDGE_CURVE ( 'NONE', #6893, #2748, #3081, .T. ) ;
#2021 = CARTESIAN_POINT ( 'NONE',  ( 43.50000000000000000, 0.000000000000000000, 0.000000000000000000 ) ) ;
#2022 = CARTESIAN_POINT ( 'NONE',  ( -19.19999999999997442, -60.25000000000004263, 13.19999999999999929 ) ) ;
#2023 = DIRECTION ( 'NONE',  ( -0.7071067811865486830, 0.6994238825007513816, 0.1039530306800786480 ) ) ;
#2024 = AXIS2_PLACEMENT_3D ( 'NONE', #7869, #5006, #7743 ) ;
#2025 = VECTOR ( 'NONE', #8016, 999.9999999999998863 ) ;
#2026 = CARTESIAN_POINT ( 'NONE',  ( 43.50000000000000711, 46.98324484557058867, -6.702003026422350018 ) ) ;
#2027 =( NAMED_UNIT ( * ) SI_UNIT ( $, .STERADIAN. ) SOLID_ANGLE_UNIT ( ) );
#2028 = CARTESIAN_POINT ( 'NONE',  ( -22.69999999999999929, -2.081668171172168513E-14, 13.87233320064247444 ) ) ;
#2029 = CARTESIAN_POINT ( 'NONE',  ( -26.25000000000000355, -65.57133123440134170, 20.00000000000000000 ) ) ;
#2030 = DIRECTION ( 'NONE',  ( 0.000000000000000000, -0.1470117858375538933, 0.9891347404802104393 ) ) ;
#2031 = CLOSED_SHELL ( 'NONE', ( #771, #6963, #1573, #579, #5613, #3735, #4546, #3758 ) ) ;
#2032 =( NAMED_UNIT ( * ) PLANE_ANGLE_UNIT ( ) SI_UNIT ( $, .RADIAN. ) );
#2033 = UNCERTAINTY_MEASURE_WITH_UNIT (LENGTH_MEASURE( 1.000000000000000082E-05 ), #3141, 'distance_accuracy_value', 'NONE');
#2034 = ADVANCED_FACE ( 'NONE', ( #3889 ), #6626, .F. ) ;
#2035 = VERTEX_POINT ( 'NONE', #6582 ) ;
#2036 = ADVANCED_FACE ( 'NONE', ( #5901 ), #3929, .F. ) ;
#2037 = ORIENTED_EDGE ( 'NONE', *, *, #7238, .F. ) ;
#2038 = CARTESIAN_POINT ( 'NONE',  ( -50.49999999999999289, 68.47605736279788857, 28.99999999999998934 ) ) ;
#2039 = DIRECTION ( 'NONE',  ( -1.000000000000000000, 0.000000000000000000, 0.000000000000000000 ) ) ;
#2040 = AXIS2_PLACEMENT_3D ( 'NONE', #8499, #2480, #1078 ) ;
#2041 = AXIS2_PLACEMENT_3D ( 'NONE', #5333, #6083, #637 ) ;
#2042 = FACE_OUTER_BOUND ( 'NONE', #4338, .T. ) ;
#2043 = ORIENTED_EDGE ( 'NONE', *, *, #2819, .T. ) ;
#2044 = DIRECTION ( 'NONE',  ( 0.000000000000000000, 1.281219081732939915E-16, -1.000000000000000000 ) ) ;
#2045 = CIRCLE ( 'NONE', #7489, 2.300000000000004263 ) ;
#2046 = ORIENTED_EDGE ( 'NONE', *, *, #3859, .F. ) ;
#2047 = ADVANCED_FACE ( 'NONE', ( #4104 ), #7549, .F. ) ;
#2048 =( LENGTH_UNIT ( ) NAMED_UNIT ( * ) SI_UNIT ( .MILLI., .METRE. ) );
#2049 = CARTESIAN_POINT ( 'NONE',  ( 16.19999999999999574, -2.081668171172168513E-14, 13.87233320064247444 ) ) ;
#2050 = CARTESIAN_POINT ( 'NONE',  ( 43.49999999999998579, 72.99999999999997158, -1.000000000000000000 ) ) ;
#2051 = VERTEX_POINT ( 'NONE', #7599 ) ;
#2052 = LINE ( 'NONE', #1565, #4686 ) ;
#2053 = LINE ( 'NONE', #4043, #5425 ) ;
#2054 = DIRECTION ( 'NONE',  ( 1.000000000000000000, 0.000000000000000000, 0.000000000000000000 ) ) ;
#2055 = ORIENTED_EDGE ( 'NONE', *, *, #5141, .F. ) ;
#2056 = VECTOR ( 'NONE', #5227, 1000.000000000000000 ) ;
#2057 = ORIENTED_EDGE ( 'NONE', *, *, #5675, .T. ) ;
#2058 = ORIENTED_EDGE ( 'NONE', *, *, #1116, .T. ) ;
#2059 = EDGE_CURVE ( 'NONE', #1460, #6733, #4149, .T. ) ;
#2060 = VECTOR ( 'NONE', #8717, 1000.000000000000000 ) ;
#2061 = DIRECTION ( 'NONE',  ( -1.000000000000000000, -0.000000000000000000, -0.000000000000000000 ) ) ;
#2062 = UNCERTAINTY_MEASURE_WITH_UNIT (LENGTH_MEASURE( 1.000000000000000082E-05 ), #6485, 'distance_accuracy_value', 'NONE');
#2063 = DIRECTION ( 'NONE',  ( -1.000000000000000000, -0.000000000000000000, -0.000000000000000000 ) ) ;
#2064 = ORIENTED_EDGE ( 'NONE', *, *, #342, .F. ) ;
#2065 = DIRECTION ( 'NONE',  ( 0.000000000000000000, 2.434699615406044823E-15, 1.000000000000000000 ) ) ;
#2066 = DIRECTION ( 'NONE',  ( 0.000000000000000000, -0.6352870048231626932, 0.7722761303464033000 ) ) ;
#2067 = LINE ( 'NONE', #257, #945 ) ;
#2068 = DIRECTION ( 'NONE',  ( -0.000000000000000000, -0.1412171486779217056, -0.9899786446783980232 ) ) ;
#2069 = EDGE_LOOP ( 'NONE', ( #6370, #5115, #5166, #3131 ) ) ;
#2070 =( GEOMETRIC_REPRESENTATION_CONTEXT ( 3 ) GLOBAL_UNCERTAINTY_ASSIGNED_CONTEXT ( ( #5287 ) ) GLOBAL_UNIT_ASSIGNED_CONTEXT ( ( #6086, #2497, #2669 ) ) REPRESENTATION_CONTEXT ( 'NONE', 'WORKASPACE' ) );
#2071 = EDGE_CURVE ( 'NONE', #1745, #8795, #16, .T. ) ;
#2072 = CARTESIAN_POINT ( 'NONE',  ( -24.44999999999998508, -62.75000000000005684, 8.155575096830393278 ) ) ;
#2073 = SURFACE_SIDE_STYLE ('',( #725 ) ) ;
#2074 = VECTOR ( 'NONE', #3975, 1000.000000000000114 ) ;
#2075 = CARTESIAN_POINT ( 'NONE',  ( 33.54999999999998295, -72.10581084864197976, 15.15141316081601985 ) ) ;
#2076 = FACE_OUTER_BOUND ( 'NONE', #8110, .T. ) ;
#2077 = DIRECTION ( 'NONE',  ( 1.000000000000000000, 0.000000000000000000, 0.000000000000000000 ) ) ;
#2078 = DIRECTION ( 'NONE',  ( -0.000000000000000000, -0.1412171486779217056, -0.9899786446783980232 ) ) ;
#2079 = CARTESIAN_POINT ( 'NONE',  ( 36.14999999999999147, -48.21071910140725691, 10.31649975372624084 ) ) ;
#2080 = COLOUR_RGB ( '',0.2980392156862745057, 0.2980392156862745057, 0.2980392156862745057 ) ;
#2081 = DIRECTION ( 'NONE',  ( 0.000000000000000000, 0.1470117858375539210, -0.9891347404802105503 ) ) ;
#2082 = ORIENTED_EDGE ( 'NONE', *, *, #2794, .F. ) ;
#2083 = ORIENTED_EDGE ( 'NONE', *, *, #3794, .T. ) ;
#2084 = CARTESIAN_POINT ( 'NONE',  ( -32.99999999999999289, 47.76381921715434942, 24.58087415664791209 ) ) ;
#2085 = CARTESIAN_POINT ( 'NONE',  ( 34.00000000000000711, 53.86480832941285257, -16.46821757328082825 ) ) ;
#2086 = AXIS2_PLACEMENT_3D ( 'NONE', #3613, #5003, #1672 ) ;
#2087 = ADVANCED_FACE ( 'NONE', ( #6256 ), #4773, .F. ) ;
#2088 = DIRECTION ( 'NONE',  ( 0.000000000000000000, 0.000000000000000000, 1.000000000000000000 ) ) ;
#2089 = EDGE_CURVE ( 'NONE', #2603, #5383, #5590, .T. ) ;
#2090 =( GEOMETRIC_REPRESENTATION_CONTEXT ( 3 ) GLOBAL_UNCERTAINTY_ASSIGNED_CONTEXT ( ( #6081 ) ) GLOBAL_UNIT_ASSIGNED_CONTEXT ( ( #4062, #6794, #729 ) ) REPRESENTATION_CONTEXT ( 'NONE', 'WORKASPACE' ) );
#2091 = CIRCLE ( 'NONE', #8117, 1.500000000000001998 ) ;
#2092 = VERTEX_POINT ( 'NONE', #3429 ) ;
#2093 = CARTESIAN_POINT ( 'NONE',  ( -26.44999999999998863, -60.25000000000004974, 13.19999999999999929 ) ) ;
#2094 = DIRECTION ( 'NONE',  ( 1.000000000000000000, 0.000000000000000000, 0.000000000000000000 ) ) ;
#2095 = CARTESIAN_POINT ( 'NONE',  ( -33.99999999999999289, 47.39628975256046317, 27.05371100784843463 ) ) ;
#2096 = ORIENTED_EDGE ( 'NONE', *, *, #2702, .F. ) ;
#2097 = PRESENTATION_LAYER_ASSIGNMENT (  '', '', ( #5973 ) ) ;
#2098 =( REPRESENTATION_RELATIONSHIP ('NONE','NONE', #2496, #2887 ) REPRESENTATION_RELATIONSHIP_WITH_TRANSFORMATION ( #814 )SHAPE_REPRESENTATION_RELATIONSHIP( ) );
#2099 = PLANE ( 'NONE',  #4076 ) ;
#2100 = DIRECTION ( 'NONE',  ( -0.000000000000000000, -0.1470117858375538933, 0.9891347404802104393 ) ) ;
#2101 = ORIENTED_EDGE ( 'NONE', *, *, #4096, .T. ) ;
#2102 = VECTOR ( 'NONE', #7521, 999.9999999999998863 ) ;
#2103 = EDGE_CURVE ( 'NONE', #2246, #5719, #7513, .T. ) ;
#2104 = AXIS2_PLACEMENT_3D ( 'NONE', #6946, #4934, #3493 ) ;
#2105 = VERTEX_POINT ( 'NONE', #8317 ) ;
#2106 = ORIENTED_EDGE ( 'NONE', *, *, #3027, .F. ) ;
#2107 = VECTOR ( 'NONE', #8234, 1000.000000000000000 ) ;
#2108 = CARTESIAN_POINT ( 'NONE',  ( 2.500000000000000444, 62.15058174320375883, 31.79999999999997939 ) ) ;
#2109 = CARTESIAN_POINT ( 'NONE',  ( 45.03146930970040529, 71.46853069029954497, 29.22217523145196338 ) ) ;
#2110 = PLANE ( 'NONE',  #3954 ) ;
#2111 = ORIENTED_EDGE ( 'NONE', *, *, #264, .F. ) ;
#2112 = CARTESIAN_POINT ( 'NONE',  ( 43.50000000000000000, -63.50000000000002842, 10.19999999999999396 ) ) ;
#2113 = CARTESIAN_POINT ( 'NONE',  ( 38.65000000000000568, 43.19133205955289867, -14.51913211432252204 ) ) ;
#2114 = DIRECTION ( 'NONE',  ( -0.000000000000000000, -0.1412171486779217056, -0.9899786446783980232 ) ) ;
#2115 = PLANE ( 'NONE',  #1580 ) ;
#2116 = ORIENTED_EDGE ( 'NONE', *, *, #6788, .F. ) ;
#2117 = CYLINDRICAL_SURFACE ( 'NONE', #6920, 1.000000000000000888 ) ;
#2118 = EDGE_CURVE ( 'NONE', #947, #8105, #8224, .T. ) ;
#2119 = ORIENTED_EDGE ( 'NONE', *, *, #2307, .T. ) ;
#2120 = VECTOR ( 'NONE', #5307, 1000.000000000000000 ) ;
#2121 = DIRECTION ( 'NONE',  ( 0.000000000000000000, 0.000000000000000000, 1.000000000000000000 ) ) ;
#2122 = LINE ( 'NONE', #6346, #5108 ) ;
#2123 = CARTESIAN_POINT ( 'NONE',  ( 34.00000000000000711, 19.79943049316259973, 22.95208218298068559 ) ) ;
#2124 = DIRECTION ( 'NONE',  ( 0.000000000000000000, 0.000000000000000000, 1.000000000000000000 ) ) ;
#2125 = FILL_AREA_STYLE_COLOUR ( '', #645 ) ;
#2126 = FILL_AREA_STYLE_COLOUR ( '', #3452 ) ;
#2127 = PRODUCT_DEFINITION_FORMATION_WITH_SPECIFIED_SOURCE ( 'ANY', '', #188, .NOT_KNOWN. ) ;
#2128 = DIRECTION ( 'NONE',  ( -0.000000000000000000, 0.000000000000000000, 1.000000000000000000 ) ) ;
#2129 = DIRECTION ( 'NONE',  ( -1.000000000000000000, 0.000000000000000000, 0.000000000000000000 ) ) ;
#2130 = ADVANCED_FACE ( 'NONE', ( #6929 ), #106, .F. ) ;
#2131 = SURFACE_STYLE_FILL_AREA ( #2276 ) ;
#2132 = LINE ( 'NONE', #4151, #2558 ) ;
#2133 = MECHANICAL_DESIGN_GEOMETRIC_PRESENTATION_REPRESENTATION (  '', ( #7156 ), #8451 ) ;
#2134 = VERTEX_POINT ( 'NONE', #8498 ) ;
#2135 = LINE ( 'NONE', #7653, #1470 ) ;
#2136 = ORIENTED_EDGE ( 'NONE', *, *, #5350, .F. ) ;
#2137 = CARTESIAN_POINT ( 'NONE',  ( 33.54999999999998295, -72.10581084864197976, 15.15141316081601985 ) ) ;
#2138 = DIRECTION ( 'NONE',  ( -0.000000000000000000, -0.000000000000000000, -1.000000000000000000 ) ) ;
#2139 = DIRECTION ( 'NONE',  ( -1.073336997274574296E-16, -0.9899786446783980232, 0.1412171486779217056 ) ) ;
#2140 = DIRECTION ( 'NONE',  ( 0.000000000000000000, -0.9986295347545737222, -0.05233595624294858778 ) ) ;
#2141 = CIRCLE ( 'NONE', #8456, 3.750000000000005329 ) ;
#2142 = FACE_OUTER_BOUND ( 'NONE', #4623, .T. ) ;
#2143 = ORIENTED_EDGE ( 'NONE', *, *, #4024, .F. ) ;
#2144 = CYLINDRICAL_SURFACE ( 'NONE', #525, 2.500000000000002220 ) ;
#2145 = FACE_OUTER_BOUND ( 'NONE', #2069, .T. ) ;
#2146 = PLANE ( 'NONE',  #4393 ) ;
#2147 = AXIS2_PLACEMENT_3D ( 'NONE', #7991, #1372, #7443 ) ;
#2148 = ORIENTED_EDGE ( 'NONE', *, *, #535, .T. ) ;
#2149 = ADVANCED_FACE ( 'NONE', ( #957 ), #4331, .F. ) ;
#2150 = EDGE_CURVE ( 'NONE', #5145, #3461, #5807, .T. ) ;
#2151 = LINE ( 'NONE', #6282, #2102 ) ;
#2152 = DIRECTION ( 'NONE',  ( 1.000000000000000000, 0.000000000000000000, 0.000000000000000000 ) ) ;
#2153 = CARTESIAN_POINT ( 'NONE',  ( -50.50000000000000711, -66.00000000000002842, 0.000000000000000000 ) ) ;
#2154 = EDGE_LOOP ( 'NONE', ( #245, #294, #2982, #2242 ) ) ;
#2155 = CONICAL_SURFACE ( 'NONE', #4156, 1.649999999999982148, 1.029744258676648538 ) ;
#2156 = VERTEX_POINT ( 'NONE', #911 ) ;
#2157 = ORIENTED_EDGE ( 'NONE', *, *, #6864, .F. ) ;
#2158 = CARTESIAN_POINT ( 'NONE',  ( -43.50000000000000000, -66.00000000000004263, 4.500000000000000000 ) ) ;
#2159 = DIRECTION ( 'NONE',  ( -0.000000000000000000, -0.1412171486779217056, -0.9899786446783980232 ) ) ;
#2160 = CARTESIAN_POINT ( 'NONE',  ( -40.99999999999999289, -62.46446609406730488, 8.198013045585446079 ) ) ;
#2161 = VERTEX_POINT ( 'NONE', #5096 ) ;
#2162 = EDGE_CURVE ( 'NONE', #5722, #8706, #4088, .T. ) ;
#2163 = ADVANCED_FACE ( 'NONE', ( #4376 ), #5010, .F. ) ;
#2164 =( NAMED_UNIT ( * ) PLANE_ANGLE_UNIT ( ) SI_UNIT ( $, .RADIAN. ) );
#2165 = AXIS2_PLACEMENT_3D ( 'NONE', #794, #4752, #83 ) ;
#2166 = DIRECTION ( 'NONE',  ( 0.000000000000000000, 0.9899786446783979121, -0.1412171486779219554 ) ) ;
#2167 = ORIENTED_EDGE ( 'NONE', *, *, #363, .T. ) ;
#2168 = FACE_OUTER_BOUND ( 'NONE', #5001, .T. ) ;
#2169 = ORIENTED_EDGE ( 'NONE', *, *, #5583, .F. ) ;
#2170 = VECTOR ( 'NONE', #6167, 999.9999999999998863 ) ;
#2171 = DIRECTION ( 'NONE',  ( -0.000000000000000000, 0.000000000000000000, 1.000000000000000000 ) ) ;
#2172 = CARTESIAN_POINT ( 'NONE',  ( 24.44999999999998508, -57.74999999999999289, 8.898708361799847921 ) ) ;
#2173 = FACE_OUTER_BOUND ( 'NONE', #4642, .T. ) ;
#2174 = DIRECTION ( 'NONE',  ( -1.000000000000000000, -0.000000000000000000, -0.000000000000000000 ) ) ;
#2175 = AXIS2_PLACEMENT_3D ( 'NONE', #2855, #4980, #2094 ) ;
#2176 = CARTESIAN_POINT ( 'NONE',  ( 26.24999999999999645, -65.57133123440134170, 21.00000000000000000 ) ) ;
#2177 = SURFACE_STYLE_FILL_AREA ( #2840 ) ;
#2178 = CARTESIAN_POINT ( 'NONE',  ( 38.50000000000000000, -61.00000000000005684, 0.000000000000000000 ) ) ;
#2179 = CARTESIAN_POINT ( 'NONE',  ( 38.65000000000000568, -45.69957439943059541, -12.04138133987996007 ) ) ;
#2180 =( NAMED_UNIT ( * ) SI_UNIT ( $, .STERADIAN. ) SOLID_ANGLE_UNIT ( ) );
#2181 = ORIENTED_EDGE ( 'NONE', *, *, #695, .T. ) ;
#2182 = EDGE_CURVE ( 'NONE', #2156, #1712, #239, .T. ) ;
#2183 = ORIENTED_EDGE ( 'NONE', *, *, #666, .F. ) ;
#2184 = LINE ( 'NONE', #2236, #7422 ) ;
#2185 = DIRECTION ( 'NONE',  ( -5.204170427930421283E-15, 0.000000000000000000, 1.000000000000000000 ) ) ;
#2186 = FILL_AREA_STYLE ('',( #4884 ) ) ;
#2187 = ORIENTED_EDGE ( 'NONE', *, *, #5727, .T. ) ;
#2188 =( GEOMETRIC_REPRESENTATION_CONTEXT ( 3 ) GLOBAL_UNCERTAINTY_ASSIGNED_CONTEXT ( ( #4205 ) ) GLOBAL_UNIT_ASSIGNED_CONTEXT ( ( #5502, #7374, #4019 ) ) REPRESENTATION_CONTEXT ( 'NONE', 'WORKASPACE' ) );
#2189 = CARTESIAN_POINT ( 'NONE',  ( 36.54999999999998295, -72.10581084864197976, 15.15141316081602341 ) ) ;
#2190 = VERTEX_POINT ( 'NONE', #7157 ) ;
#2191 = EDGE_CURVE ( 'NONE', #8232, #2857, #6445, .T. ) ;
#2192 = LINE ( 'NONE', #788, #5414 ) ;
#2193 = CONICAL_SURFACE ( 'NONE', #4629, 2.024999999999999023, 0.7853981633974442822 ) ;
#2194 = CARTESIAN_POINT ( 'NONE',  ( 46.49999999999998579, 69.99999999999998579, 0.000000000000000000 ) ) ;
#2195 = LINE ( 'NONE', #4935, #2252 ) ;
#2196 = ORIENTED_EDGE ( 'NONE', *, *, #1168, .T. ) ;
#2197 = DIRECTION ( 'NONE',  ( 0.000000000000000000, -0.9891347404802104393, -0.1470117858375541431 ) ) ;
#2198 = CARTESIAN_POINT ( 'NONE',  ( 22.69999999999999929, -2.081668171172168513E-14, 13.87233320064247444 ) ) ;
#2199 = CARTESIAN_POINT ( 'NONE',  ( 46.89999999999999858, 55.99999999999995737, 25.50000000000000000 ) ) ;
#2200 = ORIENTED_EDGE ( 'NONE', *, *, #1722, .F. ) ;
#2201 = AXIS2_PLACEMENT_3D ( 'NONE', #5996, #5330, #2451 ) ;
#2202 = MECHANICAL_DESIGN_GEOMETRIC_PRESENTATION_REPRESENTATION (  '', ( #1041 ), #7929 ) ;
#2203 = VERTEX_POINT ( 'NONE', #5135 ) ;
#2204 = PRODUCT_DEFINITION_SHAPE ( 'NONE', 'NONE',  #8873 ) ;
#2205 = ORIENTED_EDGE ( 'NONE', *, *, #5416, .F. ) ;
#2206 = DIRECTION ( 'NONE',  ( -0.000000000000000000, -0.000000000000000000, 1.000000000000000000 ) ) ;
#2207 = CARTESIAN_POINT ( 'NONE',  ( -33.64999999999999858, 43.39850362162523112, -24.75092472089291107 ) ) ;
#2208 = DIRECTION ( 'NONE',  ( 0.000000000000000000, 0.9899786446783979121, -0.1412171486779218166 ) ) ;
#2209 = ORIENTED_EDGE ( 'NONE', *, *, #6117, .T. ) ;
#2210 = SURFACE_STYLE_FILL_AREA ( #940 ) ;
#2211 = PRESENTATION_LAYER_ASSIGNMENT (  '', '', ( #2355 ) ) ;
#2212 = DIRECTION ( 'NONE',  ( 0.000000000000000000, -0.9986295347545737222, 0.05233595624294712367 ) ) ;
#2213 =( NAMED_UNIT ( * ) PLANE_ANGLE_UNIT ( ) SI_UNIT ( $, .RADIAN. ) );
#2214 = VERTEX_POINT ( 'NONE', #3752 ) ;
#2215 = CARTESIAN_POINT ( 'NONE',  ( -43.50000000000002132, 72.99999999999997158, 0.000000000000000000 ) ) ;
#2216 = ORIENTED_EDGE ( 'NONE', *, *, #6047, .T. ) ;
#2217 = EDGE_CURVE ( 'NONE', #7276, #6889, #328, .T. ) ;
#2218 = EDGE_CURVE ( 'NONE', #494, #4047, #2927, .T. ) ;
#2219 = COLOUR_RGB ( '',0.2980392156862745057, 0.2980392156862745057, 0.2980392156862745057 ) ;
#2220 = CONTEXT_DEPENDENT_SHAPE_REPRESENTATION ( #2098, #6366 ) ;
#2221 = CARTESIAN_POINT ( 'NONE',  ( -24.44999999999998508, -60.25000000000004974, -30.80000000000000426 ) ) ;
#2222 = DIRECTION ( 'NONE',  ( 0.000000000000000000, 0.000000000000000000, 1.000000000000000000 ) ) ;
#2223 = DIRECTION ( 'NONE',  ( 0.000000000000000000, 0.9899786446783979121, -0.1412171486779219554 ) ) ;
#2224 = LINE ( 'NONE', #2123, #3624 ) ;
#2225 = LINE ( 'NONE', #1394, #7433 ) ;
#2226 = AXIS2_PLACEMENT_3D ( 'NONE', #3083, #7891, #259 ) ;
#2227 = DIRECTION ( 'NONE',  ( -0.000000000000000000, 0.000000000000000000, 1.000000000000000000 ) ) ;
#2228 = DIRECTION ( 'NONE',  ( -1.000000000000000000, -0.000000000000000000, -0.000000000000000000 ) ) ;
#2229 = LINE ( 'NONE', #4877, #4057 ) ;
#2230 = CARTESIAN_POINT ( 'NONE',  ( -38.49999999999999289, -63.50000000000005684, 0.000000000000000000 ) ) ;
#2231 = EDGE_CURVE ( 'NONE', #7232, #4551, #2976, .T. ) ;
#2232 = DIRECTION ( 'NONE',  ( 0.000000000000000000, 0.000000000000000000, 1.000000000000000000 ) ) ;
#2233 = APPLICATION_CONTEXT ( 'automotive_design' ) ;
#2234 = UNCERTAINTY_MEASURE_WITH_UNIT (LENGTH_MEASURE( 1.000000000000000082E-05 ), #8614, 'distance_accuracy_value', 'NONE');
#2235 = ORIENTED_EDGE ( 'NONE', *, *, #7741, .T. ) ;
#2236 = CARTESIAN_POINT ( 'NONE',  ( -45.69225013068767538, 45.19579197497444056, 4.500000000000000000 ) ) ;
#2237 = CARTESIAN_POINT ( 'NONE',  ( 33.00000000000000711, -43.01062552733076672, 13.61683378229601793 ) ) ;
#2238 = FACE_OUTER_BOUND ( 'NONE', #1201, .T. ) ;
#2239 = VERTEX_POINT ( 'NONE', #7025 ) ;
#2240 = PLANE ( 'NONE',  #4204 ) ;
#2241 = EDGE_CURVE ( 'NONE', #287, #128, #863, .T. ) ;
#2242 = ORIENTED_EDGE ( 'NONE', *, *, #2931, .F. ) ;
#2243 = CONICAL_SURFACE ( 'NONE', #8671, 1.649999999999982148, 1.029744258676648538 ) ;
#2244 = FACE_OUTER_BOUND ( 'NONE', #7003, .T. ) ;
#2245 = DIRECTION ( 'NONE',  ( 0.000000000000000000, 0.1470117858375538655, -0.9891347404802103283 ) ) ;
#2246 = VERTEX_POINT ( 'NONE', #193 ) ;
#2247 = CARTESIAN_POINT ( 'NONE',  ( -38.50000000000000000, -53.00000000000002132, -1.192081353202898958E-14 ) ) ;
#2248 = FACE_BOUND ( 'NONE', #3760, .T. ) ;
#2249 = SURFACE_SIDE_STYLE ('',( #5752 ) ) ;
#2250 = EDGE_LOOP ( 'NONE', ( #7930, #1211, #1223, #946, #686, #7391 ) ) ;
#2251 = EDGE_CURVE ( 'NONE', #4924, #5566, #5683, .T. ) ;
#2252 = VECTOR ( 'NONE', #7664, 1000.000000000000000 ) ;
#2253 = ORIENTED_EDGE ( 'NONE', *, *, #888, .F. ) ;
#2254 = CIRCLE ( 'NONE', #652, 2.500000000000002220 ) ;
#2255 = ORIENTED_EDGE ( 'NONE', *, *, #6707, .F. ) ;
#2256 = CARTESIAN_POINT ( 'NONE',  ( 33.00000000000000711, 47.76381921715436363, 24.58087415664791919 ) ) ;
#2257 = PLANE ( 'NONE',  #5243 ) ;
#2258 = VERTEX_POINT ( 'NONE', #7747 ) ;
#2259 = VECTOR ( 'NONE', #7490, 1000.000000000000000 ) ;
#2260 = LINE ( 'NONE', #7053, #5698 ) ;
#2261 = CARTESIAN_POINT ( 'NONE',  ( 41.49999999999997868, 63.00000000000000000, 0.000000000000000000 ) ) ;
#2262 = ORIENTED_EDGE ( 'NONE', *, *, #1228, .T. ) ;
#2263 = PLANE ( 'NONE',  #4485 ) ;
#2264 = VERTEX_POINT ( 'NONE', #759 ) ;
#2265 = PRESENTATION_LAYER_ASSIGNMENT (  '', '', ( #1955 ) ) ;
#2266 = DIRECTION ( 'NONE',  ( 0.000000000000000000, 0.000000000000000000, -1.000000000000000000 ) ) ;
#2267 = AXIS2_PLACEMENT_3D ( 'NONE', #2675, #1323, #6092 ) ;
#2268 = LINE ( 'NONE', #7740, #5847 ) ;
#2269 = DIRECTION ( 'NONE',  ( 0.000000000000000000, -1.000000000000000000, -3.083952846180990774E-16 ) ) ;
#2270 = EDGE_CURVE ( 'NONE', #4045, #873, #8099, .T. ) ;
#2271 = EDGE_CURVE ( 'NONE', #4551, #7806, #7817, .T. ) ;
#2272 = FILL_AREA_STYLE ('',( #7231 ) ) ;
#2273 = CARTESIAN_POINT ( 'NONE',  ( -50.50000000000000000, -65.00000000000002842, 31.99999999999998579 ) ) ;
#2274 = DIRECTION ( 'NONE',  ( 0.000000000000000000, -7.638175199916774264E-16, 1.000000000000000000 ) ) ;
#2275 = VECTOR ( 'NONE', #56, 1000.000000000000000 ) ;
#2276 = FILL_AREA_STYLE ('',( #822 ) ) ;
#2277 = CARTESIAN_POINT ( 'NONE',  ( -36.15000000000000568, -46.30323866289666057, 13.12746371235313525 ) ) ;
#2278 = VERTEX_POINT ( 'NONE', #5666 ) ;
#2279 = VECTOR ( 'NONE', #6507, 999.9999999999998863 ) ;
#2280 = EDGE_LOOP ( 'NONE', ( #2096, #4849, #2043 ) ) ;
#2281 = AXIS2_PLACEMENT_3D ( 'NONE', #6171, #7506, #1989 ) ;
#2282 = DIRECTION ( 'NONE',  ( 0.000000000000000000, 0.000000000000000000, 1.000000000000000000 ) ) ;
#2283 = EDGE_CURVE ( 'NONE', #3352, #6227, #2729, .T. ) ;
#2284 = CARTESIAN_POINT ( 'NONE',  ( -43.50000000000000000, -61.00000000000004974, 10.94313326496945038 ) ) ;
#2285 = DIRECTION ( 'NONE',  ( -1.000000000000000000, 0.000000000000000000, 0.000000000000000000 ) ) ;
#2286 = EDGE_LOOP ( 'NONE', ( #6390, #2055 ) ) ;
#2287 = PRODUCT_DEFINITION_SHAPE ( 'NONE', 'NONE',  #3903 ) ;
#2288 = DIRECTION ( 'NONE',  ( -0.000000000000000000, -0.000000000000000000, 1.000000000000000000 ) ) ;
#2289 = AXIS2_PLACEMENT_3D ( 'NONE', #8587, #1852, #5854 ) ;
#2290 = ORIENTED_EDGE ( 'NONE', *, *, #2270, .F. ) ;
#2291 = DIRECTION ( 'NONE',  ( 0.000000000000000000, 1.000000000000000000, -2.434699615406046401E-15 ) ) ;
#2292 = DIRECTION ( 'NONE',  ( -1.000000000000000000, 0.000000000000000000, 0.000000000000000000 ) ) ;
#2293 = CARTESIAN_POINT ( 'NONE',  ( -33.99999999999999289, 40.60859475801828467, 23.51741709386650214 ) ) ;
#2294 = ORIENTED_EDGE ( 'NONE', *, *, #6029, .T. ) ;
#2295 = ADVANCED_FACE ( 'NONE', ( #6910 ), #2257, .T. ) ;
#2296 = CARTESIAN_POINT ( 'NONE',  ( 0.000000000000000000, 0.000000000000000000, 0.000000000000000000 ) ) ;
#2297 =( GEOMETRIC_REPRESENTATION_CONTEXT ( 3 ) GLOBAL_UNCERTAINTY_ASSIGNED_CONTEXT ( ( #869 ) ) GLOBAL_UNIT_ASSIGNED_CONTEXT ( ( #508, #7370, #1303 ) ) REPRESENTATION_CONTEXT ( 'NONE', 'WORKASPACE' ) );
#2298 = DIRECTION ( 'NONE',  ( -0.000000000000000000, -0.1412171486779216778, -0.9899786446783979121 ) ) ;
#2299 = CARTESIAN_POINT ( 'NONE',  ( 34.64999999999999147, -71.11669522854620595, 21.35768172941429555 ) ) ;
#2300 = VERTEX_POINT ( 'NONE', #4903 ) ;
#2301 = VERTEX_POINT ( 'NONE', #175 ) ;
#2302 = EDGE_LOOP ( 'NONE', ( #2845, #357, #8156, #2037 ) ) ;
#2303 = CYLINDRICAL_SURFACE ( 'NONE', #4405, 2.500000000000015987 ) ;
#2304 = DIRECTION ( 'NONE',  ( 0.000000000000000000, 0.9891347404802104393, 0.1470117858375541431 ) ) ;
#2305 = FACE_OUTER_BOUND ( 'NONE', #3902, .T. ) ;
#2306 = EDGE_LOOP ( 'NONE', ( #607, #4624, #8574, #3893, #2888, #4941, #4154, #5251 ) ) ;
#2307 = EDGE_CURVE ( 'NONE', #3716, #2258, #2698, .T. ) ;
#2308 =( LENGTH_UNIT ( ) NAMED_UNIT ( * ) SI_UNIT ( .MILLI., .METRE. ) );
#2309 = ORIENTED_EDGE ( 'NONE', *, *, #8618, .T. ) ;
#2310 = CARTESIAN_POINT ( 'NONE',  ( 0.000000000000000000, 62.15058174320375883, 31.89999999999998437 ) ) ;
#2311 = ORIENTED_EDGE ( 'NONE', *, *, #3475, .T. ) ;
#2312 = ORIENTED_EDGE ( 'NONE', *, *, #6928, .F. ) ;
#2313 = DIRECTION ( 'NONE',  ( -0.000000000000000000, -0.9986295347545737222, 0.05233595624294713061 ) ) ;
#2314 = AXIS2_PLACEMENT_3D ( 'NONE', #1611, #3595, #4352 ) ;
#2315 = LINE ( 'NONE', #6393, #537 ) ;
#2316 = EDGE_CURVE ( 'NONE', #916, #4560, #5393, .T. ) ;
#2317 = CYLINDRICAL_SURFACE ( 'NONE', #8155, 2.500000000000015987 ) ;
#2318 = DIRECTION ( 'NONE',  ( 1.000000000000000000, 0.000000000000000000, 0.000000000000000000 ) ) ;
#2319 = AXIS2_PLACEMENT_3D ( 'NONE', #3665, #147, #8270 ) ;
#2320 = LINE ( 'NONE', #7749, #7937 ) ;
#2321 = ORIENTED_EDGE ( 'NONE', *, *, #8789, .T. ) ;
#2322 = VECTOR ( 'NONE', #4525, 1000.000000000000000 ) ;
#2323 = ORIENTED_EDGE ( 'NONE', *, *, #4137, .T. ) ;
#2324 = CARTESIAN_POINT ( 'NONE',  ( -24.44999999999998508, -60.25000000000004974, 13.19999999999999929 ) ) ;
#2325 = DIRECTION ( 'NONE',  ( -1.000000000000000000, 0.000000000000000000, 0.000000000000000000 ) ) ;
#2326 = EDGE_CURVE ( 'NONE', #4115, #8634, #7531, .T. ) ;
#2327 = EDGE_CURVE ( 'NONE', #7565, #6736, #76, .T. ) ;
#2328 = ORIENTED_EDGE ( 'NONE', *, *, #3027, .T. ) ;
#2329 = DIRECTION ( 'NONE',  ( -0.000000000000000000, -0.000000000000000000, 1.000000000000000000 ) ) ;
#2330 = EDGE_LOOP ( 'NONE', ( #8602, #7814 ) ) ;
#2331 = CARTESIAN_POINT ( 'NONE',  ( -33.64999999999999858, 41.81799528866010718, -24.14667443381994616 ) ) ;
#2332 = SURFACE_STYLE_FILL_AREA ( #2373 ) ;
#2333 =( GEOMETRIC_REPRESENTATION_CONTEXT ( 3 ) GLOBAL_UNCERTAINTY_ASSIGNED_CONTEXT ( ( #3958 ) ) GLOBAL_UNIT_ASSIGNED_CONTEXT ( ( #3885, #8673, #4913 ) ) REPRESENTATION_CONTEXT ( 'NONE', 'WORKASPACE' ) );
#2334 = CARTESIAN_POINT ( 'NONE',  ( 54.05000000000000426, 55.99999999999995026, 23.60000000000000853 ) ) ;
#2335 = LINE ( 'NONE', #982, #6608 ) ;
#2336 = ORIENTED_EDGE ( 'NONE', *, *, #3554, .T. ) ;
#2337 = VERTEX_POINT ( 'NONE', #711 ) ;
#2338 = EDGE_CURVE ( 'NONE', #6320, #983, #801, .T. ) ;
#2339 = AXIS2_PLACEMENT_3D ( 'NONE', #1987, #4730, #6037 ) ;
#2340 = ORIENTED_EDGE ( 'NONE', *, *, #1830, .F. ) ;
#2341 = DIRECTION ( 'NONE',  ( -1.000000000000000000, 0.000000000000000000, 0.000000000000000000 ) ) ;
#2342 = ORIENTED_EDGE ( 'NONE', *, *, #4048, .T. ) ;
#2343 = CIRCLE ( 'NONE', #3056, 2.300000000000004263 ) ;
#2344 = CARTESIAN_POINT ( 'NONE',  ( -36.15000000000000568, 43.08489116081717896, 23.88546074003531672 ) ) ;
#2345 = VERTEX_POINT ( 'NONE', #3557 ) ;
#2346 = EDGE_CURVE ( 'NONE', #7633, #4004, #5469, .T. ) ;
#2347 = VERTEX_POINT ( 'NONE', #8254 ) ;
#2348 = VECTOR ( 'NONE', #924, 1000.000000000000000 ) ;
#2349 = CYLINDRICAL_SURFACE ( 'NONE', #8681, 1.500000000000001998 ) ;
#2350 = DIRECTION ( 'NONE',  ( 1.000000000000000000, 0.000000000000000000, 0.000000000000000000 ) ) ;
#2351 = DIRECTION ( 'NONE',  ( -0.000000000000000000, -0.000000000000000000, 1.000000000000000000 ) ) ;
#2352 =( NAMED_UNIT ( * ) SI_UNIT ( $, .STERADIAN. ) SOLID_ANGLE_UNIT ( ) );
#2353 = DIRECTION ( 'NONE',  ( -0.000000000000000000, -0.1470117858375538933, 0.9891347404802104393 ) ) ;
#2354 = LINE ( 'NONE', #1720, #3919 ) ;
#2355 = STYLED_ITEM ( 'NONE', ( #2523 ), #1183 ) ;
#2356 = DIRECTION ( 'NONE',  ( 0.000000000000000000, 0.000000000000000000, -1.000000000000000000 ) ) ;
#2357 = ADVANCED_FACE ( 'NONE', ( #8302 ), #2110, .F. ) ;
#2358 = PRESENTATION_STYLE_ASSIGNMENT (( #3668 ) ) ;
#2359 = STYLED_ITEM ( 'NONE', ( #7220 ), #1484 ) ;
#2360 = VERTEX_POINT ( 'NONE', #2869 ) ;
#2361 = CARTESIAN_POINT ( 'NONE',  ( 52.79999999999999005, -56.00000000000003553, 20.59999999999999076 ) ) ;
#2362 = LINE ( 'NONE', #7165, #3249 ) ;
#2363 = EDGE_LOOP ( 'NONE', ( #7851, #1607, #5775, #272 ) ) ;
#2364 = DIRECTION ( 'NONE',  ( -1.000000000000000000, 0.000000000000000000, 0.000000000000000000 ) ) ;
#2365 = CARTESIAN_POINT ( 'NONE',  ( 19.19999999999998508, -66.00000000000000000, 13.19999999999999929 ) ) ;
#2366 = CIRCLE ( 'NONE', #7094, 1.000000000000000000 ) ;
#2367 = VERTEX_POINT ( 'NONE', #7581 ) ;
#2368 = CYLINDRICAL_SURFACE ( 'NONE', #3043, 2.500000000000000444 ) ;
#2369 = CARTESIAN_POINT ( 'NONE',  ( 43.89606111598818927, -73.00000000000005684, -1.110223024625156540E-13 ) ) ;
#2370 = EDGE_LOOP ( 'NONE', ( #1622, #2846, #2686, #2670, #5016, #5031, #6567, #6821, #5101, #408, #1449, #314, #8514, #870, #3094, #7348 ) ) ;
#2371 = DIRECTION ( 'NONE',  ( 0.000000000000000000, -0.05233595624294608284, -0.9986295347545738332 ) ) ;
#2372 = VECTOR ( 'NONE', #2228, 1000.000000000000000 ) ;
#2373 = FILL_AREA_STYLE ('',( #6417 ) ) ;
#2374 = EDGE_CURVE ( 'NONE', #5145, #5076, #2379, .T. ) ;
#2375 = CYLINDRICAL_SURFACE ( 'NONE', #4160, 3.000000000000002665 ) ;
#2376 = ADVANCED_FACE ( 'NONE', ( #2824 ), #2243, .F. ) ;
#2377 = ORIENTED_EDGE ( 'NONE', *, *, #675, .F. ) ;
#2378 = EDGE_LOOP ( 'NONE', ( #216, #8471, #7083, #7257, #6250 ) ) ;
#2379 = CIRCLE ( 'NONE', #1800, 3.000000000000002665 ) ;
#2380 = VERTEX_POINT ( 'NONE', #664 ) ;
#2381 = DIRECTION ( 'NONE',  ( -0.5053284346926683046, -0.4051197323511924742, -0.7619194022669036892 ) ) ;
#2382 = DIRECTION ( 'NONE',  ( -1.589059672650511298E-16, 1.000000000000000000, -0.000000000000000000 ) ) ;
#2383 = CARTESIAN_POINT ( 'NONE',  ( -5.493370263725178998E-16, -43.99976026781097005, 13.46982199645845846 ) ) ;
#2384 = DIRECTION ( 'NONE',  ( 0.000000000000000000, -0.4694715627858927487, -0.8829475928589258782 ) ) ;
#2385 = EDGE_CURVE ( 'NONE', #2914, #3201, #3413, .T. ) ;
#2386 = VERTEX_POINT ( 'NONE', #3603 ) ;
#2387 =( GEOMETRIC_REPRESENTATION_CONTEXT ( 3 ) GLOBAL_UNCERTAINTY_ASSIGNED_CONTEXT ( ( #5399 ) ) GLOBAL_UNIT_ASSIGNED_CONTEXT ( ( #6913, #2164, #4905 ) ) REPRESENTATION_CONTEXT ( 'NONE', 'WORKASPACE' ) );
#2388 = ORIENTED_EDGE ( 'NONE', *, *, #6275, .T. ) ;
#2389 = PRESENTATION_LAYER_ASSIGNMENT (  '', '', ( #7254 ) ) ;
#2390 = EDGE_LOOP ( 'NONE', ( #4858, #7788, #4933, #1093 ) ) ;
#2391 = VECTOR ( 'NONE', #7143, 1000.000000000000000 ) ;
#2392 = LINE ( 'NONE', #411, #6115 ) ;
#2393 = CARTESIAN_POINT ( 'NONE',  ( 39.19999999999998153, -72.27328590861941393, 11.95579864960138750 ) ) ;
#2394 = CARTESIAN_POINT ( 'NONE',  ( 38.65000000000000568, 43.39850362162523112, -24.75092472089291107 ) ) ;
#2395 = COLOUR_RGB ( '',0.2980392156862745057, 0.2980392156862745057, 0.2980392156862745057 ) ;
#2396 = CARTESIAN_POINT ( 'NONE',  ( -41.70000000000002416, 64.22866876559862703, 31.89999999999998437 ) ) ;
#2397 = ADVANCED_FACE ( 'NONE', ( #6152 ), #4, .T. ) ;
#2398 = LINE ( 'NONE', #1635, #8 ) ;
#2399 = CIRCLE ( 'NONE', #5130, 0.9999999999999971134 ) ;
#2400 = DIRECTION ( 'NONE',  ( -1.000000000000000000, 0.000000000000000000, 0.000000000000000000 ) ) ;
#2401 = VECTOR ( 'NONE', #5834, 1000.000000000000000 ) ;
#2402 = AXIS2_PLACEMENT_3D ( 'NONE', #4471, #2405, #2937 ) ;
#2403 = DIRECTION ( 'NONE',  ( 0.000000000000000000, 0.9899786446783981342, -0.1412171486779209839 ) ) ;
#2404 = EDGE_CURVE ( 'NONE', #2678, #1829, #1664, .T. ) ;
#2405 = DIRECTION ( 'NONE',  ( -1.000000000000000000, -0.000000000000000000, 0.000000000000000000 ) ) ;
#2406 = ADVANCED_FACE ( 'NONE', ( #2305 ), #3650, .T. ) ;
#2407 = VECTOR ( 'NONE', #2652, 1000.000000000000000 ) ;
#2408 = DIRECTION ( 'NONE',  ( -2.392722035830078972E-16, -0.9899786446783979121, 0.1412171486779215945 ) ) ;
#2409 = DIRECTION ( 'NONE',  ( -0.000000000000000000, -1.000000000000000000, -0.000000000000000000 ) ) ;
#2410 = VECTOR ( 'NONE', #4665, 1000.000000000000114 ) ;
#2411 = ORIENTED_EDGE ( 'NONE', *, *, #898, .F. ) ;
#2412 = CARTESIAN_POINT ( 'NONE',  ( 40.50000000000000000, -53.00000000000002132, -1.192081353202898958E-14 ) ) ;
#2413 = DIRECTION ( 'NONE',  ( 0.000000000000000000, 0.7758451142123504729, -0.6309234175023342717 ) ) ;
#2414 = VERTEX_POINT ( 'NONE', #8530 ) ;
#2415 = FACE_BOUND ( 'NONE', #1060, .T. ) ;
#2416 = DIRECTION ( 'NONE',  ( 0.000000000000000000, -0.6352870048231626932, 0.7722761303464033000 ) ) ;
#2417 = CARTESIAN_POINT ( 'NONE',  ( 35.04999999999998295, -72.36749062985673220, 10.15826548704315258 ) ) ;
#2418 = SURFACE_STYLE_USAGE ( .BOTH. , #2585 ) ;
#2419 = ORIENTED_EDGE ( 'NONE', *, *, #3634, .F. ) ;
#2420 = AXIS2_PLACEMENT_3D ( 'NONE', #5600, #5645, #4833 ) ;
#2421 = ORIENTED_EDGE ( 'NONE', *, *, #8639, .F. ) ;
#2422 = EDGE_LOOP ( 'NONE', ( #1141, #1422 ) ) ;
#2423 = ADVANCED_FACE ( 'NONE', ( #5879, #3135, #4362, #4316, #400 ), #5165, .T. ) ;
#2424 = DIRECTION ( 'NONE',  ( -2.368743718123199160E-16, -1.000000000000000000, 0.000000000000000000 ) ) ;
#2425 = CARTESIAN_POINT ( 'NONE',  ( 33.54999999999998295, -72.10581084864197976, 15.15141316081601985 ) ) ;
#2426 =( GEOMETRIC_REPRESENTATION_CONTEXT ( 3 ) GLOBAL_UNCERTAINTY_ASSIGNED_CONTEXT ( ( #3295 ) ) GLOBAL_UNIT_ASSIGNED_CONTEXT ( ( #464, #2837, #6974 ) ) REPRESENTATION_CONTEXT ( 'NONE', 'WORKASPACE' ) );
#2427 = VERTEX_POINT ( 'NONE', #5962 ) ;
#2428 = FILL_AREA_STYLE_COLOUR ( '', #3236 ) ;
#2429 = LINE ( 'NONE', #3097, #4014 ) ;
#2430 = ORIENTED_EDGE ( 'NONE', *, *, #6362, .T. ) ;
#2431 = AXIS2_PLACEMENT_3D ( 'NONE', #2973, #3108, #1589 ) ;
#2432 = EDGE_LOOP ( 'NONE', ( #4779, #6213, #2328, #8644 ) ) ;
#2433 = EDGE_CURVE ( 'NONE', #7907, #4493, #1200, .T. ) ;
#2434 = VERTEX_POINT ( 'NONE', #2633 ) ;
#2435 = EDGE_CURVE ( 'NONE', #2337, #5300, #2940, .T. ) ;
#2436 = DIRECTION ( 'NONE',  ( -1.000000000000000000, 0.000000000000000000, 0.000000000000000000 ) ) ;
#2437 = SURFACE_SIDE_STYLE ('',( #543 ) ) ;
#2438 = SURFACE_SIDE_STYLE ('',( #5724 ) ) ;
#2439 = MECHANICAL_DESIGN_GEOMETRIC_PRESENTATION_REPRESENTATION (  '', ( #705 ), #5450 ) ;
#2440 = DIRECTION ( 'NONE',  ( -0.000000000000000000, -0.1412171486779217056, -0.9899786446783980232 ) ) ;
#2441 = DIRECTION ( 'NONE',  ( -2.775557561562890735E-17, -0.1470117858375538933, 0.9891347404802104393 ) ) ;
#2442 = CARTESIAN_POINT ( 'NONE',  ( -46.50000000000002842, 68.99999999999997158, 4.499999999999997335 ) ) ;
#2443 = SURFACE_STYLE_FILL_AREA ( #5183 ) ;
#2444 = EDGE_CURVE ( 'NONE', #554, #8483, #529, .T. ) ;
#2445 = DIRECTION ( 'NONE',  ( 1.000000000000000000, 0.000000000000000000, 0.000000000000000000 ) ) ;
#2446 =( NAMED_UNIT ( * ) SI_UNIT ( $, .STERADIAN. ) SOLID_ANGLE_UNIT ( ) );
#2447 = CARTESIAN_POINT ( 'NONE',  ( 34.64999999999999147, -69.35617686809909799, 24.66873520263527197 ) ) ;
#2448 = FACE_OUTER_BOUND ( 'NONE', #4756, .T. ) ;
#2449 = ORIENTED_EDGE ( 'NONE', *, *, #2241, .F. ) ;
#2450 = DIRECTION ( 'NONE',  ( 1.049727191138615121E-16, -0.9213095310110793745, -0.3888299732121290875 ) ) ;
#2451 = DIRECTION ( 'NONE',  ( 0.000000000000000000, 0.9899786446783979121, -0.1412171486779215390 ) ) ;
#2452 = ADVANCED_FACE ( 'NONE', ( #3265 ), #6600, .T. ) ;
#2453 = VECTOR ( 'NONE', #4394, 1000.000000000000114 ) ;
#2454 = ORIENTED_EDGE ( 'NONE', *, *, #8801, .F. ) ;
#2455 = SURFACE_SIDE_STYLE ('',( #7300 ) ) ;
#2456 = DIRECTION ( 'NONE',  ( 1.000000000000000000, 0.000000000000000000, 0.000000000000000000 ) ) ;
#2457 = CARTESIAN_POINT ( 'NONE',  ( -24.49999999999999289, 55.49999999999997868, 4.500000000000000000 ) ) ;
#2458 = CARTESIAN_POINT ( 'NONE',  ( 39.94999999999998863, -48.61515718961152288, 31.89999999999998437 ) ) ;
#2459 = ORIENTED_EDGE ( 'NONE', *, *, #6952, .F. ) ;
#2460 = ORIENTED_EDGE ( 'NONE', *, *, #6001, .T. ) ;
#2461 = EDGE_CURVE ( 'NONE', #2214, #6639, #8743, .T. ) ;
#2462 = ORIENTED_EDGE ( 'NONE', *, *, #604, .F. ) ;
#2463 = CARTESIAN_POINT ( 'NONE',  ( 38.69999999999998863, -60.77133123440134455, 31.89999999999998437 ) ) ;
#2464 = VECTOR ( 'NONE', #4770, 1000.000000000000000 ) ;
#2465 = SURFACE_STYLE_USAGE ( .BOTH. , #313 ) ;
#2466 = ORIENTED_EDGE ( 'NONE', *, *, #6952, .T. ) ;
#2467 = DIRECTION ( 'NONE',  ( 0.000000000000000000, 0.000000000000000000, 1.000000000000000000 ) ) ;
#2468 = CARTESIAN_POINT ( 'NONE',  ( -38.49999999999999289, -61.00000000000003553, 10.19999999999998863 ) ) ;
#2469 = DIRECTION ( 'NONE',  ( 0.000000000000000000, 0.000000000000000000, 1.000000000000000000 ) ) ;
#2470 = EDGE_LOOP ( 'NONE', ( #4701, #4484, #4709, #7263 ) ) ;
#2471 = ORIENTED_EDGE ( 'NONE', *, *, #3000, .F. ) ;
#2472 = VERTEX_POINT ( 'NONE', #3908 ) ;
#2473 = CARTESIAN_POINT ( 'NONE',  ( 40.50000000000000000, -50.00000000000001421, 0.000000000000000000 ) ) ;
#2474 = VERTEX_POINT ( 'NONE', #1878 ) ;
#2475 = STYLED_ITEM ( 'NONE', ( #6894 ), #653 ) ;
#2476 = CARTESIAN_POINT ( 'NONE',  ( 38.50000000000000000, -63.50000000000002842, 8.044105107084975614 ) ) ;
#2477 = CARTESIAN_POINT ( 'NONE',  ( -24.44999999999998508, -62.75000000000005684, -30.80000000000000426 ) ) ;
#2478 = EDGE_CURVE ( 'NONE', #2360, #1022, #6100, .T. ) ;
#2479 = ADVANCED_FACE ( 'NONE', ( #6731 ), #487, .F. ) ;
#2480 = DIRECTION ( 'NONE',  ( 0.000000000000000000, 0.000000000000000000, -1.000000000000000000 ) ) ;
#2481 = DIRECTION ( 'NONE',  ( 3.134672739800619314E-17, -0.3162277660168373306, 0.9486832980505141011 ) ) ;
#2482 = VECTOR ( 'NONE', #2520, 1000.000000000000000 ) ;
#2483 = CARTESIAN_POINT ( 'NONE',  ( 36.14999999999999147, -46.30323866289666057, 13.12746371235313525 ) ) ;
#2484 = FACE_OUTER_BOUND ( 'NONE', #4667, .T. ) ;
#2485 =( NAMED_UNIT ( * ) PLANE_ANGLE_UNIT ( ) SI_UNIT ( $, .RADIAN. ) );
#2486 = ORIENTED_EDGE ( 'NONE', *, *, #8676, .F. ) ;
#2487 = DIRECTION ( 'NONE',  ( -1.000000000000000000, -1.374038396813312538E-16, 0.000000000000000000 ) ) ;
#2488 = EDGE_CURVE ( 'NONE', #6494, #2566, #3527, .T. ) ;
#2489 = DIRECTION ( 'NONE',  ( 2.413528314402512315E-15, 1.000000000000000000, 0.000000000000000000 ) ) ;
#2490 = CARTESIAN_POINT ( 'NONE',  ( 17.99999999999999645, -57.50000000000004263, -7.347880794884100015E-16 ) ) ;
#2491 = ORIENTED_EDGE ( 'NONE', *, *, #315, .F. ) ;
#2492 = DIRECTION ( 'NONE',  ( 0.000000000000000000, 0.000000000000000000, -1.000000000000000000 ) ) ;
#2493 = ORIENTED_EDGE ( 'NONE', *, *, #733, .F. ) ;
#2494 = DIRECTION ( 'NONE',  ( 0.000000000000000000, 0.000000000000000000, -1.000000000000000000 ) ) ;
#2495 = PLANE ( 'NONE',  #8694 ) ;
#2496 = SHAPE_REPRESENTATION ( 'PAX IM30 asm', ( #8577, #5998, #7573 ), #4865 ) ;
#2497 =( NAMED_UNIT ( * ) PLANE_ANGLE_UNIT ( ) SI_UNIT ( $, .RADIAN. ) );
#2498 = LINE ( 'NONE', #5295, #5169 ) ;
#2499 = EDGE_CURVE ( 'NONE', #7700, #2009, #3995, .T. ) ;
#2500 = EDGE_LOOP ( 'NONE', ( #5963, #6949, #2818, #8856, #7425, #5085 ) ) ;
#2501 = CIRCLE ( 'NONE', #63, 2.500000000000002220 ) ;
#2502 = SURFACE_SIDE_STYLE ('',( #3260 ) ) ;
#2503 = VERTEX_POINT ( 'NONE', #6053 ) ;
#2504 = ORIENTED_EDGE ( 'NONE', *, *, #2271, .T. ) ;
#2505 = VECTOR ( 'NONE', #7822, 1000.000000000000000 ) ;
#2506 = FACE_OUTER_BOUND ( 'NONE', #5221, .T. ) ;
#2507 = FILL_AREA_STYLE ('',( #2554 ) ) ;
#2508 = ORIENTED_EDGE ( 'NONE', *, *, #2435, .F. ) ;
#2509 = CARTESIAN_POINT ( 'NONE',  ( 34.00000000000000711, 40.24106529342437710, 25.99025394506701758 ) ) ;
#2510 = CYLINDRICAL_SURFACE ( 'NONE', #6161, 6.250000000000012434 ) ;
#2511 = EDGE_CURVE ( 'NONE', #3936, #6224, #6965, .T. ) ;
#2512 = ORIENTED_EDGE ( 'NONE', *, *, #1799, .T. ) ;
#2513 = AXIS2_PLACEMENT_3D ( 'NONE', #988, #1744, #8442 ) ;
#2514 = EDGE_LOOP ( 'NONE', ( #2321, #3339, #2718, #7122 ) ) ;
#2515 = VERTEX_POINT ( 'NONE', #5387 ) ;
#2516 = LINE ( 'NONE', #1713, #3107 ) ;
#2517 = CARTESIAN_POINT ( 'NONE',  ( 38.44999999999998153, -48.61515718961152288, 31.89999999999998437 ) ) ;
#2518 = VECTOR ( 'NONE', #300, 1000.000000000000000 ) ;
#2519 = DIRECTION ( 'NONE',  ( -1.000000000000000000, -0.000000000000000000, -0.000000000000000000 ) ) ;
#2520 = DIRECTION ( 'NONE',  ( -0.000000000000000000, -0.000000000000000000, 1.000000000000000000 ) ) ;
#2521 = CARTESIAN_POINT ( 'NONE',  ( 34.50000000000000000, -30.97551545505828585, -9.243909163890635278E-15 ) ) ;
#2522 = AXIS2_PLACEMENT_3D ( 'NONE', #4762, #2114, #1480 ) ;
#2523 = PRESENTATION_STYLE_ASSIGNMENT (( #5684 ) ) ;
#2524 = VECTOR ( 'NONE', #3311, 1000.000000000000000 ) ;
#2525 = SURFACE_SIDE_STYLE ('',( #2443 ) ) ;
#2526 = CIRCLE ( 'NONE', #7539, 2.300000000000004263 ) ;
#2527 = EDGE_CURVE ( 'NONE', #7014, #1367, #8700, .T. ) ;
#2528 = DIRECTION ( 'NONE',  ( 0.000000000000000000, 0.1470117858375539210, -0.9891347404802104393 ) ) ;
#2529 = EDGE_CURVE ( 'NONE', #4152, #8837, #7439, .T. ) ;
#2530 = CARTESIAN_POINT ( 'NONE',  ( 24.44999999999998508, -62.75000000000002842, 13.19999999999999929 ) ) ;
#2531 = MECHANICAL_DESIGN_GEOMETRIC_PRESENTATION_REPRESENTATION (  '', ( #6561 ), #3243 ) ;
#2532 = SURFACE_STYLE_FILL_AREA ( #8633 ) ;
#2533 = ORIENTED_EDGE ( 'NONE', *, *, #604, .T. ) ;
#2534 = CARTESIAN_POINT ( 'NONE',  ( 34.64999999999999147, -68.41723374252731560, 26.43463038835312418 ) ) ;
#2535 = DIRECTION ( 'NONE',  ( 1.810146235801888476E-15, -1.000000000000000000, 0.000000000000000000 ) ) ;
#2536 = AXIS2_PLACEMENT_3D ( 'NONE', #5654, #3589, #2854 ) ;
#2537 = DIRECTION ( 'NONE',  ( -0.000000000000000000, -0.1470117858375538933, 0.9891347404802104393 ) ) ;
#2538 = ORIENTED_EDGE ( 'NONE', *, *, #5172, .T. ) ;
#2539 = EDGE_CURVE ( 'NONE', #1354, #287, #8817, .T. ) ;
#2540 = ORIENTED_EDGE ( 'NONE', *, *, #3725, .T. ) ;
#2541 = CIRCLE ( 'NONE', #4839, 2.500000000000002220 ) ;
#2542 = LINE ( 'NONE', #8815, #4850 ) ;
#2543 = CARTESIAN_POINT ( 'NONE',  ( -16.19999999999999218, -63.50000000000002842, 10.19999999999999396 ) ) ;
#2544 = DIRECTION ( 'NONE',  ( 1.000000000000000000, 0.000000000000000000, -0.000000000000000000 ) ) ;
#2545 = ORIENTED_EDGE ( 'NONE', *, *, #5123, .F. ) ;
#2546 = DIRECTION ( 'NONE',  ( 0.000000000000000000, 0.000000000000000000, 1.000000000000000000 ) ) ;
#2547 = VECTOR ( 'NONE', #1162, 1000.000000000000114 ) ;
#2548 = VECTOR ( 'NONE', #2784, 1000.000000000000000 ) ;
#2549 = ORIENTED_EDGE ( 'NONE', *, *, #4778, .T. ) ;
#2550 = VERTEX_POINT ( 'NONE', #1283 ) ;
#2551 = EDGE_CURVE ( 'NONE', #5076, #1017, #8822, .T. ) ;
#2552 = DIRECTION ( 'NONE',  ( 1.000000000000000000, 0.000000000000000000, 0.000000000000000000 ) ) ;
#2553 =( BOUNDED_CURVE ( )  B_SPLINE_CURVE ( 3, ( #5219, #7997, #454, #4625 ),
 .UNSPECIFIED., .F., .T. ) 
 B_SPLINE_CURVE_WITH_KNOTS ( ( 4, 4 ),
 ( 4.879837059604373195, 6.283185307179586232 ),
 .UNSPECIFIED. ) 
 CURVE ( )  GEOMETRIC_REPRESENTATION_ITEM ( )  RATIONAL_B_SPLINE_CURVE ( ( 1.000000000000000000, 0.8425084105506475129, 0.8425084105506475129, 1.000000000000000000 ) ) 
 REPRESENTATION_ITEM ( '' )  );
#2554 = FILL_AREA_STYLE_COLOUR ( '', #4095 ) ;
#2555 = ORIENTED_EDGE ( 'NONE', *, *, #4137, .F. ) ;
#2556 = CARTESIAN_POINT ( 'NONE',  ( -31.13375866546478932, 57.07249472080884800, 31.89999999999998437 ) ) ;
#2557 = AXIS2_PLACEMENT_3D ( 'NONE', #6760, #6677, #518 ) ;
#2558 = VECTOR ( 'NONE', #4733, 1000.000000000000227 ) ;
#2559 = CARTESIAN_POINT ( 'NONE',  ( 37.49999999999998579, 50.32835413437400973, -25.73944476163834594 ) ) ;
#2560 = DIRECTION ( 'NONE',  ( 0.000000000000000000, -0.05233595624295107190, -0.9986295347545733891 ) ) ;
#2561 = ORIENTED_EDGE ( 'NONE', *, *, #1531, .T. ) ;
#2562 = ORIENTED_EDGE ( 'NONE', *, *, #8274, .F. ) ;
#2563 = ORIENTED_EDGE ( 'NONE', *, *, #4037, .T. ) ;
#2564 = ADVANCED_FACE ( 'NONE', ( #3865 ), #3182, .T. ) ;
#2565 = CARTESIAN_POINT ( 'NONE',  ( 50.49999999999998579, 64.78362978644214820, 4.500000000000000000 ) ) ;
#2566 = VERTEX_POINT ( 'NONE', #2095 ) ;
#2567 = DIRECTION ( 'NONE',  ( -0.000000000000000000, -0.1412171486779217056, -0.9899786446783980232 ) ) ;
#2568 = CARTESIAN_POINT ( 'NONE',  ( 42.49999999999995026, -73.00000000000002842, 0.000000000000000000 ) ) ;
#2569 = CARTESIAN_POINT ( 'NONE',  ( 52.79999999999999005, -56.00000000000003553, 20.59999999999999076 ) ) ;
#2570 = ADVANCED_FACE ( 'NONE', ( #789 ), #7568, .F. ) ;
#2571 = CARTESIAN_POINT ( 'NONE',  ( 45.20000000000000284, 57.00000000000002842, 44.00000000000000711 ) ) ;
#2572 = CARTESIAN_POINT ( 'NONE',  ( 31.13375866546478932, 57.07249472080884800, 31.79999999999997939 ) ) ;
#2573 = FACE_OUTER_BOUND ( 'NONE', #1660, .T. ) ;
#2574 = VERTEX_POINT ( 'NONE', #6855 ) ;
#2575 = FACE_OUTER_BOUND ( 'NONE', #6003, .T. ) ;
#2576 = CARTESIAN_POINT ( 'NONE',  ( 36.54999999999998295, -72.10581084864197976, 15.15141316081602341 ) ) ;
#2577 = VECTOR ( 'NONE', #4708, 1000.000000000000000 ) ;
#2578 = LINE ( 'NONE', #1050, #8794 ) ;
#2579 = UNCERTAINTY_MEASURE_WITH_UNIT (LENGTH_MEASURE( 1.000000000000000082E-05 ), #6785, 'distance_accuracy_value', 'NONE');
#2580 = ORIENTED_EDGE ( 'NONE', *, *, #1923, .T. ) ;
#2581 = CARTESIAN_POINT ( 'NONE',  ( 29.49999999999999645, -71.95184441433913491, 20.00000000000000000 ) ) ;
#2582 = ORIENTED_EDGE ( 'NONE', *, *, #3587, .T. ) ;
#2583 = CARTESIAN_POINT ( 'NONE',  ( 34.50000000000000711, -12.41379277605159892, -2.647767772941379771 ) ) ;
#2584 = SURFACE_SIDE_STYLE ('',( #1190 ) ) ;
#2585 = SURFACE_SIDE_STYLE ('',( #7343 ) ) ;
#2586 = ORIENTED_EDGE ( 'NONE', *, *, #8472, .T. ) ;
#2587 = ADVANCED_FACE ( 'NONE', ( #2901 ), #1513, .F. ) ;
#2588 = EDGE_CURVE ( 'NONE', #3677, #3489, #4259, .T. ) ;
#2589 = AXIS2_PLACEMENT_3D ( 'NONE', #8253, #4361, #7096 ) ;
#2590 = ORIENTED_EDGE ( 'NONE', *, *, #6615, .T. ) ;
#2591 = ORIENTED_EDGE ( 'NONE', *, *, #948, .F. ) ;
#2592 = CARTESIAN_POINT ( 'NONE',  ( 26.25000000000000355, -65.57133123440134170, 20.00000000000000000 ) ) ;
#2593 = DIRECTION ( 'NONE',  ( 0.000000000000000000, 0.000000000000000000, 1.000000000000000000 ) ) ;
#2594 = CARTESIAN_POINT ( 'NONE',  ( 45.20000000000000284, 0.000000000000000000, 4.500000000000000000 ) ) ;
#2595 = ORIENTED_EDGE ( 'NONE', *, *, #1458, .T. ) ;
#2596 = DIRECTION ( 'NONE',  ( 1.418225216287623632E-16, 0.9899786446783980232, -0.1412171486779217056 ) ) ;
#2597 = AXIS2_PLACEMENT_3D ( 'NONE', #7226, #1066, #1833 ) ;
#2598 = CARTESIAN_POINT ( 'NONE',  ( 38.69999999999996732, -63.77133123440134455, 31.89999999999998437 ) ) ;
#2599 = PRESENTATION_STYLE_ASSIGNMENT (( #1966 ) ) ;
#2600 = VERTEX_POINT ( 'NONE', #6323 ) ;
#2601 = EDGE_CURVE ( 'NONE', #3722, #8711, #5565, .T. ) ;
#2602 = ORIENTED_EDGE ( 'NONE', *, *, #7729, .F. ) ;
#2603 = VERTEX_POINT ( 'NONE', #4165 ) ;
#2604 = DIRECTION ( 'NONE',  ( 2.387304702908168762E-15, 0.9891347404802104393, 0.1470117858375539210 ) ) ;
#2605 = ORIENTED_EDGE ( 'NONE', *, *, #2316, .F. ) ;
#2606 = CARTESIAN_POINT ( 'NONE',  ( 38.65000000000000568, 41.39379686615147591, -24.46495999482011996 ) ) ;
#2607 = PLANE ( 'NONE',  #5744 ) ;
#2608 = AXIS2_PLACEMENT_3D ( 'NONE', #588, #4638, #507 ) ;
#2609 = ADVANCED_FACE ( 'NONE', ( #4080 ), #8154, .T. ) ;
#2610 = VECTOR ( 'NONE', #7793, 1000.000000000000000 ) ;
#2611 = DIRECTION ( 'NONE',  ( 1.000000000000000000, 0.000000000000000000, 0.000000000000000000 ) ) ;
#2612 = CARTESIAN_POINT ( 'NONE',  ( -46.50000000000002842, 65.20526680779792628, 3.235088935932650234 ) ) ;
#2613 = CARTESIAN_POINT ( 'NONE',  ( 41.49999999999997868, 63.00000000000000000, -1.000000000000000000 ) ) ;
#2614 = DIRECTION ( 'NONE',  ( 0.000000000000000000, -0.1412171486779212892, -0.9899786446783980232 ) ) ;
#2615 = CARTESIAN_POINT ( 'NONE',  ( -35.46978530033189969, 51.00015215853799333, 7.195940576316090009E-16 ) ) ;
#2616 = FACE_OUTER_BOUND ( 'NONE', #2634, .T. ) ;
#2617 = EDGE_CURVE ( 'NONE', #7059, #4317, #3379, .T. ) ;
#2618 = AXIS2_PLACEMENT_3D ( 'NONE', #329, #7158, #415 ) ;
#2619 = CARTESIAN_POINT ( 'NONE',  ( -22.98553390593270507, -57.75000000000002842, 8.898708361799847921 ) ) ;
#2620 = VERTEX_POINT ( 'NONE', #4209 ) ;
#2621 = VECTOR ( 'NONE', #1139, 1000.000000000000000 ) ;
#2622 = DIRECTION ( 'NONE',  ( 1.000000000000000000, 0.000000000000000000, 0.000000000000000000 ) ) ;
#2623 = DIRECTION ( 'NONE',  ( -3.134672739800619314E-17, 0.3162277660168373306, -0.9486832980505141011 ) ) ;
#2624 = LINE ( 'NONE', #6678, #8419 ) ;
#2625 = FACE_BOUND ( 'NONE', #1701, .T. ) ;
#2626 = ORIENTED_EDGE ( 'NONE', *, *, #3652, .F. ) ;
#2627 = CARTESIAN_POINT ( 'NONE',  ( -43.50000000000002132, 72.99999999999997158, -1.000000000000000000 ) ) ;
#2628 = COLOUR_RGB ( '',0.4980392156862745168, 0.4980392156862745168, 0.4980392156862745168 ) ;
#2629 = ORIENTED_EDGE ( 'NONE', *, *, #8759, .T. ) ;
#2630 = ORIENTED_EDGE ( 'NONE', *, *, #8493, .F. ) ;
#2631 = CARTESIAN_POINT ( 'NONE',  ( 34.64999999999999147, -70.29511999367088038, 22.90284001691741622 ) ) ;
#2632 = PLANE ( 'NONE',  #5047 ) ;
#2633 = CARTESIAN_POINT ( 'NONE',  ( 29.49999999999999289, -65.57133123440134170, 20.00000000000000000 ) ) ;
#2634 = EDGE_LOOP ( 'NONE', ( #6518, #4898, #6953, #8236 ) ) ;
#2635 = ADVANCED_FACE ( 'NONE', ( #6226 ), #2146, .F. ) ;
#2636 = VECTOR ( 'NONE', #7175, 1000.000000000000114 ) ;
#2637 = CARTESIAN_POINT ( 'NONE',  ( -31.69999999999997797, -68.40386580794736915, 9.842721470718334587 ) ) ;
#2638 = CARTESIAN_POINT ( 'NONE',  ( -26.25000000000000355, -25.57133123440134170, 20.00000000000000000 ) ) ;
#2639 = EDGE_LOOP ( 'NONE', ( #3481, #1884, #1252, #6020 ) ) ;
#2640 = EDGE_LOOP ( 'NONE', ( #2993, #8017, #8336, #2311 ) ) ;
#2641 = STYLED_ITEM ( 'NONE', ( #3487 ), #1740 ) ;
#2642 = ORIENTED_EDGE ( 'NONE', *, *, #1731, .F. ) ;
#2643 = CARTESIAN_POINT ( 'NONE',  ( 36.54999999999998295, -72.10581084864197976, 15.15141316081602341 ) ) ;
#2644 = VERTEX_POINT ( 'NONE', #8335 ) ;
#2645 = EDGE_CURVE ( 'NONE', #2345, #967, #2195, .T. ) ;
#2646 = CARTESIAN_POINT ( 'NONE',  ( -33.64999999999999858, 46.45826158699157560, -14.98514870495965923 ) ) ;
#2647 = CARTESIAN_POINT ( 'NONE',  ( -38.50000000000000000, 46.98324484557053182, -6.702003026422342025 ) ) ;
#2648 = LINE ( 'NONE', #8127, #845 ) ;
#2649 =( NAMED_UNIT ( * ) PLANE_ANGLE_UNIT ( ) SI_UNIT ( $, .RADIAN. ) );
#2650 = AXIS2_PLACEMENT_3D ( 'NONE', #1380, #4222, #1429 ) ;
#2651 =( LENGTH_UNIT ( ) NAMED_UNIT ( * ) SI_UNIT ( .MILLI., .METRE. ) );
#2652 = DIRECTION ( 'NONE',  ( 0.000000000000000000, 1.000000000000000000, -0.000000000000000000 ) ) ;
#2653 = EDGE_CURVE ( 'NONE', #4050, #6514, #3099, .T. ) ;
#2654 = CYLINDRICAL_SURFACE ( 'NONE', #458, 2.500000000000000444 ) ;
#2655 = PRESENTATION_STYLE_ASSIGNMENT (( #5324 ) ) ;
#2656 =( LENGTH_UNIT ( ) NAMED_UNIT ( * ) SI_UNIT ( .MILLI., .METRE. ) );
#2657 = CARTESIAN_POINT ( 'NONE',  ( 34.64999999999999147, -69.44447162738498491, 24.71568235891385967 ) ) ;
#2658 = COLOUR_RGB ( '',0.6470588235294117974, 0.6196078431372549211, 0.5999999999999999778 ) ;
#2659 = DIRECTION ( 'NONE',  ( 1.000000000000000000, 0.000000000000000000, 0.000000000000000000 ) ) ;
#2660 = PRESENTATION_LAYER_ASSIGNMENT (  '', '', ( #1668 ) ) ;
#2661 = DIRECTION ( 'NONE',  ( 0.000000000000000000, -0.8829475928589253231, 0.4694715627858938589 ) ) ;
#2662 = UNCERTAINTY_MEASURE_WITH_UNIT (LENGTH_MEASURE( 1.000000000000000082E-05 ), #8223, 'distance_accuracy_value', 'NONE');
#2663 = AXIS2_PLACEMENT_3D ( 'NONE', #2468, #7187, #7274 ) ;
#2664 = VERTEX_POINT ( 'NONE', #5822 ) ;
#2665 = ADVANCED_FACE ( 'NONE', ( #3809 ), #211, .F. ) ;
#2666 = AXIS2_PLACEMENT_3D ( 'NONE', #5669, #3458, #47 ) ;
#2667 = DIRECTION ( 'NONE',  ( -0.000000000000000000, -0.000000000000000000, -1.000000000000000000 ) ) ;
#2668 = VECTOR ( 'NONE', #7487, 1000.000000000000000 ) ;
#2669 =( NAMED_UNIT ( * ) SI_UNIT ( $, .STERADIAN. ) SOLID_ANGLE_UNIT ( ) );
#2670 = ORIENTED_EDGE ( 'NONE', *, *, #4512, .T. ) ;
#2671 = LINE ( 'NONE', #4159, #1761 ) ;
#2672 = VECTOR ( 'NONE', #3402, 999.9999999999998863 ) ;
#2673 = ORIENTED_EDGE ( 'NONE', *, *, #2977, .T. ) ;
#2674 = EDGE_CURVE ( 'NONE', #1460, #5674, #5319, .T. ) ;
#2675 = CARTESIAN_POINT ( 'NONE',  ( -39.00000000000002132, 62.99999999999997158, -1.000000000000000000 ) ) ;
#2676 = CARTESIAN_POINT ( 'NONE',  ( 50.49999999999999289, -65.57133123440134170, 31.99999999999998579 ) ) ;
#2677 = CARTESIAN_POINT ( 'NONE',  ( 0.000000000000000000, 62.15058174320375883, 31.89999999999998437 ) ) ;
#2678 = VERTEX_POINT ( 'NONE', #2293 ) ;
#2679 = CIRCLE ( 'NONE', #818, 0.9999999999999971134 ) ;
#2680 = CARTESIAN_POINT ( 'NONE',  ( -43.50000000000002132, 72.99999999999997158, 0.000000000000000000 ) ) ;
#2681 = CYLINDRICAL_SURFACE ( 'NONE', #3565, 2.500000000000002220 ) ;
#2682 = PLANE ( 'NONE',  #857 ) ;
#2683 = ORIENTED_EDGE ( 'NONE', *, *, #8261, .F. ) ;
#2684 = AXIS2_PLACEMENT_3D ( 'NONE', #3197, #7413, #5323 ) ;
#2685 = ORIENTED_EDGE ( 'NONE', *, *, #8314, .F. ) ;
#2686 = ORIENTED_EDGE ( 'NONE', *, *, #7813, .T. ) ;
#2687 = CARTESIAN_POINT ( 'NONE',  ( 38.65000000000000568, -47.33303916314994098, -11.80837304456138881 ) ) ;
#2688 = UNCERTAINTY_MEASURE_WITH_UNIT (LENGTH_MEASURE( 1.000000000000000082E-05 ), #2651, 'distance_accuracy_value', 'NONE');
#2689 = VECTOR ( 'NONE', #6212, 1000.000000000000227 ) ;
#2690 = CARTESIAN_POINT ( 'NONE',  ( 17.99999999999999645, -57.50000000000004263, 1.000000000000000000 ) ) ;
#2691 = FACE_OUTER_BOUND ( 'NONE', #6330, .T. ) ;
#2692 = ADVANCED_FACE ( 'NONE', ( #5029 ), #5070, .F. ) ;
#2693 = EDGE_CURVE ( 'NONE', #4513, #6019, #928, .T. ) ;
#2694 =( NAMED_UNIT ( * ) SI_UNIT ( $, .STERADIAN. ) SOLID_ANGLE_UNIT ( ) );
#2695 = DIRECTION ( 'NONE',  ( 0.000000000000000000, 0.000000000000000000, 1.000000000000000000 ) ) ;
#2696 = CARTESIAN_POINT ( 'NONE',  ( 50.49999999999999289, 58.99999999999995737, 22.50000000000000000 ) ) ;
#2697 = PRESENTATION_STYLE_ASSIGNMENT (( #4237 ) ) ;
#2698 =( BOUNDED_CURVE ( )  B_SPLINE_CURVE ( 3, ( #4805, #2160, #4945, #6291 ),
 .UNSPECIFIED., .F., .T. ) 
 B_SPLINE_CURVE_WITH_KNOTS ( ( 4, 4 ),
 ( 1.570796326794899445, 3.141592653589793116 ),
 .UNSPECIFIED. ) 
 CURVE ( )  GEOMETRIC_REPRESENTATION_ITEM ( )  RATIONAL_B_SPLINE_CURVE ( ( 1.000000000000000000, 0.8047378541243657146, 0.8047378541243657146, 1.000000000000000000 ) ) 
 REPRESENTATION_ITEM ( '' )  );
#2699 = FILL_AREA_STYLE ('',( #6123 ) ) ;
#2700 = PLANE ( 'NONE',  #2745 ) ;
#2701 =( NAMED_UNIT ( * ) SI_UNIT ( $, .STERADIAN. ) SOLID_ANGLE_UNIT ( ) );
#2702 = EDGE_CURVE ( 'NONE', #1914, #7866, #5748, .T. ) ;
#2703 = CIRCLE ( 'NONE', #1708, 1.000000000000003997 ) ;
#2704 = SURFACE_STYLE_FILL_AREA ( #7555 ) ;
#2705 = EDGE_LOOP ( 'NONE', ( #3909, #5553, #7529, #5506 ) ) ;
#2706 = CARTESIAN_POINT ( 'NONE',  ( -19.19999999999998508, -66.00000000000002842, 13.19999999999999929 ) ) ;
#2707 = ORIENTED_EDGE ( 'NONE', *, *, #3062, .T. ) ;
#2708 = CARTESIAN_POINT ( 'NONE',  ( 40.20000000000000284, 57.00000000000002842, 44.00000000000000711 ) ) ;
#2709 =( GEOMETRIC_REPRESENTATION_CONTEXT ( 3 ) GLOBAL_UNCERTAINTY_ASSIGNED_CONTEXT ( ( #2033 ) ) GLOBAL_UNIT_ASSIGNED_CONTEXT ( ( #3141, #492, #3184 ) ) REPRESENTATION_CONTEXT ( 'NONE', 'WORKASPACE' ) );
#2710 = FILL_AREA_STYLE_COLOUR ( '', #5522 ) ;
#2711 = ORIENTED_EDGE ( 'NONE', *, *, #5051, .F. ) ;
#2712 = CARTESIAN_POINT ( 'NONE',  ( -33.99999999999999289, -2.909650240805693677, 19.57690752092294062 ) ) ;
#2713 = EDGE_CURVE ( 'NONE', #3579, #5619, #4981, .T. ) ;
#2714 = VECTOR ( 'NONE', #4401, 999.9999999999998863 ) ;
#2715 = VERTEX_POINT ( 'NONE', #1733 ) ;
#2716 = FILL_AREA_STYLE ('',( #3308 ) ) ;
#2717 = CYLINDRICAL_SURFACE ( 'NONE', #4176, 1.000000000000003997 ) ;
#2718 = ORIENTED_EDGE ( 'NONE', *, *, #26, .T. ) ;
#2719 = DIRECTION ( 'NONE',  ( -1.000000000000000000, 0.000000000000000000, 0.000000000000000000 ) ) ;
#2720 = CARTESIAN_POINT ( 'NONE',  ( 46.89999999999999858, 55.99999999999995737, 25.50000000000000355 ) ) ;
#2721 = CARTESIAN_POINT ( 'NONE',  ( -45.20000000000000284, 59.19999999999996021, 0.000000000000000000 ) ) ;
#2722 = ORIENTED_EDGE ( 'NONE', *, *, #8617, .T. ) ;
#2723 = MECHANICAL_DESIGN_GEOMETRIC_PRESENTATION_REPRESENTATION (  '', ( #6035 ), #1014 ) ;
#2724 = EDGE_CURVE ( 'NONE', #5900, #4343, #4249, .T. ) ;
#2725 = ORIENTED_EDGE ( 'NONE', *, *, #1495, .F. ) ;
#2726 = ORIENTED_EDGE ( 'NONE', *, *, #5182, .T. ) ;
#2727 = DIRECTION ( 'NONE',  ( -1.000000000000000000, -0.000000000000000000, -0.000000000000000000 ) ) ;
#2728 = VECTOR ( 'NONE', #3683, 1000.000000000000000 ) ;
#2729 = LINE ( 'NONE', #7629, #6540 ) ;
#2730 = VERTEX_POINT ( 'NONE', #7130 ) ;
#2731 = CARTESIAN_POINT ( 'NONE',  ( 38.65000000000000568, 44.82479682327223713, -14.75214040964108975 ) ) ;
#2732 = EDGE_LOOP ( 'NONE', ( #8255, #112 ) ) ;
#2733 = SURFACE_STYLE_FILL_AREA ( #4097 ) ;
#2734 = FILL_AREA_STYLE ('',( #5451 ) ) ;
#2735 = MECHANICAL_DESIGN_GEOMETRIC_PRESENTATION_REPRESENTATION (  '', ( #1609 ), #2333 ) ;
#2736 = FILL_AREA_STYLE ('',( #8312 ) ) ;
#2737 = EDGE_CURVE ( 'NONE', #7273, #1549, #977, .T. ) ;
#2738 = SURFACE_SIDE_STYLE ('',( #6165 ) ) ;
#2739 = EDGE_CURVE ( 'NONE', #3002, #5620, #5656, .T. ) ;
#2740 = DIRECTION ( 'NONE',  ( 0.000000000000000000, 0.6001650094319760376, -0.7998762163319497187 ) ) ;
#2741 = CARTESIAN_POINT ( 'NONE',  ( 38.65000000000000568, 44.82479682327223713, -14.75214040964108975 ) ) ;
#2742 = DIRECTION ( 'NONE',  ( 0.000000000000000000, 2.434699615406044823E-15, 1.000000000000000000 ) ) ;
#2743 = DIRECTION ( 'NONE',  ( 0.000000000000000000, 0.000000000000000000, -1.000000000000000000 ) ) ;
#2744 =( LENGTH_UNIT ( ) NAMED_UNIT ( * ) SI_UNIT ( .MILLI., .METRE. ) );
#2745 = AXIS2_PLACEMENT_3D ( 'NONE', #2576, #2659, #592 ) ;
#2746 = ORIENTED_EDGE ( 'NONE', *, *, #8261, .T. ) ;
#2747 = LINE ( 'NONE', #5598, #4066 ) ;
#2748 = VERTEX_POINT ( 'NONE', #7714 ) ;
#2749 = DIRECTION ( 'NONE',  ( 1.000000000000000000, 0.000000000000000000, -0.000000000000000000 ) ) ;
#2750 = EDGE_CURVE ( 'NONE', #5332, #1910, #5784, .T. ) ;
#2751 = DIRECTION ( 'NONE',  ( -1.000000000000000000, 0.000000000000000000, 0.000000000000000000 ) ) ;
#2752 = AXIS2_PLACEMENT_3D ( 'NONE', #1445, #3526, #5179 ) ;
#2753 = DIRECTION ( 'NONE',  ( 0.000000000000000000, 1.000000000000000000, -2.434699615406044823E-15 ) ) ;
#2754 = ORIENTED_EDGE ( 'NONE', *, *, #3757, .F. ) ;
#2755 = LINE ( 'NONE', #8864, #2756 ) ;
#2756 = VECTOR ( 'NONE', #7434, 1000.000000000000000 ) ;
#2757 = ORIENTED_EDGE ( 'NONE', *, *, #3530, .F. ) ;
#2758 = DIRECTION ( 'NONE',  ( -0.000000000000000000, -0.1470117858375538933, 0.9891347404802104393 ) ) ;
#2759 = CARTESIAN_POINT ( 'NONE',  ( 39.19999999999998153, -45.61515718961151578, 31.79999999999997939 ) ) ;
#2760 = CARTESIAN_POINT ( 'NONE',  ( 52.79999999999999005, -56.00000000000003553, 21.09999999999996945 ) ) ;
#2761 = ORIENTED_EDGE ( 'NONE', *, *, #8070, .T. ) ;
#2762 = EDGE_CURVE ( 'NONE', #1514, #2967, #5250, .T. ) ;
#2763 = FACE_OUTER_BOUND ( 'NONE', #6711, .T. ) ;
#2764 = CARTESIAN_POINT ( 'NONE',  ( 50.50000000000000000, -64.99999999999995737, 0.000000000000000000 ) ) ;
#2765 = LINE ( 'NONE', #3404, #3155 ) ;
#2766 = ORIENTED_EDGE ( 'NONE', *, *, #8725, .F. ) ;
#2767 = ORIENTED_EDGE ( 'NONE', *, *, #8726, .F. ) ;
#2768 = EDGE_LOOP ( 'NONE', ( #3348, #7724, #7090, #6424, #6314 ) ) ;
#2769 = STYLED_ITEM ( 'NONE', ( #7494 ), #1320 ) ;
#2770 = DIRECTION ( 'NONE',  ( -0.000000000000000000, -0.000000000000000000, 1.000000000000000000 ) ) ;
#2771 = DIRECTION ( 'NONE',  ( 0.000000000000000000, 0.000000000000000000, 1.000000000000000000 ) ) ;
#2772 = VERTEX_POINT ( 'NONE', #2696 ) ;
#2773 = ADVANCED_FACE ( 'NONE', ( #1302 ), #6791, .F. ) ;
#2774 = DIRECTION ( 'NONE',  ( 0.000000000000000000, 1.000000000000000000, 1.065825864477275432E-16 ) ) ;
#2775 = EDGE_CURVE ( 'NONE', #7950, #2414, #429, .T. ) ;
#2776 = LINE ( 'NONE', #5488, #7161 ) ;
#2777 = ORIENTED_EDGE ( 'NONE', *, *, #5242, .T. ) ;
#2778 =( BOUNDED_CURVE ( )  B_SPLINE_CURVE ( 3, ( #6890, #737, #3437, #874 ),
 .UNSPECIFIED., .F., .T. ) 
 B_SPLINE_CURVE_WITH_KNOTS ( ( 4, 4 ),
 ( 0.000000000000000000, 1.453191229715702137 ),
 .UNSPECIFIED. ) 
 CURVE ( )  GEOMETRIC_REPRESENTATION_ITEM ( )  RATIONAL_B_SPLINE_CURVE ( ( 1.000000000000000000, 0.8316269072103065207, 0.8316269072103065207, 1.000000000000000000 ) ) 
 REPRESENTATION_ITEM ( '' )  );
#2779 = DIRECTION ( 'NONE',  ( 0.000000000000000000, -1.000000000000000000, 0.000000000000000000 ) ) ;
#2780 = AXIS2_PLACEMENT_3D ( 'NONE', #1236, #8777, #8733 ) ;
#2781 = ORIENTED_EDGE ( 'NONE', *, *, #5676, .F. ) ;
#2782 = CARTESIAN_POINT ( 'NONE',  ( 0.000000000000000000, 0.000000000000000000, 0.000000000000000000 ) ) ;
#2783 = LINE ( 'NONE', #8846, #7260 ) ;
#2784 = DIRECTION ( 'NONE',  ( -0.000000000000000000, 2.434699615406044823E-15, 1.000000000000000000 ) ) ;
#2785 = AXIS2_PLACEMENT_3D ( 'NONE', #8851, #4822, #1399 ) ;
#2786 = CARTESIAN_POINT ( 'NONE',  ( -46.50000000000002132, -70.00000000000002842, 4.500000000000000000 ) ) ;
#2787 = CYLINDRICAL_SURFACE ( 'NONE', #5829, 2.300000000000004263 ) ;
#2788 = DIRECTION ( 'NONE',  ( -0.000000000000000000, -0.1412171486779217056, -0.9899786446783980232 ) ) ;
#2789 =( NAMED_UNIT ( * ) PLANE_ANGLE_UNIT ( ) SI_UNIT ( $, .RADIAN. ) );
#2790 = CARTESIAN_POINT ( 'NONE',  ( 28.95000000000000284, -58.78553390593274486, 8.744800423299375680 ) ) ;
#2791 = PRESENTATION_LAYER_ASSIGNMENT (  '', '', ( #505 ) ) ;
#2792 = CARTESIAN_POINT ( 'NONE',  ( -33.64999999999999858, -45.69957439943059541, -12.04138133987995829 ) ) ;
#2793 = EDGE_CURVE ( 'NONE', #1025, #7715, #6118, .T. ) ;
#2794 = EDGE_CURVE ( 'NONE', #2386, #3979, #7824, .T. ) ;
#2795 = ORIENTED_EDGE ( 'NONE', *, *, #230, .F. ) ;
#2796 = EDGE_LOOP ( 'NONE', ( #4692, #4182, #8452, #1820 ) ) ;
#2797 = PLANE ( 'NONE',  #6149 ) ;
#2798 = AXIS2_PLACEMENT_3D ( 'NONE', #5497, #5907, #8222 ) ;
#2799 = CARTESIAN_POINT ( 'NONE',  ( 34.00000000000000711, -43.01062552733075961, 13.61683378229600905 ) ) ;
#2800 = CARTESIAN_POINT ( 'NONE',  ( 30.00000000000000000, -44.62136554369732266, 10.84997335942037111 ) ) ;
#2801 = EDGE_LOOP ( 'NONE', ( #3177, #5396, #3272, #5975 ) ) ;
#2802 = CIRCLE ( 'NONE', #227, 1.649999999999995914 ) ;
#2803 = DIRECTION ( 'NONE',  ( 0.000000000000000000, 1.000000000000000000, 1.281219081732939915E-16 ) ) ;
#2804 = EDGE_CURVE ( 'NONE', #4698, #137, #6878, .T. ) ;
#2805 = COLOUR_RGB ( '',1.000000000000000000, 1.000000000000000000, 1.000000000000000000 ) ;
#2806 = EDGE_CURVE ( 'NONE', #498, #3716, #5239, .T. ) ;
#2807 = AXIS2_PLACEMENT_3D ( 'NONE', #6096, #7478, #5433 ) ;
#2808 = ORIENTED_EDGE ( 'NONE', *, *, #4024, .T. ) ;
#2809 = FACE_OUTER_BOUND ( 'NONE', #6277, .T. ) ;
#2810 = CARTESIAN_POINT ( 'NONE',  ( 38.65000000000000568, -47.28008273239571224, -11.43713105280698805 ) ) ;
#2811 = ORIENTED_EDGE ( 'NONE', *, *, #3859, .T. ) ;
#2812 = CIRCLE ( 'NONE', #7982, 0.7500000000000006661 ) ;
#2813 = CARTESIAN_POINT ( 'NONE',  ( 26.24999999999999645, -25.57133123440134170, 21.00000000000000000 ) ) ;
#2814 = DIRECTION ( 'NONE',  ( -1.000000000000000000, 0.000000000000000000, 0.000000000000000000 ) ) ;
#2815 = ORIENTED_EDGE ( 'NONE', *, *, #721, .T. ) ;
#2816 = AXIS2_PLACEMENT_3D ( 'NONE', #5869, #6548, #8431 ) ;
#2817 = CIRCLE ( 'NONE', #2267, 2.500000000000002220 ) ;
#2818 = ORIENTED_EDGE ( 'NONE', *, *, #1986, .F. ) ;
#2819 = EDGE_CURVE ( 'NONE', #135, #7866, #8819, .T. ) ;
#2820 = ORIENTED_EDGE ( 'NONE', *, *, #5999, .T. ) ;
#2821 = AXIS2_PLACEMENT_3D ( 'NONE', #8009, #8592, #7294 ) ;
#2822 = DIRECTION ( 'NONE',  ( 0.7071067811865479058, 0.7071067811865472397, -0.000000000000000000 ) ) ;
#2823 = CARTESIAN_POINT ( 'NONE',  ( -36.15000000000000568, 43.08489116081717896, 23.88546074003531672 ) ) ;
#2824 = FACE_OUTER_BOUND ( 'NONE', #2280, .T. ) ;
#2825 = ORIENTED_EDGE ( 'NONE', *, *, #1176, .F. ) ;
#2826 = CARTESIAN_POINT ( 'NONE',  ( 40.99999999999999289, -61.00000000000004974, 0.000000000000000000 ) ) ;
#2827 = PLANE ( 'NONE',  #7027 ) ;
#2828 = ORIENTED_EDGE ( 'NONE', *, *, #5065, .F. ) ;
#2829 = DIRECTION ( 'NONE',  ( 0.000000000000000000, 0.9899786446783979121, -0.1412171486779219554 ) ) ;
#2830 = ADVANCED_FACE ( 'NONE', ( #726 ), #6202, .F. ) ;
#2831 = CIRCLE ( 'NONE', #3414, 2.500000000000002220 ) ;
#2832 = CIRCLE ( 'NONE', #6139, 3.750000000000005329 ) ;
#2833 = CARTESIAN_POINT ( 'NONE',  ( 39.19999999999998153, -72.37314886209486531, 11.96103224522568098 ) ) ;
#2834 = DIRECTION ( 'NONE',  ( 1.000000000000000000, 0.000000000000000000, 0.000000000000000000 ) ) ;
#2835 = CARTESIAN_POINT ( 'NONE',  ( 55.29999999999999716, 58.99999999999996447, 20.60000000000000497 ) ) ;
#2836 = CARTESIAN_POINT ( 'NONE',  ( -46.50000000000002842, 65.99999999999997158, 4.500000000000000000 ) ) ;
#2837 =( NAMED_UNIT ( * ) PLANE_ANGLE_UNIT ( ) SI_UNIT ( $, .RADIAN. ) );
#2838 = SURFACE_SIDE_STYLE ('',( #104 ) ) ;
#2839 = FACE_OUTER_BOUND ( 'NONE', #8482, .T. ) ;
#2840 = FILL_AREA_STYLE ('',( #2884 ) ) ;
#2841 = CARTESIAN_POINT ( 'NONE',  ( 50.49999999999999289, -59.00000000000003553, 0.000000000000000000 ) ) ;
#2842 = EDGE_CURVE ( 'NONE', #1514, #3133, #6924, .T. ) ;
#2843 = VECTOR ( 'NONE', #3426, 1000.000000000000000 ) ;
#2844 = UNCERTAINTY_MEASURE_WITH_UNIT (LENGTH_MEASURE( 1.000000000000000082E-05 ), #6940, 'distance_accuracy_value', 'NONE');
#2845 = ORIENTED_EDGE ( 'NONE', *, *, #5916, .F. ) ;
#2846 = ORIENTED_EDGE ( 'NONE', *, *, #3188, .T. ) ;
#2847 = CARTESIAN_POINT ( 'NONE',  ( 42.50000000000000000, -65.00000000000002842, -1.000000000000000000 ) ) ;
#2848 = CARTESIAN_POINT ( 'NONE',  ( 46.89999999999999858, 58.99999999999995737, 0.000000000000000000 ) ) ;
#2849 = DIRECTION ( 'NONE',  ( 0.000000000000000000, -0.9891347404802104393, -0.1470117858375539210 ) ) ;
#2850 = ORIENTED_EDGE ( 'NONE', *, *, #1944, .T. ) ;
#2851 = VECTOR ( 'NONE', #3194, 1000.000000000000000 ) ;
#2852 = FACE_OUTER_BOUND ( 'NONE', #7177, .T. ) ;
#2853 = EDGE_LOOP ( 'NONE', ( #4310, #7190, #7626, #6629 ) ) ;
#2854 = DIRECTION ( 'NONE',  ( 0.000000000000000000, 0.000000000000000000, 1.000000000000000000 ) ) ;
#2855 = CARTESIAN_POINT ( 'NONE',  ( -39.00000000000002132, 62.99999999999997158, 0.000000000000000000 ) ) ;
#2856 = MECHANICAL_DESIGN_GEOMETRIC_PRESENTATION_REPRESENTATION (  '', ( #3439 ), #425 ) ;
#2857 = VERTEX_POINT ( 'NONE', #2835 ) ;
#2858 = DIRECTION ( 'NONE',  ( -0.000000000000000000, -0.000000000000000000, 1.000000000000000000 ) ) ;
#2859 = ADVANCED_FACE ( 'NONE', ( #2173 ), #2878, .F. ) ;
#2860 = CARTESIAN_POINT ( 'NONE',  ( 43.50000000000000000, 52.04522303281746787, 27.74466640128494888 ) ) ;
#2861 = DIRECTION ( 'NONE',  ( 0.000000000000000000, 0.000000000000000000, 1.000000000000000000 ) ) ;
#2862 = EDGE_CURVE ( 'NONE', #1700, #7776, #2122, .T. ) ;
#2863 = ORIENTED_EDGE ( 'NONE', *, *, #6423, .T. ) ;
#2864 = COLOUR_RGB ( '',0.1019607843137254888, 0.1019607843137254888, 0.1019607843137254888 ) ;
#2865 = ORIENTED_EDGE ( 'NONE', *, *, #3966, .F. ) ;
#2866 = VERTEX_POINT ( 'NONE', #4234 ) ;
#2867 = CARTESIAN_POINT ( 'NONE',  ( 50.49999999999998579, 65.99999999999998579, 0.8508893593264692523 ) ) ;
#2868 = DIRECTION ( 'NONE',  ( 0.000000000000000000, -0.000000000000000000, -1.000000000000000000 ) ) ;
#2869 = CARTESIAN_POINT ( 'NONE',  ( -2.500000000000000444, 62.15058174320375883, 31.89999999999998437 ) ) ;
#2870 = VERTEX_POINT ( 'NONE', #6973 ) ;
#2871 = AXIS2_PLACEMENT_3D ( 'NONE', #2028, #3814, #391 ) ;
#2872 = SURFACE_SIDE_STYLE ('',( #6155 ) ) ;
#2873 = ADVANCED_FACE ( 'NONE', ( #7781 ), #6684, .F. ) ;
#2874 = ORIENTED_EDGE ( 'NONE', *, *, #3511, .T. ) ;
#2875 = FACE_OUTER_BOUND ( 'NONE', #4651, .T. ) ;
#2876 = VERTEX_POINT ( 'NONE', #6395 ) ;
#2877 = AXIS2_PLACEMENT_3D ( 'NONE', #2823, #5576, #8301 ) ;
#2878 = PLANE ( 'NONE',  #225 ) ;
#2879 = DIRECTION ( 'NONE',  ( 0.000000000000000000, -0.4694715627858940810, -0.8829475928589252121 ) ) ;
#2880 = DIRECTION ( 'NONE',  ( 0.000000000000000000, 0.000000000000000000, 1.000000000000000000 ) ) ;
#2881 = ADVANCED_FACE ( 'NONE', ( #3469 ), #3723, .F. ) ;
#2882 = CARTESIAN_POINT ( 'NONE',  ( 41.49999999999999289, -58.00000000000002132, -1.000000000000000000 ) ) ;
#2883 = CARTESIAN_POINT ( 'NONE',  ( 28.95000000000000284, -60.25000000000002132, 13.19999999999999929 ) ) ;
#2884 = FILL_AREA_STYLE_COLOUR ( '', #3669 ) ;
#2885 = CARTESIAN_POINT ( 'NONE',  ( 28.95000000000000284, -60.25000000000002132, 8.527141729315120600 ) ) ;
#2886 = LINE ( 'NONE', #5640, #5796 ) ;
#2887 = SHAPE_REPRESENTATION ( 'PAX IM30 Bracket', ( #4566 ), #409 ) ;
#2888 = ORIENTED_EDGE ( 'NONE', *, *, #4637, .T. ) ;
#2889 = SURFACE_STYLE_USAGE ( .BOTH. , #871 ) ;
#2890 = ORIENTED_EDGE ( 'NONE', *, *, #8689, .F. ) ;
#2891 = DIRECTION ( 'NONE',  ( 1.000000000000000000, 0.000000000000000000, 0.000000000000000000 ) ) ;
#2892 = ADVANCED_FACE ( 'NONE', ( #7065 ), #7113, .F. ) ;
#2893 = DIRECTION ( 'NONE',  ( 0.000000000000000000, 0.9891347404802103283, 0.1470117858375538655 ) ) ;
#2894 = FACE_OUTER_BOUND ( 'NONE', #4657, .T. ) ;
#2895 = ORIENTED_EDGE ( 'NONE', *, *, #7036, .T. ) ;
#2896 = CARTESIAN_POINT ( 'NONE',  ( 36.49999999999999289, -58.00000000000002132, -1.000000000000000000 ) ) ;
#2897 = EDGE_LOOP ( 'NONE', ( #4444, #431, #1310, #4949 ) ) ;
#2898 = DIRECTION ( 'NONE',  ( 0.000000000000000000, -2.434699615406044823E-15, -1.000000000000000000 ) ) ;
#2899 = CIRCLE ( 'NONE', #1315, 3.300000000000008260 ) ;
#2900 = DIRECTION ( 'NONE',  ( 1.000000000000000000, 0.000000000000000000, 0.000000000000000000 ) ) ;
#2901 = FACE_OUTER_BOUND ( 'NONE', #5843, .T. ) ;
#2902 = ORIENTED_EDGE ( 'NONE', *, *, #5505, .T. ) ;
#2903 = CARTESIAN_POINT ( 'NONE',  ( -41.70000000000002416, 64.22866876559862703, 31.99999999999998579 ) ) ;
#2904 = CARTESIAN_POINT ( 'NONE',  ( 43.50000000000000000, 54.17689392746199673, 13.40221266432188862 ) ) ;
#2905 = LINE ( 'NONE', #8385, #7172 ) ;
#2906 = ORIENTED_EDGE ( 'NONE', *, *, #1101, .T. ) ;
#2907 = ORIENTED_EDGE ( 'NONE', *, *, #8227, .T. ) ;
#2908 = B_SPLINE_SURFACE_WITH_KNOTS ( 'NONE', 3, 1, ( 
 ( #1016, #6504 ),
 ( #7928, #5783 ),
 ( #6545, #3765 ),
 ( #346, #5238 ) ),
 .UNSPECIFIED., .F., .F., .F.,
 ( 4, 4 ),
 ( 2, 2 ),
 ( 0.000000000000000000, 1.000000000000000000 ),
 ( 0.000000000000000000, 1.000000000000000000 ),
 .UNSPECIFIED. ) ;
#2909 = ADVANCED_FACE ( 'NONE', ( #235 ), #7594, .F. ) ;
#2910 = ORIENTED_EDGE ( 'NONE', *, *, #1176, .T. ) ;
#2911 = EDGE_CURVE ( 'NONE', #3201, #5153, #5263, .T. ) ;
#2912 = SURFACE_STYLE_FILL_AREA ( #4174 ) ;
#2913 = DIRECTION ( 'NONE',  ( 0.000000000000000000, 0.000000000000000000, 1.000000000000000000 ) ) ;
#2914 = VERTEX_POINT ( 'NONE', #6571 ) ;
#2915 = AXIS2_PLACEMENT_3D ( 'NONE', #866, #6399, #5012 ) ;
#2916 = ORIENTED_EDGE ( 'NONE', *, *, #2231, .T. ) ;
#2917 = LINE ( 'NONE', #3464, #1038 ) ;
#2918 = ORIENTED_EDGE ( 'NONE', *, *, #1872, .T. ) ;
#2919 = ORIENTED_EDGE ( 'NONE', *, *, #5955, .T. ) ;
#2920 = EDGE_CURVE ( 'NONE', #4152, #354, #5805, .T. ) ;
#2921 = DIRECTION ( 'NONE',  ( -1.000000000000000000, -2.092887301284231798E-16, -5.916634326185931894E-17 ) ) ;
#2922 = DIRECTION ( 'NONE',  ( 0.000000000000000000, 0.9899786446783979121, -0.1412171486779218166 ) ) ;
#2923 = CARTESIAN_POINT ( 'NONE',  ( 36.49999999999997868, 63.00000000000000000, 0.000000000000000000 ) ) ;
#2924 = DIRECTION ( 'NONE',  ( 0.000000000000000000, 0.000000000000000000, 1.000000000000000000 ) ) ;
#2925 = VECTOR ( 'NONE', #7078, 1000.000000000000000 ) ;
#2926 = DIRECTION ( 'NONE',  ( 0.000000000000000000, -0.9891347404802105503, -0.1470117858375536157 ) ) ;
#2927 = LINE ( 'NONE', #7692, #367 ) ;
#2928 = DIRECTION ( 'NONE',  ( -0.000000000000000000, -2.434699615406044823E-15, -1.000000000000000000 ) ) ;
#2929 = DIRECTION ( 'NONE',  ( 0.000000000000000000, 0.000000000000000000, -1.000000000000000000 ) ) ;
#2930 = LINE ( 'NONE', #243, #1259 ) ;
#2931 = EDGE_CURVE ( 'NONE', #6061, #5127, #4462, .T. ) ;
#2932 = AXIS2_PLACEMENT_3D ( 'NONE', #3332, #8011, #6076 ) ;
#2933 = ORIENTED_EDGE ( 'NONE', *, *, #3780, .T. ) ;
#2934 = CARTESIAN_POINT ( 'NONE',  ( 52.79999999999999005, -58.95803989154984492, 21.09999999999996945 ) ) ;
#2935 = ORIENTED_EDGE ( 'NONE', *, *, #2150, .T. ) ;
#2936 = SURFACE_STYLE_FILL_AREA ( #4339 ) ;
#2937 = DIRECTION ( 'NONE',  ( 0.000000000000000000, 0.000000000000000000, 1.000000000000000000 ) ) ;
#2938 = DIRECTION ( 'NONE',  ( 0.000000000000000000, -0.05233595624295107190, -0.9986295347545733891 ) ) ;
#2939 = EDGE_LOOP ( 'NONE', ( #4608, #4196, #7103, #7399 ) ) ;
#2940 = CIRCLE ( 'NONE', #4966, 2.500000000000002220 ) ;
#2941 = SURFACE_STYLE_USAGE ( .BOTH. , #7707 ) ;
#2942 = EDGE_CURVE ( 'NONE', #7947, #4615, #1868, .T. ) ;
#2943 = VERTEX_POINT ( 'NONE', #1123 ) ;
#2944 = DIRECTION ( 'NONE',  ( -0.000000000000000000, -0.9986295347545737222, 0.05233595624294713061 ) ) ;
#2945 = DIRECTION ( 'NONE',  ( -1.000000000000000000, -0.000000000000000000, -0.000000000000000000 ) ) ;
#2946 = CARTESIAN_POINT ( 'NONE',  ( 42.49999999999995026, -73.00000000000002842, 0.000000000000000000 ) ) ;
#2947 = ORIENTED_EDGE ( 'NONE', *, *, #2326, .F. ) ;
#2948 = FILL_AREA_STYLE ('',( #213 ) ) ;
#2949 = CARTESIAN_POINT ( 'NONE',  ( 50.49999999999998579, 65.99999999999995737, -1.000000000000000000 ) ) ;
#2950 = ORIENTED_EDGE ( 'NONE', *, *, #6828, .T. ) ;
#2951 =( GEOMETRIC_REPRESENTATION_CONTEXT ( 3 ) GLOBAL_UNCERTAINTY_ASSIGNED_CONTEXT ( ( #6982 ) ) GLOBAL_UNIT_ASSIGNED_CONTEXT ( ( #13, #5499, #2027 ) ) REPRESENTATION_CONTEXT ( 'NONE', 'WORKASPACE' ) );
#2952 = AXIS2_PLACEMENT_3D ( 'NONE', #8474, #4477, #7216 ) ;
#2953 = EDGE_LOOP ( 'NONE', ( #3057, #3502, #923, #163 ) ) ;
#2954 = EDGE_CURVE ( 'NONE', #1992, #8322, #7108, .T. ) ;
#2955 = MECHANICAL_DESIGN_GEOMETRIC_PRESENTATION_REPRESENTATION (  '', ( #8824 ), #5964 ) ;
#2956 = VERTEX_POINT ( 'NONE', #952 ) ;
#2957 = DIRECTION ( 'NONE',  ( 0.000000000000000000, 0.9899786446783979121, -0.1412171486779215390 ) ) ;
#2958 = CARTESIAN_POINT ( 'NONE',  ( 33.00000000000000000, 48.38542449304068072, 27.20072279368599411 ) ) ;
#2959 = SURFACE_SIDE_STYLE ('',( #895 ) ) ;
#2960 = ORIENTED_EDGE ( 'NONE', *, *, #4671, .T. ) ;
#2961 = AXIS2_PLACEMENT_3D ( 'NONE', #6912, #1577, #2066 ) ;
#2962 = LINE ( 'NONE', #2113, #6980 ) ;
#2963 = DIRECTION ( 'NONE',  ( 2.413528314402512315E-15, -1.000000000000000000, 0.000000000000000000 ) ) ;
#2964 = ORIENTED_EDGE ( 'NONE', *, *, #1184, .T. ) ;
#2965 = PRODUCT_RELATED_PRODUCT_CATEGORY ( 'part', '', ( #7154 ) ) ;
#2966 = CARTESIAN_POINT ( 'NONE',  ( 50.49999999999998579, 65.99999999999995737, 19.99999999999989697 ) ) ;
#2967 = VERTEX_POINT ( 'NONE', #6438 ) ;
#2968 = AXIS2_PLACEMENT_3D ( 'NONE', #8690, #4696, #5293 ) ;
#2969 = VERTEX_POINT ( 'NONE', #277 ) ;
#2970 =( NAMED_UNIT ( * ) PLANE_ANGLE_UNIT ( ) SI_UNIT ( $, .RADIAN. ) );
#2971 = CIRCLE ( 'NONE', #7843, 2.500000000000015987 ) ;
#2972 = FACE_OUTER_BOUND ( 'NONE', #484, .T. ) ;
#2973 = CARTESIAN_POINT ( 'NONE',  ( 39.19999999999998153, -51.11515718961152288, 31.89999999999998437 ) ) ;
#2974 = DIRECTION ( 'NONE',  ( -0.000000000000000000, -0.000000000000000000, 1.000000000000000000 ) ) ;
#2975 = ADVANCED_FACE ( 'NONE', ( #3018 ), #5766, .F. ) ;
#2976 = LINE ( 'NONE', #5730, #3371 ) ;
#2977 = EDGE_CURVE ( 'NONE', #91, #3552, #1889, .T. ) ;
#2978 = DIRECTION ( 'NONE',  ( 0.000000000000000000, -0.1470117858375538933, 0.9891347404802104393 ) ) ;
#2979 = VECTOR ( 'NONE', #2222, 1000.000000000000000 ) ;
#2980 = FACE_OUTER_BOUND ( 'NONE', #1288, .T. ) ;
#2981 = LINE ( 'NONE', #4291, #7144 ) ;
#2982 = ORIENTED_EDGE ( 'NONE', *, *, #6652, .F. ) ;
#2983 = SURFACE_STYLE_USAGE ( .BOTH. , #1085 ) ;
#2984 = AXIS2_PLACEMENT_3D ( 'NONE', #5463, #6844, #8730 ) ;
#2985 = MECHANICAL_DESIGN_GEOMETRIC_PRESENTATION_REPRESENTATION (  '', ( #5721 ), #680 ) ;
#2986 = CARTESIAN_POINT ( 'NONE',  ( 35.04999999999998295, -72.28898669549229794, 11.65620978917501382 ) ) ;
#2987 = LINE ( 'NONE', #5102, #6800 ) ;
#2988 = EDGE_CURVE ( 'NONE', #250, #2715, #3364, .T. ) ;
#2989 = EDGE_LOOP ( 'NONE', ( #6719, #4754, #3604, #6128 ) ) ;
#2990 = PRODUCT_DEFINITION_SHAPE ( 'NONE', 'NONE',  #439 ) ;
#2991 = LINE ( 'NONE', #5745, #1630 ) ;
#2992 = VECTOR ( 'NONE', #4379, 1000.000000000000000 ) ;
#2993 = ORIENTED_EDGE ( 'NONE', *, *, #2231, .F. ) ;
#2994 = FACE_OUTER_BOUND ( 'NONE', #1864, .T. ) ;
#2995 = ORIENTED_EDGE ( 'NONE', *, *, #2977, .F. ) ;
#2996 = DIRECTION ( 'NONE',  ( 0.000000000000000000, 0.000000000000000000, 1.000000000000000000 ) ) ;
#2997 =( NAMED_UNIT ( * ) PLANE_ANGLE_UNIT ( ) SI_UNIT ( $, .RADIAN. ) );
#2998 = AXIS2_PLACEMENT_3D ( 'NONE', #3070, #3799, #7206 ) ;
#2999 = DIRECTION ( 'NONE',  ( 1.000000000000000000, 0.000000000000000000, 0.000000000000000000 ) ) ;
#3000 = EDGE_CURVE ( 'NONE', #8480, #5265, #5830, .T. ) ;
#3001 = ORIENTED_EDGE ( 'NONE', *, *, #773, .T. ) ;
#3002 = VERTEX_POINT ( 'NONE', #7451 ) ;
#3003 = ORIENTED_EDGE ( 'NONE', *, *, #8005, .T. ) ;
#3004 = CARTESIAN_POINT ( 'NONE',  ( 34.00000000000000711, -2.909650240805693677, 19.57690752092294062 ) ) ;
#3005 =( LENGTH_UNIT ( ) NAMED_UNIT ( * ) SI_UNIT ( .MILLI., .METRE. ) );
#3006 = ORIENTED_EDGE ( 'NONE', *, *, #1373, .F. ) ;
#3007 = SURFACE_STYLE_USAGE ( .BOTH. , #8489 ) ;
#3008 = SURFACE_SIDE_STYLE ('',( #1031 ) ) ;
#3009 = ADVANCED_FACE ( 'NONE', ( #1974 ), #4630, .F. ) ;
#3010 = VERTEX_POINT ( 'NONE', #6024 ) ;
#3011 = COLOUR_RGB ( '',0.1019607843137254888, 0.1019607843137254888, 0.1019607843137254888 ) ;
#3012 = SURFACE_SIDE_STYLE ('',( #3700 ) ) ;
#3013 = VERTEX_POINT ( 'NONE', #8212 ) ;
#3014 = ORIENTED_EDGE ( 'NONE', *, *, #5286, .T. ) ;
#3015 = LINE ( 'NONE', #4325, #4533 ) ;
#3016 = AXIS2_PLACEMENT_3D ( 'NONE', #4127, #4895, #6185 ) ;
#3017 = DIRECTION ( 'NONE',  ( 0.000000000000000000, 0.000000000000000000, 1.000000000000000000 ) ) ;
#3018 = FACE_OUTER_BOUND ( 'NONE', #536, .T. ) ;
#3019 = CARTESIAN_POINT ( 'NONE',  ( 50.49999999999998579, 65.99999999999995737, -1.000000000000000000 ) ) ;
#3020 = LINE ( 'NONE', #7870, #7744 ) ;
#3021 = LINE ( 'NONE', #1718, #722 ) ;
#3022 = DIRECTION ( 'NONE',  ( -1.000000000000000000, 0.000000000000000000, 0.000000000000000000 ) ) ;
#3023 = CIRCLE ( 'NONE', #4737, 2.299999999999997602 ) ;
#3024 = DIRECTION ( 'NONE',  ( -0.7032338576427583643, -0.7109586074202101091, 0.000000000000000000 ) ) ;
#3025 = ADVANCED_FACE ( 'NONE', ( #1261 ), #582, .F. ) ;
#3026 = ORIENTED_EDGE ( 'NONE', *, *, #5203, .F. ) ;
#3027 = EDGE_CURVE ( 'NONE', #5649, #2748, #4586, .T. ) ;
#3028 = CONICAL_SURFACE ( 'NONE', #2597, 1.649999999999982148, 1.029744258676648538 ) ;
#3029 = ORIENTED_EDGE ( 'NONE', *, *, #8493, .T. ) ;
#3030 = SURFACE_SIDE_STYLE ('',( #920 ) ) ;
#3031 = ORIENTED_EDGE ( 'NONE', *, *, #2478, .F. ) ;
#3032 = CARTESIAN_POINT ( 'NONE',  ( -43.50000000000000000, -61.00000000000004974, 4.500000000000000000 ) ) ;
#3033 = LINE ( 'NONE', #1940, #6768 ) ;
#3034 = CARTESIAN_POINT ( 'NONE',  ( 19.19999999999997797, -62.77813748270443028, 10.67885464235211401 ) ) ;
#3035 = ORIENTED_EDGE ( 'NONE', *, *, #4406, .T. ) ;
#3036 = EDGE_CURVE ( 'NONE', #1883, #3250, #4761, .T. ) ;
#3037 = CARTESIAN_POINT ( 'NONE',  ( 40.99999999999999289, 35.59746190924777665, 22.77262919084600412 ) ) ;
#3038 = CARTESIAN_POINT ( 'NONE',  ( 38.65000000000000568, -42.63981643406424382, -2.275605323946705116 ) ) ;
#3039 = ORIENTED_EDGE ( 'NONE', *, *, #624, .F. ) ;
#3040 = CARTESIAN_POINT ( 'NONE',  ( 43.50000000000000000, 21.26954835153813761, 13.06073477817857942 ) ) ;
#3041 = DIRECTION ( 'NONE',  ( 0.000000000000000000, 0.1470117858375537823, -0.9891347404802103283 ) ) ;
#3042 = AXIS2_PLACEMENT_3D ( 'NONE', #6164, #4870, #5635 ) ;
#3043 = AXIS2_PLACEMENT_3D ( 'NONE', #8059, #1948, #2622 ) ;
#3044 = CARTESIAN_POINT ( 'NONE',  ( 39.19999999999998153, -48.61515718961152288, 31.79999999999997939 ) ) ;
#3045 = CARTESIAN_POINT ( 'NONE',  ( 38.65000000000000568, -44.06610963571124984, -12.27438963519852777 ) ) ;
#3046 = ORIENTED_EDGE ( 'NONE', *, *, #3036, .T. ) ;
#3047 = ORIENTED_EDGE ( 'NONE', *, *, #5015, .T. ) ;
#3048 = VECTOR ( 'NONE', #1011, 1000.000000000000000 ) ;
#3049 = ORIENTED_EDGE ( 'NONE', *, *, #7196, .T. ) ;
#3050 = EDGE_CURVE ( 'NONE', #967, #4924, #4255, .T. ) ;
#3051 = DIRECTION ( 'NONE',  ( -1.000000000000000000, 0.000000000000000000, 0.000000000000000000 ) ) ;
#3052 = FACE_OUTER_BOUND ( 'NONE', #7357, .T. ) ;
#3053 = CARTESIAN_POINT ( 'NONE',  ( -42.50000000000000711, -65.00000000000002842, -1.000000000000000000 ) ) ;
#3054 = LINE ( 'NONE', #1621, #5317 ) ;
#3055 = ORIENTED_EDGE ( 'NONE', *, *, #8725, .T. ) ;
#3056 = AXIS2_PLACEMENT_3D ( 'NONE', #1400, #2978, #5731 ) ;
#3057 = ORIENTED_EDGE ( 'NONE', *, *, #8120, .T. ) ;
#3058 = ORIENTED_EDGE ( 'NONE', *, *, #4628, .F. ) ;
#3059 = EDGE_CURVE ( 'NONE', #8297, #1927, #2016, .T. ) ;
#3060 = CIRCLE ( 'NONE', #6512, 2.500000000000002220 ) ;
#3061 = CARTESIAN_POINT ( 'NONE',  ( 36.14999999999999147, 43.08489116081717896, 23.88546074003531672 ) ) ;
#3062 = EDGE_CURVE ( 'NONE', #6374, #7524, #3417, .T. ) ;
#3063 = SPHERICAL_SURFACE ( 'NONE', #2024, 4.000000000000000000 ) ;
#3064 = DIRECTION ( 'NONE',  ( 0.000000000000000000, 1.000000000000000000, 0.000000000000000000 ) ) ;
#3065 = DIRECTION ( 'NONE',  ( 0.000000000000000000, 0.000000000000000000, 1.000000000000000000 ) ) ;
#3066 = CARTESIAN_POINT ( 'NONE',  ( 0.000000000000000000, -57.50000000000004263, 0.000000000000000000 ) ) ;
#3067 = FACE_OUTER_BOUND ( 'NONE', #2989, .T. ) ;
#3068 = AXIS2_PLACEMENT_3D ( 'NONE', #3547, #5615, #6902 ) ;
#3069 = FILL_AREA_STYLE ('',( #246 ) ) ;
#3070 = CARTESIAN_POINT ( 'NONE',  ( 42.50000000000000000, -65.00000000000002842, 31.99999999999998579 ) ) ;
#3071 = SURFACE_STYLE_USAGE ( .BOTH. , #6496 ) ;
#3072 = ORIENTED_EDGE ( 'NONE', *, *, #4963, .F. ) ;
#3073 = LINE ( 'NONE', #4473, #5947 ) ;
#3074 = CARTESIAN_POINT ( 'NONE',  ( -46.50000000000002132, 69.79473319220203109, 2.115800423393818352 ) ) ;
#3075 = EDGE_CURVE ( 'NONE', #7576, #5566, #6658, .T. ) ;
#3076 = EDGE_CURVE ( 'NONE', #1099, #5566, #6296, .T. ) ;
#3077 = AXIS2_PLACEMENT_3D ( 'NONE', #6456, #7209, #4388 ) ;
#3078 = ORIENTED_EDGE ( 'NONE', *, *, #7486, .T. ) ;
#3079 = DIRECTION ( 'NONE',  ( -0.000000000000000000, -0.1412171486779217056, -0.9899786446783980232 ) ) ;
#3080 = ORIENTED_EDGE ( 'NONE', *, *, #3597, .T. ) ;
#3081 = CIRCLE ( 'NONE', #6673, 3.750000000000005329 ) ;
#3082 = CARTESIAN_POINT ( 'NONE',  ( 31.13375866546478932, 57.07249472080884800, 31.79999999999997939 ) ) ;
#3083 = CARTESIAN_POINT ( 'NONE',  ( 38.69999999999998863, -60.77133123440134455, 31.99999999999998579 ) ) ;
#3084 = CARTESIAN_POINT ( 'NONE',  ( 43.49999999999998579, -60.57133123440132749, 31.99999999999998579 ) ) ;
#3085 = ORIENTED_EDGE ( 'NONE', *, *, #2326, .T. ) ;
#3086 = ADVANCED_FACE ( 'NONE', ( #1479 ), #896, .T. ) ;
#3087 = EDGE_CURVE ( 'NONE', #1914, #135, #3559, .T. ) ;
#3088 = ORIENTED_EDGE ( 'NONE', *, *, #7047, .T. ) ;
#3089 = VECTOR ( 'NONE', #7184, 999.9999999999998863 ) ;
#3090 = ORIENTED_EDGE ( 'NONE', *, *, #6815, .F. ) ;
#3091 = CARTESIAN_POINT ( 'NONE',  ( 34.00000000000000711, 47.39628975256047738, 27.05371100784843463 ) ) ;
#3092 = CARTESIAN_POINT ( 'NONE',  ( -29.49999999999999289, -12.41379277605159004, -2.647767772941383324 ) ) ;
#3093 = FILL_AREA_STYLE_COLOUR ( '', #2080 ) ;
#3094 = ORIENTED_EDGE ( 'NONE', *, *, #4037, .F. ) ;
#3095 = SURFACE_STYLE_FILL_AREA ( #358 ) ;
#3096 =( GEOMETRIC_REPRESENTATION_CONTEXT ( 3 ) GLOBAL_UNCERTAINTY_ASSIGNED_CONTEXT ( ( #1309 ) ) GLOBAL_UNIT_ASSIGNED_CONTEXT ( ( #4784, #8465, #8548 ) ) REPRESENTATION_CONTEXT ( 'NONE', 'WORKASPACE' ) );
#3097 = CARTESIAN_POINT ( 'NONE',  ( 43.50000000000000000, -63.50000000000002842, 8.044105107084975614 ) ) ;
#3098 = VERTEX_POINT ( 'NONE', #6243 ) ;
#3099 = CIRCLE ( 'NONE', #4970, 1.649999999999995914 ) ;
#3100 = EDGE_CURVE ( 'NONE', #5269, #3123, #2962, .T. ) ;
#3101 = ORIENTED_EDGE ( 'NONE', *, *, #6765, .F. ) ;
#3102 = STYLED_ITEM ( 'NONE', ( #8315 ), #3976 ) ;
#3103 = VECTOR ( 'NONE', #5486, 1000.000000000000000 ) ;
#3104 = DIRECTION ( 'NONE',  ( 0.000000000000000000, -0.000000000000000000, -1.000000000000000000 ) ) ;
#3105 = LINE ( 'NONE', #8580, #1972 ) ;
#3106 = LINE ( 'NONE', #8582, #474 ) ;
#3107 = VECTOR ( 'NONE', #4459, 1000.000000000000114 ) ;
#3108 = DIRECTION ( 'NONE',  ( 0.000000000000000000, 0.000000000000000000, 1.000000000000000000 ) ) ;
#3109 = DIRECTION ( 'NONE',  ( -0.000000000000000000, -0.000000000000000000, 1.000000000000000000 ) ) ;
#3110 = EDGE_CURVE ( 'NONE', #576, #947, #3605, .T. ) ;
#3111 = AXIS2_PLACEMENT_3D ( 'NONE', #1419, #8337, #2197 ) ;
#3112 = FILL_AREA_STYLE_COLOUR ( '', #4287 ) ;
#3113 = VECTOR ( 'NONE', #2944, 1000.000000000000000 ) ;
#3114 = CARTESIAN_POINT ( 'NONE',  ( 39.19999999999998153, -51.11515718961152288, 31.79999999999997939 ) ) ;
#3115 =( LENGTH_UNIT ( ) NAMED_UNIT ( * ) SI_UNIT ( .MILLI., .METRE. ) );
#3116 = DIRECTION ( 'NONE',  ( -0.000000000000000000, -0.8829475928589252121, 0.4694715627858938589 ) ) ;
#3117 = VERTEX_POINT ( 'NONE', #3655 ) ;
#3118 = PRESENTATION_STYLE_ASSIGNMENT (( #8595 ) ) ;
#3119 = ADVANCED_FACE ( 'NONE', ( #4947 ), #1529, .F. ) ;
#3120 = DIRECTION ( 'NONE',  ( 0.000000000000000000, -0.9891347404802103283, -0.1470117858375538933 ) ) ;
#3121 = VECTOR ( 'NONE', #2667, 1000.000000000000000 ) ;
#3122 = AXIS2_PLACEMENT_3D ( 'NONE', #2792, #4878, #4022 ) ;
#3123 = VERTEX_POINT ( 'NONE', #8349 ) ;
#3124 = DIRECTION ( 'NONE',  ( 0.000000000000000000, 0.1470117858375539210, -0.9891347404802105503 ) ) ;
#3125 = DIRECTION ( 'NONE',  ( 0.000000000000000000, 0.9899786446783980232, -0.1412171486779214280 ) ) ;
#3126 = ORIENTED_EDGE ( 'NONE', *, *, #6029, .F. ) ;
#3127 = CARTESIAN_POINT ( 'NONE',  ( 26.44999999999998863, -60.25000000000002132, 13.19999999999999929 ) ) ;
#3128 = FACE_OUTER_BOUND ( 'NONE', #5864, .T. ) ;
#3129 = DIRECTION ( 'NONE',  ( 0.000000000000000000, -0.8829475928589253231, 0.4694715627858938589 ) ) ;
#3130 = LINE ( 'NONE', #5872, #8752 ) ;
#3131 = ORIENTED_EDGE ( 'NONE', *, *, #2693, .F. ) ;
#3132 = PRESENTATION_LAYER_ASSIGNMENT (  '', '', ( #7293 ) ) ;
#3133 = VERTEX_POINT ( 'NONE', #5627 ) ;
#3134 = ORIENTED_EDGE ( 'NONE', *, *, #1082, .T. ) ;
#3135 = FACE_BOUND ( 'NONE', #1683, .T. ) ;
#3136 = VECTOR ( 'NONE', #1267, 1000.000000000000000 ) ;
#3137 = ORIENTED_EDGE ( 'NONE', *, *, #1206, .T. ) ;
#3138 = ADVANCED_FACE ( 'NONE', ( #94 ), #1382, .T. ) ;
#3139 = EDGE_CURVE ( 'NONE', #8299, #6653, #5580, .T. ) ;
#3140 = DIRECTION ( 'NONE',  ( -0.000000000000000000, -0.000000000000000000, -1.000000000000000000 ) ) ;
#3141 =( LENGTH_UNIT ( ) NAMED_UNIT ( * ) SI_UNIT ( .MILLI., .METRE. ) );
#3142 = VERTEX_POINT ( 'NONE', #2826 ) ;
#3143 = VECTOR ( 'NONE', #413, 1000.000000000000000 ) ;
#3144 = ORIENTED_EDGE ( 'NONE', *, *, #1137, .F. ) ;
#3145 = VERTEX_POINT ( 'NONE', #8394 ) ;
#3146 = PLANE ( 'NONE',  #380 ) ;
#3147 =( NAMED_UNIT ( * ) SI_UNIT ( $, .STERADIAN. ) SOLID_ANGLE_UNIT ( ) );
#3148 = EDGE_CURVE ( 'NONE', #4313, #8562, #377, .T. ) ;
#3149 = CARTESIAN_POINT ( 'NONE',  ( -29.49999999999997868, 53.99999999999996447, 1.084202172485504237E-15 ) ) ;
#3150 = LINE ( 'NONE', #7999, #1893 ) ;
#3151 = CIRCLE ( 'NONE', #1138, 2.024999999999999023 ) ;
#3152 = DIRECTION ( 'NONE',  ( 0.000000000000000000, 0.9891347404802104393, 0.1470117858375540321 ) ) ;
#3153 = DIRECTION ( 'NONE',  ( -1.000000000000000000, 0.000000000000000000, 0.000000000000000000 ) ) ;
#3154 = CARTESIAN_POINT ( 'NONE',  ( -36.15000000000000568, 40.80988125771268926, 23.54733363260893952 ) ) ;
#3155 = VECTOR ( 'NONE', #751, 1000.000000000000000 ) ;
#3156 = CARTESIAN_POINT ( 'NONE',  ( 55.29999999999999716, 58.99999999999995737, 0.000000000000000000 ) ) ;
#3157 = EDGE_CURVE ( 'NONE', #8105, #8420, #2260, .T. ) ;
#3158 = FILL_AREA_STYLE_COLOUR ( '', #4186 ) ;
#3159 = DIRECTION ( 'NONE',  ( -1.000000000000000000, -0.000000000000000000, 0.000000000000000000 ) ) ;
#3160 =( NAMED_UNIT ( * ) PLANE_ANGLE_UNIT ( ) SI_UNIT ( $, .RADIAN. ) );
#3161 = ORIENTED_EDGE ( 'NONE', *, *, #2954, .T. ) ;
#3162 = AXIS2_PLACEMENT_3D ( 'NONE', #7024, #2788, #6976 ) ;
#3163 = DIRECTION ( 'NONE',  ( 0.000000000000000000, -0.8829475928589253231, 0.4694715627858938589 ) ) ;
#3164 = LINE ( 'NONE', #1770, #4480 ) ;
#3165 = DIRECTION ( 'NONE',  ( 0.000000000000000000, -1.000000000000000000, -1.215422028459299250E-16 ) ) ;
#3166 = VECTOR ( 'NONE', #1415, 1000.000000000000000 ) ;
#3167 = ORIENTED_EDGE ( 'NONE', *, *, #8801, .T. ) ;
#3168 = EDGE_CURVE ( 'NONE', #2009, #2664, #2091, .T. ) ;
#3169 = CARTESIAN_POINT ( 'NONE',  ( -26.44999999999998863, -57.75000000000001421, 8.898708361799847921 ) ) ;
#3170 = VERTEX_POINT ( 'NONE', #5041 ) ;
#3171 = DIRECTION ( 'NONE',  ( -1.000000000000000000, 0.000000000000000000, 0.000000000000000000 ) ) ;
#3172 =( NAMED_UNIT ( * ) SI_UNIT ( $, .STERADIAN. ) SOLID_ANGLE_UNIT ( ) );
#3173 = FACE_OUTER_BOUND ( 'NONE', #1796, .T. ) ;
#3174 = DIRECTION ( 'NONE',  ( -1.000000000000000000, 0.000000000000000000, 0.000000000000000000 ) ) ;
#3175 = ORIENTED_EDGE ( 'NONE', *, *, #4961, .T. ) ;
#3176 =( NAMED_UNIT ( * ) PLANE_ANGLE_UNIT ( ) SI_UNIT ( $, .RADIAN. ) );
#3177 = ORIENTED_EDGE ( 'NONE', *, *, #4760, .T. ) ;
#3178 = VERTEX_POINT ( 'NONE', #3781 ) ;
#3179 = LINE ( 'NONE', #1702, #4268 ) ;
#3180 = AXIS2_PLACEMENT_3D ( 'NONE', #7109, #2269, #953 ) ;
#3181 = CARTESIAN_POINT ( 'NONE',  ( -41.50000000000002132, 62.99999999999997158, -1.000000000000000000 ) ) ;
#3182 = PLANE ( 'NONE',  #6400 ) ;
#3183 = EDGE_LOOP ( 'NONE', ( #2471, #6934 ) ) ;
#3184 =( NAMED_UNIT ( * ) SI_UNIT ( $, .STERADIAN. ) SOLID_ANGLE_UNIT ( ) );
#3185 = ORIENTED_EDGE ( 'NONE', *, *, #5097, .F. ) ;
#3186 = VECTOR ( 'NONE', #5945, 1000.000000000000000 ) ;
#3187 = ORIENTED_EDGE ( 'NONE', *, *, #3306, .T. ) ;
#3188 = EDGE_CURVE ( 'NONE', #6019, #1844, #7120, .T. ) ;
#3189 = EDGE_CURVE ( 'NONE', #5753, #1472, #8531, .T. ) ;
#3190 = ORIENTED_EDGE ( 'NONE', *, *, #8424, .T. ) ;
#3191 = CARTESIAN_POINT ( 'NONE',  ( -46.50000000000002842, 68.99999999999997158, 4.500000000000000000 ) ) ;
#3192 = EDGE_LOOP ( 'NONE', ( #6131, #2561, #1153, #6694 ) ) ;
#3193 = SURFACE_STYLE_USAGE ( .BOTH. , #2437 ) ;
#3194 = DIRECTION ( 'NONE',  ( 0.000000000000000000, -1.000000000000000000, 0.000000000000000000 ) ) ;
#3195 = LINE ( 'NONE', #5935, #39 ) ;
#3196 = EDGE_CURVE ( 'NONE', #128, #5891, #1110, .T. ) ;
#3197 = CARTESIAN_POINT ( 'NONE',  ( -24.49999999999999645, -2.081668171172168513E-14, 13.87233320064247444 ) ) ;
#3198 = FILL_AREA_STYLE ('',( #3158 ) ) ;
#3199 = CARTESIAN_POINT ( 'NONE',  ( -38.49999999999997158, -60.57133123440132749, 31.99999999999998579 ) ) ;
#3200 = CARTESIAN_POINT ( 'NONE',  ( 39.19999999999998153, -51.11515718961152288, 31.79999999999997939 ) ) ;
#3201 = VERTEX_POINT ( 'NONE', #5881 ) ;
#3202 = LINE ( 'NONE', #5283, #3186 ) ;
#3203 = CARTESIAN_POINT ( 'NONE',  ( 33.00000000000000000, 48.75295395763456696, 24.72788594248546801 ) ) ;
#3204 = EDGE_CURVE ( 'NONE', #4136, #256, #8612, .T. ) ;
#3205 = EDGE_LOOP ( 'NONE', ( #3861, #2777, #5688, #6524 ) ) ;
#3206 = DIRECTION ( 'NONE',  ( -0.000000000000000000, -0.1412171486779217056, -0.9899786446783980232 ) ) ;
#3207 = ORIENTED_EDGE ( 'NONE', *, *, #2806, .T. ) ;
#3208 = CARTESIAN_POINT ( 'NONE',  ( -38.50000000000000000, -53.00000000000002132, -11.00000000000001066 ) ) ;
#3209 = CYLINDRICAL_SURFACE ( 'NONE', #7666, 1.000000000000003997 ) ;
#3210 = DIRECTION ( 'NONE',  ( 0.000000000000000000, 0.000000000000000000, 1.000000000000000000 ) ) ;
#3211 = EDGE_LOOP ( 'NONE', ( #6581, #1748, #2083, #5046 ) ) ;
#3212 = CIRCLE ( 'NONE', #8663, 7.999999999999992895 ) ;
#3213 = PRESENTATION_STYLE_ASSIGNMENT (( #1238 ) ) ;
#3214 = ADVANCED_FACE ( 'NONE', ( #5211 ), #1068, .F. ) ;
#3215 = ORIENTED_EDGE ( 'NONE', *, *, #8140, .T. ) ;
#3216 = ORIENTED_EDGE ( 'NONE', *, *, #4922, .T. ) ;
#3217 =( NAMED_UNIT ( * ) PLANE_ANGLE_UNIT ( ) SI_UNIT ( $, .RADIAN. ) );
#3218 = DIRECTION ( 'NONE',  ( -1.000000000000000000, 0.000000000000000000, 0.000000000000000000 ) ) ;
#3219 = DIRECTION ( 'NONE',  ( 0.000000000000000000, 0.000000000000000000, 1.000000000000000000 ) ) ;
#3220 = ORIENTED_EDGE ( 'NONE', *, *, #7516, .F. ) ;
#3221 = DIRECTION ( 'NONE',  ( -1.000000000000000000, 0.000000000000000000, 0.000000000000000000 ) ) ;
#3222 = CYLINDRICAL_SURFACE ( 'NONE', #4857, 4.149999999999994138 ) ;
#3223 = VERTEX_POINT ( 'NONE', #6604 ) ;
#3224 = ADVANCED_FACE ( 'NONE', ( #6428 ), #4365, .F. ) ;
#3225 =( GEOMETRIC_REPRESENTATION_CONTEXT ( 3 ) GLOBAL_UNCERTAINTY_ASSIGNED_CONTEXT ( ( #3934 ) ) GLOBAL_UNIT_ASSIGNED_CONTEXT ( ( #7771, #6426, #8487 ) ) REPRESENTATION_CONTEXT ( 'NONE', 'WORKASPACE' ) );
#3226 = ORIENTED_EDGE ( 'NONE', *, *, #1207, .F. ) ;
#3227 = VERTEX_POINT ( 'NONE', #4576 ) ;
#3228 = CARTESIAN_POINT ( 'NONE',  ( 34.00000000000000711, 40.60859475801825624, 23.51741709386648793 ) ) ;
#3229 = VERTEX_POINT ( 'NONE', #4618 ) ;
#3230 = PRESENTATION_LAYER_ASSIGNMENT (  '', '', ( #217 ) ) ;
#3231 = CARTESIAN_POINT ( 'NONE',  ( 43.50000000000000000, -56.50000000000004263, 9.084491678042205365 ) ) ;
#3232 = CARTESIAN_POINT ( 'NONE',  ( 45.20000000000000284, 59.19999999999998863, 0.000000000000000000 ) ) ;
#3233 = AXIS2_PLACEMENT_3D ( 'NONE', #7104, #2171, #950 ) ;
#3234 = DIRECTION ( 'NONE',  ( 0.000000000000000000, 0.4694715627858938589, 0.8829475928589253231 ) ) ;
#3235 = CIRCLE ( 'NONE', #3378, 3.999999999999998668 ) ;
#3236 = COLOUR_RGB ( '',0.2980392156862745057, 0.2980392156862745057, 0.2980392156862745057 ) ;
#3237 = SHAPE_REPRESENTATION_RELATIONSHIP ( 'NONE' , 'NONE' ,  #31, #1152 ) ;
#3238 = VECTOR ( 'NONE', #6957, 1000.000000000000000 ) ;
#3239 = CARTESIAN_POINT ( 'NONE',  ( 55.29999999999999716, 55.99999999999995026, 23.60000000000000142 ) ) ;
#3240 = ADVANCED_FACE ( 'NONE', ( #4664 ), #5346, .T. ) ;
#3241 = DIRECTION ( 'NONE',  ( 1.000000000000000000, 0.000000000000000000, 0.000000000000000000 ) ) ;
#3242 = ADVANCED_FACE ( 'NONE', ( #8825 ), #5965, .T. ) ;
#3243 =( GEOMETRIC_REPRESENTATION_CONTEXT ( 3 ) GLOBAL_UNCERTAINTY_ASSIGNED_CONTEXT ( ( #1402 ) ) GLOBAL_UNIT_ASSIGNED_CONTEXT ( ( #7932, #2997, #1608 ) ) REPRESENTATION_CONTEXT ( 'NONE', 'WORKASPACE' ) );
#3244 = SURFACE_STYLE_USAGE ( .BOTH. , #8765 ) ;
#3245 = EDGE_LOOP ( 'NONE', ( #2001, #8430, #4439, #1386 ) ) ;
#3246 = LINE ( 'NONE', #7964, #4659 ) ;
#3247 = DIRECTION ( 'NONE',  ( 0.000000000000000000, 0.9899786446783979121, -0.1412171486779219554 ) ) ;
#3248 = VECTOR ( 'NONE', #3349, 1000.000000000000000 ) ;
#3249 = VECTOR ( 'NONE', #5741, 1000.000000000000000 ) ;
#3250 = VERTEX_POINT ( 'NONE', #2556 ) ;
#3251 = CARTESIAN_POINT ( 'NONE',  ( 50.49999999999999289, -66.00000000000001421, 0.000000000000000000 ) ) ;
#3252 = ORIENTED_EDGE ( 'NONE', *, *, #5182, .F. ) ;
#3253 = CIRCLE ( 'NONE', #3982, 0.7500000000000006661 ) ;
#3254 = FILL_AREA_STYLE_COLOUR ( '', #1118 ) ;
#3255 = EDGE_CURVE ( 'NONE', #8562, #7441, #6646, .T. ) ;
#3256 = DIRECTION ( 'NONE',  ( 1.000000000000000000, 0.000000000000000000, 0.000000000000000000 ) ) ;
#3257 = SURFACE_SIDE_STYLE ('',( #602 ) ) ;
#3258 =( NAMED_UNIT ( * ) PLANE_ANGLE_UNIT ( ) SI_UNIT ( $, .RADIAN. ) );
#3259 = VERTEX_POINT ( 'NONE', #1160 ) ;
#3260 = SURFACE_STYLE_FILL_AREA ( #5761 ) ;
#3261 = ORIENTED_EDGE ( 'NONE', *, *, #6077, .T. ) ;
#3262 = ORIENTED_EDGE ( 'NONE', *, *, #5337, .F. ) ;
#3263 = CARTESIAN_POINT ( 'NONE',  ( -47.63293176322617484, -71.17624037013723637, 19.99999999999997513 ) ) ;
#3264 = CARTESIAN_POINT ( 'NONE',  ( 31.00000000000000000, -38.52037643143881951, -30.19911837050836922 ) ) ;
#3265 = FACE_OUTER_BOUND ( 'NONE', #4564, .T. ) ;
#3266 = VERTEX_POINT ( 'NONE', #3997 ) ;
#3267 = EDGE_CURVE ( 'NONE', #7318, #4953, #5922, .T. ) ;
#3268 = PRESENTATION_LAYER_ASSIGNMENT (  '', '', ( #6443 ) ) ;
#3269 = CARTESIAN_POINT ( 'NONE',  ( 43.50000000000032685, -43.63223080321684222, 10.99698514525797322 ) ) ;
#3270 = CARTESIAN_POINT ( 'NONE',  ( -33.64999999999999858, 44.82479682327223713, -14.75214040964108975 ) ) ;
#3271 = ORIENTED_EDGE ( 'NONE', *, *, #2461, .F. ) ;
#3272 = ORIENTED_EDGE ( 'NONE', *, *, #3316, .F. ) ;
#3273 = VECTOR ( 'NONE', #1178, 1000.000000000000000 ) ;
#3274 = EDGE_LOOP ( 'NONE', ( #3807, #8647, #1053, #2421, #7665, #6267 ) ) ;
#3275 = DIRECTION ( 'NONE',  ( 1.000000000000000000, 0.000000000000000000, 0.000000000000000000 ) ) ;
#3276 =( LENGTH_UNIT ( ) NAMED_UNIT ( * ) SI_UNIT ( .MILLI., .METRE. ) );
#3277 = EDGE_CURVE ( 'NONE', #4136, #1752, #707, .T. ) ;
#3278 = DIRECTION ( 'NONE',  ( 0.000000000000000000, 1.000000000000000000, 0.000000000000000000 ) ) ;
#3279 = CARTESIAN_POINT ( 'NONE',  ( -43.50000000000002132, 72.99999999999997158, -1.000000000000000000 ) ) ;
#3280 = DIRECTION ( 'NONE',  ( 0.000000000000000000, 0.000000000000000000, 1.000000000000000000 ) ) ;
#3281 = AXIS2_PLACEMENT_3D ( 'NONE', #5053, #5093, #6529 ) ;
#3282 = CYLINDRICAL_SURFACE ( 'NONE', #3659, 2.999999999999999112 ) ;
#3283 =( NAMED_UNIT ( * ) PLANE_ANGLE_UNIT ( ) SI_UNIT ( $, .RADIAN. ) );
#3284 = VECTOR ( 'NONE', #2861, 1000.000000000000000 ) ;
#3285 = DIRECTION ( 'NONE',  ( 0.000000000000000000, -0.05233595624294608284, -0.9986295347545738332 ) ) ;
#3286 = DIRECTION ( 'NONE',  ( -1.000000000000000000, 0.000000000000000000, 0.000000000000000000 ) ) ;
#3287 = DIRECTION ( 'NONE',  ( 0.000000000000000000, 0.000000000000000000, -1.000000000000000000 ) ) ;
#3288 = ORIENTED_EDGE ( 'NONE', *, *, #7867, .T. ) ;
#3289 = CARTESIAN_POINT ( 'NONE',  ( 38.69999999999996021, 67.22866876559864124, 31.99999999999998579 ) ) ;
#3290 = CARTESIAN_POINT ( 'NONE',  ( 43.50000000000000000, -63.50000000000002842, 8.044105107084975614 ) ) ;
#3291 = CIRCLE ( 'NONE', #8311, 1.649999999999995914 ) ;
#3292 = CARTESIAN_POINT ( 'NONE',  ( 34.64999999999999147, -69.44447162738498491, 24.71568235891385967 ) ) ;
#3293 = ADVANCED_FACE ( 'NONE', ( #6055 ), #6772, .T. ) ;
#3294 = EDGE_CURVE ( 'NONE', #2246, #1841, #7989, .T. ) ;
#3295 = UNCERTAINTY_MEASURE_WITH_UNIT (LENGTH_MEASURE( 1.000000000000000082E-05 ), #464, 'distance_accuracy_value', 'NONE');
#3296 = VERTEX_POINT ( 'NONE', #8657 ) ;
#3297 = CARTESIAN_POINT ( 'NONE',  ( -33.99999999999999289, 51.66217667587456219, -16.79558734372461970 ) ) ;
#3298 =( GEOMETRIC_REPRESENTATION_CONTEXT ( 3 ) GLOBAL_UNCERTAINTY_ASSIGNED_CONTEXT ( ( #4023 ) ) GLOBAL_UNIT_ASSIGNED_CONTEXT ( ( #1658, #4265, #7136 ) ) REPRESENTATION_CONTEXT ( 'NONE', 'WORKASPACE' ) );
#3299 = ORIENTED_EDGE ( 'NONE', *, *, #8702, .T. ) ;
#3300 = DIRECTION ( 'NONE',  ( -1.000000000000000000, 0.000000000000000000, 0.000000000000000000 ) ) ;
#3301 = DIRECTION ( 'NONE',  ( -1.000000000000000000, 0.000000000000000000, 0.000000000000000000 ) ) ;
#3302 = VERTEX_POINT ( 'NONE', #2509 ) ;
#3303 = CARTESIAN_POINT ( 'NONE',  ( -50.50000000000002132, 65.99999999999995737, 31.99999999999998579 ) ) ;
#3304 = AXIS2_PLACEMENT_3D ( 'NONE', #2741, #1397, #4238 ) ;
#3305 = VERTEX_POINT ( 'NONE', #5258 ) ;
#3306 = EDGE_CURVE ( 'NONE', #8562, #878, #1836, .T. ) ;
#3307 = ORIENTED_EDGE ( 'NONE', *, *, #1710, .T. ) ;
#3308 = FILL_AREA_STYLE_COLOUR ( '', #4835 ) ;
#3309 = DIRECTION ( 'NONE',  ( -0.000000000000000000, -0.9986295347545737222, 0.05233595624294713061 ) ) ;
#3310 = ORIENTED_EDGE ( 'NONE', *, *, #49, .T. ) ;
#3311 = DIRECTION ( 'NONE',  ( -0.7071067811865472397, -0.7071067811865479058, 0.000000000000000000 ) ) ;
#3312 = AXIS2_PLACEMENT_3D ( 'NONE', #3092, #5835, #2424 ) ;
#3313 = FACE_OUTER_BOUND ( 'NONE', #6087, .T. ) ;
#3314 = ORIENTED_EDGE ( 'NONE', *, *, #99, .F. ) ;
#3315 = ORIENTED_EDGE ( 'NONE', *, *, #1082, .F. ) ;
#3316 = EDGE_CURVE ( 'NONE', #7075, #5694, #5306, .T. ) ;
#3317 = ORIENTED_EDGE ( 'NONE', *, *, #3817, .F. ) ;
#3318 = DIRECTION ( 'NONE',  ( 0.000000000000000000, -0.9986295347545737222, 0.05233595624294712367 ) ) ;
#3319 = ORIENTED_EDGE ( 'NONE', *, *, #1254, .T. ) ;
#3320 = DIRECTION ( 'NONE',  ( 1.059373115100340619E-16, -1.000000000000000000, 0.000000000000000000 ) ) ;
#3321 = DIRECTION ( 'NONE',  ( 0.000000000000000000, 0.9899786446783979121, -0.1412171486779219554 ) ) ;
#3322 = AXIS2_PLACEMENT_3D ( 'NONE', #1349, #6839, #5329 ) ;
#3323 = LINE ( 'NONE', #7453, #6223 ) ;
#3324 = ADVANCED_FACE ( 'NONE', ( #838 ), #168, .T. ) ;
#3325 = EDGE_CURVE ( 'NONE', #4217, #1627, #2151, .T. ) ;
#3326 = CIRCLE ( 'NONE', #2040, 8.000000000000000000 ) ;
#3327 = FACE_OUTER_BOUND ( 'NONE', #8605, .T. ) ;
#3328 = DIRECTION ( 'NONE',  ( -0.000000000000000000, -0.1412171486779217056, -0.9899786446783980232 ) ) ;
#3329 = CARTESIAN_POINT ( 'NONE',  ( 0.000000000000000000, 61.49999999999997158, 4.500000000000000000 ) ) ;
#3330 = LINE ( 'NONE', #4639, #3273 ) ;
#3331 = CARTESIAN_POINT ( 'NONE',  ( 36.54999999999998295, -72.38884964896776353, 11.66144338479930909 ) ) ;
#3332 = CARTESIAN_POINT ( 'NONE',  ( 52.79999999999999005, 55.99999999999995026, 20.60000000000000497 ) ) ;
#3333 = DIRECTION ( 'NONE',  ( 0.000000000000000000, -2.434699615406044823E-15, -1.000000000000000000 ) ) ;
#3334 = LINE ( 'NONE', #3977, #5508 ) ;
#3335 = CARTESIAN_POINT ( 'NONE',  ( -21.94999999999997087, -60.25000000000004974, 8.527141729315120600 ) ) ;
#3336 = ORIENTED_EDGE ( 'NONE', *, *, #1531, .F. ) ;
#3337 = VECTOR ( 'NONE', #3024, 1000.000000000000114 ) ;
#3338 = DIRECTION ( 'NONE',  ( 0.000000000000000000, 0.000000000000000000, 1.000000000000000000 ) ) ;
#3339 = ORIENTED_EDGE ( 'NONE', *, *, #6756, .T. ) ;
#3340 = FACE_OUTER_BOUND ( 'NONE', #6475, .T. ) ;
#3341 = PRESENTATION_STYLE_ASSIGNMENT (( #600 ) ) ;
#3342 = PRESENTATION_STYLE_ASSIGNMENT (( #4697 ) ) ;
#3343 = EDGE_CURVE ( 'NONE', #8772, #6237, #7620, .T. ) ;
#3344 = VERTEX_POINT ( 'NONE', #1466 ) ;
#3345 = PLANE ( 'NONE',  #5077 ) ;
#3346 = CIRCLE ( 'NONE', #8370, 0.7500000000000006661 ) ;
#3347 = ORIENTED_EDGE ( 'NONE', *, *, #972, .F. ) ;
#3348 = ORIENTED_EDGE ( 'NONE', *, *, #3354, .T. ) ;
#3349 = DIRECTION ( 'NONE',  ( -1.000000000000000000, 0.000000000000000000, 0.000000000000000000 ) ) ;
#3350 = DIRECTION ( 'NONE',  ( 0.000000000000000000, -1.000000000000000000, -1.548860246407863829E-16 ) ) ;
#3351 = DIRECTION ( 'NONE',  ( 1.000000000000000000, 0.000000000000000000, 0.000000000000000000 ) ) ;
#3352 = VERTEX_POINT ( 'NONE', #792 ) ;
#3353 = CARTESIAN_POINT ( 'NONE',  ( 50.49999999999999289, 0.000000000000000000, 0.000000000000000000 ) ) ;
#3354 = EDGE_CURVE ( 'NONE', #4363, #7093, #8383, .T. ) ;
#3355 = LINE ( 'NONE', #4751, #8572 ) ;
#3356 = DIRECTION ( 'NONE',  ( -0.000000000000000000, -0.1412171486779217056, -0.9899786446783980232 ) ) ;
#3357 = ADVANCED_FACE ( 'NONE', ( #6901 ), #7572, .T. ) ;
#3358 = ORIENTED_EDGE ( 'NONE', *, *, #7551, .T. ) ;
#3359 = ORIENTED_EDGE ( 'NONE', *, *, #4384, .T. ) ;
#3360 = AXIS2_PLACEMENT_3D ( 'NONE', #7657, #2753, #829 ) ;
#3361 = ORIENTED_EDGE ( 'NONE', *, *, #4275, .F. ) ;
#3362 = CARTESIAN_POINT ( 'NONE',  ( 39.19999999999998153, -45.61515718961151578, 31.79999999999997939 ) ) ;
#3363 = ORIENTED_EDGE ( 'NONE', *, *, #6077, .F. ) ;
#3364 = LINE ( 'NONE', #8082, #6259 ) ;
#3365 = CARTESIAN_POINT ( 'NONE',  ( -29.50000000000000000, -65.57133123440134170, 31.99999999999998579 ) ) ;
#3366 = CARTESIAN_POINT ( 'NONE',  ( 35.04999999999999005, -72.49048012702763799, 7.811486080369911988 ) ) ;
#3367 = ADVANCED_FACE ( 'NONE', ( #7717 ), #34, .F. ) ;
#3368 = AXIS2_PLACEMENT_3D ( 'NONE', #6364, #203, #2938 ) ;
#3369 = PLANE ( 'NONE',  #3485 ) ;
#3370 = DIRECTION ( 'NONE',  ( 4.180962797671362569E-29, 1.222980050563649002E-16, -1.000000000000000222 ) ) ;
#3371 = VECTOR ( 'NONE', #4288, 1000.000000000000000 ) ;
#3372 =( NAMED_UNIT ( * ) PLANE_ANGLE_UNIT ( ) SI_UNIT ( $, .RADIAN. ) );
#3373 = CARTESIAN_POINT ( 'NONE',  ( 16.19999999999999574, -56.50000000000004263, 13.87233320064247444 ) ) ;
#3374 = LINE ( 'NONE', #859, #7334 ) ;
#3375 = SURFACE_SIDE_STYLE ('',( #6793 ) ) ;
#3376 = ADVANCED_FACE ( 'NONE', ( #2763 ), #7701, .F. ) ;
#3377 = SURFACE_STYLE_FILL_AREA ( #2699 ) ;
#3378 = AXIS2_PLACEMENT_3D ( 'NONE', #8658, #5259, #7990 ) ;
#3379 = CIRCLE ( 'NONE', #6544, 2.024999999999999023 ) ;
#3380 = FILL_AREA_STYLE_COLOUR ( '', #2628 ) ;
#3381 = DIRECTION ( 'NONE',  ( -1.000000000000000000, 0.000000000000000000, 0.000000000000000000 ) ) ;
#3382 = CIRCLE ( 'NONE', #8111, 2.500000000000002220 ) ;
#3383 = UNCERTAINTY_MEASURE_WITH_UNIT (LENGTH_MEASURE( 1.000000000000000082E-05 ), #2656, 'distance_accuracy_value', 'NONE');
#3384 = ORIENTED_EDGE ( 'NONE', *, *, #791, .T. ) ;
#3385 = VECTOR ( 'NONE', #7585, 999.9999999999998863 ) ;
#3386 = CARTESIAN_POINT ( 'NONE',  ( -30.00000000000000000, -49.93456871069225400, 12.58775128143312649 ) ) ;
#3387 = VERTEX_POINT ( 'NONE', #1369 ) ;
#3388 = SURFACE_STYLE_USAGE ( .BOTH. , #1233 ) ;
#3389 = EDGE_CURVE ( 'NONE', #3002, #6954, #2052, .T. ) ;
#3390 = CARTESIAN_POINT ( 'NONE',  ( 34.50000000000000711, -14.39083285754250241, -16.50746879843895343 ) ) ;
#3391 = VECTOR ( 'NONE', #1473, 1000.000000000000000 ) ;
#3392 = DIRECTION ( 'NONE',  ( 0.000000000000000000, 0.000000000000000000, -1.000000000000000000 ) ) ;
#3393 = EDGE_LOOP ( 'NONE', ( #8435, #1732, #5799 ) ) ;
#3394 = FACE_OUTER_BOUND ( 'NONE', #3692, .T. ) ;
#3395 =( GEOMETRIC_REPRESENTATION_CONTEXT ( 3 ) GLOBAL_UNCERTAINTY_ASSIGNED_CONTEXT ( ( #6355 ) ) GLOBAL_UNIT_ASSIGNED_CONTEXT ( ( #1276, #1909, #3172 ) ) REPRESENTATION_CONTEXT ( 'NONE', 'WORKASPACE' ) );
#3396 = VECTOR ( 'NONE', #6225, 1000.000000000000000 ) ;
#3397 = ORIENTED_EDGE ( 'NONE', *, *, #1791, .T. ) ;
#3398 = SURFACE_SIDE_STYLE ('',( #2002 ) ) ;
#3399 = FACE_OUTER_BOUND ( 'NONE', #3515, .T. ) ;
#3400 = ORIENTED_EDGE ( 'NONE', *, *, #252, .T. ) ;
#3401 = AXIS2_PLACEMENT_3D ( 'NONE', #3629, #4385, #5144 ) ;
#3402 = DIRECTION ( 'NONE',  ( 0.000000000000000000, -0.9891347404802104393, -0.1470117858375539210 ) ) ;
#3403 = DIRECTION ( 'NONE',  ( 0.000000000000000000, 2.434699615406044823E-15, 1.000000000000000000 ) ) ;
#3404 = CARTESIAN_POINT ( 'NONE',  ( -50.50000000000002132, 65.99999999999995737, 31.99999999999998579 ) ) ;
#3405 = ORIENTED_EDGE ( 'NONE', *, *, #2338, .T. ) ;
#3406 = AXIS2_PLACEMENT_3D ( 'NONE', #4461, #4540, #5175 ) ;
#3407 = EDGE_LOOP ( 'NONE', ( #8640, #4602, #6852, #3361, #167, #7378, #221, #5754 ) ) ;
#3408 = EDGE_CURVE ( 'NONE', #6436, #2969, #7042, .T. ) ;
#3409 = ORIENTED_EDGE ( 'NONE', *, *, #4725, .T. ) ;
#3410 = EDGE_CURVE ( 'NONE', #2278, #2914, #4267, .T. ) ;
#3411 = CARTESIAN_POINT ( 'NONE',  ( 36.14999999999999147, -48.57824856600113606, 12.78933660492676871 ) ) ;
#3412 = UNCERTAINTY_MEASURE_WITH_UNIT (LENGTH_MEASURE( 1.000000000000000082E-05 ), #8320, 'distance_accuracy_value', 'NONE');
#3413 = LINE ( 'NONE', #7677, #1352 ) ;
#3414 = AXIS2_PLACEMENT_3D ( 'NONE', #1822, #1095, #6590 ) ;
#3415 = CIRCLE ( 'NONE', #2281, 1.000000000000003997 ) ;
#3416 = ORIENTED_EDGE ( 'NONE', *, *, #3986, .F. ) ;
#3417 = LINE ( 'NONE', #1169, #4977 ) ;
#3418 = DIRECTION ( 'NONE',  ( 0.000000000000000000, -0.9899786446783979121, 0.1412171486779215945 ) ) ;
#3419 = STYLED_ITEM ( 'NONE', ( #6720 ), #4483 ) ;
#3420 =( GEOMETRIC_REPRESENTATION_CONTEXT ( 3 ) GLOBAL_UNCERTAINTY_ASSIGNED_CONTEXT ( ( #3506 ) ) GLOBAL_UNIT_ASSIGNED_CONTEXT ( ( #5896, #1724, #6576 ) ) REPRESENTATION_CONTEXT ( 'NONE', 'WORKASPACE' ) );
#3421 = FACE_OUTER_BOUND ( 'NONE', #7270, .T. ) ;
#3422 = EDGE_CURVE ( 'NONE', #3145, #5791, #6265, .T. ) ;
#3423 = LINE ( 'NONE', #4142, #515 ) ;
#3424 = DIRECTION ( 'NONE',  ( -9.912705577010325549E-17, 1.000000000000000000, -0.000000000000000000 ) ) ;
#3425 = STYLED_ITEM ( 'NONE', ( #3886 ), #4678 ) ;
#3426 = DIRECTION ( 'NONE',  ( -0.000000000000000000, -0.000000000000000000, -1.000000000000000000 ) ) ;
#3427 = FILL_AREA_STYLE_COLOUR ( '', #7533 ) ;
#3428 = CARTESIAN_POINT ( 'NONE',  ( 0.000000000000000000, 0.000000000000000000, 20.00000000000000000 ) ) ;
#3429 = CARTESIAN_POINT ( 'NONE',  ( 50.49999999999999289, -59.00000000000003553, 22.49999999999998579 ) ) ;
#3430 = CARTESIAN_POINT ( 'NONE',  ( 35.04999999999998295, -72.10581084864197976, 15.15141316081602163 ) ) ;
#3431 = CIRCLE ( 'NONE', #1853, 2.299999999999997602 ) ;
#3432 = SURFACE_SIDE_STYLE ('',( #2704 ) ) ;
#3433 = ADVANCED_FACE ( 'NONE', ( #6858 ), #701, .T. ) ;
#3434 = ORIENTED_EDGE ( 'NONE', *, *, #666, .T. ) ;
#3435 = PLANE ( 'NONE',  #6505 ) ;
#3436 = VERTEX_POINT ( 'NONE', #6508 ) ;
#3437 = CARTESIAN_POINT ( 'NONE',  ( 44.11913387729988756, 71.26787457913182777, 30.93862763891439016 ) ) ;
#3438 = CARTESIAN_POINT ( 'NONE',  ( 46.50000000000000000, -66.00000000000001421, 4.500000000000000000 ) ) ;
#3439 = STYLED_ITEM ( 'NONE', ( #8350 ), #5230 ) ;
#3440 = CARTESIAN_POINT ( 'NONE',  ( -29.50000000000000000, -41.12317347172513138, 1.447529538718347109 ) ) ;
#3441 = VERTEX_POINT ( 'NONE', #258 ) ;
#3442 = DIRECTION ( 'NONE',  ( -1.000000000000000000, 0.000000000000000000, 0.000000000000000000 ) ) ;
#3443 = ADVANCED_FACE ( 'NONE', ( #3128 ), #7890, .F. ) ;
#3444 = VECTOR ( 'NONE', #7089, 1000.000000000000000 ) ;
#3445 = ORIENTED_EDGE ( 'NONE', *, *, #2762, .F. ) ;
#3446 = PLANE ( 'NONE',  #6565 ) ;
#3447 = CARTESIAN_POINT ( 'NONE',  ( -32.99999999999999289, 48.38542449304067361, 27.20072279368600476 ) ) ;
#3448 = ORIENTED_EDGE ( 'NONE', *, *, #7571, .F. ) ;
#3449 = CARTESIAN_POINT ( 'NONE',  ( 24.49999999999999645, 61.49999999999997868, 4.500000000000000000 ) ) ;
#3450 = DIRECTION ( 'NONE',  ( -0.000000000000000000, -0.000000000000000000, 1.000000000000000000 ) ) ;
#3451 = CARTESIAN_POINT ( 'NONE',  ( 43.49999999999998579, 72.99999999999997158, 31.99999999999998579 ) ) ;
#3452 = COLOUR_RGB ( '',0.7921568627450980005, 0.8196078431372548767, 0.9333333333333333481 ) ;
#3453 = EDGE_LOOP ( 'NONE', ( #5802, #3734, #7131, #3226 ) ) ;
#3454 = ORIENTED_EDGE ( 'NONE', *, *, #7080, .F. ) ;
#3455 = DIRECTION ( 'NONE',  ( -0.000000000000000000, -0.1470117858375538933, 0.9891347404802104393 ) ) ;
#3456 = AXIS2_PLACEMENT_3D ( 'NONE', #1703, #6517, #4410 ) ;
#3457 = ORIENTED_EDGE ( 'NONE', *, *, #3410, .F. ) ;
#3458 = DIRECTION ( 'NONE',  ( -0.8637789008984342320, 0.000000000000000000, 0.5038710255240848035 ) ) ;
#3459 = DIRECTION ( 'NONE',  ( 0.000000000000000000, 2.434699615406044823E-15, 1.000000000000000000 ) ) ;
#3460 = CARTESIAN_POINT ( 'NONE',  ( 46.89999999999999858, -56.00000000000003553, 25.49999999999998579 ) ) ;
#3461 = VERTEX_POINT ( 'NONE', #980 ) ;
#3462 = EDGE_CURVE ( 'NONE', #8188, #523, #1058, .T. ) ;
#3463 = ADVANCED_FACE ( 'NONE', ( #4349 ), #3813, .T. ) ;
#3464 = CARTESIAN_POINT ( 'NONE',  ( 55.29999999999999716, -59.00000000000003553, 0.000000000000000000 ) ) ;
#3465 = ORIENTED_EDGE ( 'NONE', *, *, #7660, .T. ) ;
#3466 = SURFACE_SIDE_STYLE ('',( #1978 ) ) ;
#3467 =( LENGTH_UNIT ( ) NAMED_UNIT ( * ) SI_UNIT ( .MILLI., .METRE. ) );
#3468 = VECTOR ( 'NONE', #7194, 1000.000000000000000 ) ;
#3469 = FACE_OUTER_BOUND ( 'NONE', #1151, .T. ) ;
#3470 = CARTESIAN_POINT ( 'NONE',  ( -21.94999999999997087, -60.25000000000004974, 13.19999999999999929 ) ) ;
#3471 = SURFACE_STYLE_USAGE ( .BOTH. , #2738 ) ;
#3472 = CARTESIAN_POINT ( 'NONE',  ( -36.15000000000000568, -43.66069929519828463, 10.99275396857898812 ) ) ;
#3473 = CARTESIAN_POINT ( 'NONE',  ( -43.49999999999998579, -60.57133123440132749, 31.99999999999998579 ) ) ;
#3474 =( NAMED_UNIT ( * ) SI_UNIT ( $, .STERADIAN. ) SOLID_ANGLE_UNIT ( ) );
#3475 = EDGE_CURVE ( 'NONE', #7806, #4551, #662, .T. ) ;
#3476 = LINE ( 'NONE', #8364, #7347 ) ;
#3477 = FILL_AREA_STYLE_COLOUR ( '', #2219 ) ;
#3478 = AXIS2_PLACEMENT_3D ( 'NONE', #7965, #1049, #7297 ) ;
#3479 = DIRECTION ( 'NONE',  ( 0.000000000000000000, 0.9899786446783979121, -0.1412171486779218166 ) ) ;
#3480 = UNCERTAINTY_MEASURE_WITH_UNIT (LENGTH_MEASURE( 1.000000000000000082E-05 ), #4296, 'distance_accuracy_value', 'NONE');
#3481 = ORIENTED_EDGE ( 'NONE', *, *, #8760, .F. ) ;
#3482 = FACE_OUTER_BOUND ( 'NONE', #3704, .T. ) ;
#3483 = CARTESIAN_POINT ( 'NONE',  ( 50.50000000000000000, -64.99999999999995737, -1.000000000000000000 ) ) ;
#3484 = DIRECTION ( 'NONE',  ( 0.000000000000000000, -0.000000000000000000, 1.000000000000000000 ) ) ;
#3485 = AXIS2_PLACEMENT_3D ( 'NONE', #2021, #7015, #1433 ) ;
#3486 = COLOUR_RGB ( '',0.2980392156862745057, 0.2980392156862745057, 0.2980392156862745057 ) ;
#3487 = PRESENTATION_STYLE_ASSIGNMENT (( #739 ) ) ;
#3488 = ADVANCED_FACE ( 'NONE', ( #931, #5155, #3686, #1735 ), #3730, .T. ) ;
#3489 = VERTEX_POINT ( 'NONE', #4479 ) ;
#3490 = FACE_OUTER_BOUND ( 'NONE', #798, .T. ) ;
#3491 = MECHANICAL_DESIGN_GEOMETRIC_PRESENTATION_REPRESENTATION (  '', ( #4774 ), #6932 ) ;
#3492 = ORIENTED_EDGE ( 'NONE', *, *, #6835, .F. ) ;
#3493 = DIRECTION ( 'NONE',  ( 1.000000000000000000, 0.000000000000000000, 0.000000000000000000 ) ) ;
#3494 = DIRECTION ( 'NONE',  ( 0.000000000000000000, 0.000000000000000000, 1.000000000000000000 ) ) ;
#3495 = ORIENTED_EDGE ( 'NONE', *, *, #281, .F. ) ;
#3496 = DIRECTION ( 'NONE',  ( 1.000000000000000000, -2.413528314402512315E-15, 0.000000000000000000 ) ) ;
#3497 = CARTESIAN_POINT ( 'NONE',  ( 39.19999999999998153, -45.61515718961151578, 31.79999999999997939 ) ) ;
#3498 = CARTESIAN_POINT ( 'NONE',  ( -36.15000000000000568, 45.35990106392166865, 24.22358784746169036 ) ) ;
#3499 = EDGE_CURVE ( 'NONE', #5866, #8508, #304, .T. ) ;
#3500 = ORIENTED_EDGE ( 'NONE', *, *, #5202, .T. ) ;
#3501 = AXIS2_PLACEMENT_3D ( 'NONE', #3753, #6489, #8627 ) ;
#3502 = ORIENTED_EDGE ( 'NONE', *, *, #5593, .F. ) ;
#3503 = ORIENTED_EDGE ( 'NONE', *, *, #5827, .T. ) ;
#3504 =( GEOMETRIC_REPRESENTATION_CONTEXT ( 3 ) GLOBAL_UNCERTAINTY_ASSIGNED_CONTEXT ( ( #2579 ) ) GLOBAL_UNIT_ASSIGNED_CONTEXT ( ( #6785, #2649, #6111 ) ) REPRESENTATION_CONTEXT ( 'NONE', 'WORKASPACE' ) );
#3505 = DIRECTION ( 'NONE',  ( 1.000000000000000000, 1.374038396813312538E-16, -7.016054674389234799E-32 ) ) ;
#3506 = UNCERTAINTY_MEASURE_WITH_UNIT (LENGTH_MEASURE( 1.000000000000000082E-05 ), #5896, 'distance_accuracy_value', 'NONE');
#3507 = CARTESIAN_POINT ( 'NONE',  ( -30.00000000000009592, -2.909650240805755406, 19.57690752092292996 ) ) ;
#3508 = DIRECTION ( 'NONE',  ( -0.000000000000000000, -0.000000000000000000, -1.000000000000000000 ) ) ;
#3509 = ORIENTED_EDGE ( 'NONE', *, *, #1385, .T. ) ;
#3510 = CARTESIAN_POINT ( 'NONE',  ( 43.50000000000000711, 48.06012813192958077, 0.8473028920675285125 ) ) ;
#3511 = EDGE_CURVE ( 'NONE', #873, #4045, #813, .T. ) ;
#3512 = ORIENTED_EDGE ( 'NONE', *, *, #3389, .F. ) ;
#3513 = DIRECTION ( 'NONE',  ( -1.000000000000000000, -0.000000000000000000, -0.000000000000000000 ) ) ;
#3514 = VECTOR ( 'NONE', #5954, 1000.000000000000000 ) ;
#3515 = EDGE_LOOP ( 'NONE', ( #3599, #2057, #619, #708, #3047 ) ) ;
#3516 = SHAPE_DEFINITION_REPRESENTATION ( #2990, #31 ) ;
#3517 = LINE ( 'NONE', #5631, #7115 ) ;
#3518 = LINE ( 'NONE', #8172, #7282 ) ;
#3519 = AXIS2_PLACEMENT_3D ( 'NONE', #4018, #8722, #1224 ) ;
#3520 = DIRECTION ( 'NONE',  ( 0.000000000000000000, 0.000000000000000000, -1.000000000000000000 ) ) ;
#3521 = CARTESIAN_POINT ( 'NONE',  ( 34.64999999999999147, -67.68395326693787695, 28.02673583213482900 ) ) ;
#3522 = DIRECTION ( 'NONE',  ( -6.938893903907222067E-15, 0.000000000000000000, 1.000000000000000000 ) ) ;
#3523 = DIRECTION ( 'NONE',  ( -0.000000000000000000, -0.1470117858375538933, 0.9891347404802104393 ) ) ;
#3524 = CARTESIAN_POINT ( 'NONE',  ( 34.64999999999999147, -69.44447162738498491, 24.71568235891385967 ) ) ;
#3525 = DIRECTION ( 'NONE',  ( 1.000000000000000000, 0.000000000000000000, 0.000000000000000000 ) ) ;
#3526 = DIRECTION ( 'NONE',  ( 1.000000000000000000, -0.000000000000000000, 0.000000000000000000 ) ) ;
#3527 = CIRCLE ( 'NONE', #1934, 0.9999999999999971134 ) ;
#3528 = EDGE_CURVE ( 'NONE', #6653, #8711, #883, .T. ) ;
#3529 = ORIENTED_EDGE ( 'NONE', *, *, #6158, .T. ) ;
#3530 = EDGE_CURVE ( 'NONE', #8325, #6058, #8519, .T. ) ;
#3531 = ORIENTED_EDGE ( 'NONE', *, *, #6178, .F. ) ;
#3532 = AXIS2_PLACEMENT_3D ( 'NONE', #3591, #79, #3543 ) ;
#3533 = PLANE ( 'NONE',  #7849 ) ;
#3534 =( NAMED_UNIT ( * ) SI_UNIT ( $, .STERADIAN. ) SOLID_ANGLE_UNIT ( ) );
#3535 = COLOUR_RGB ( '',0.1019607843137254888, 0.1019607843137254888, 0.1019607843137254888 ) ;
#3536 = CARTESIAN_POINT ( 'NONE',  ( 54.05000000000000426, -56.00000000000003553, 23.59999999999998721 ) ) ;
#3537 = VECTOR ( 'NONE', #7458, 1000.000000000000000 ) ;
#3538 =( GEOMETRIC_REPRESENTATION_CONTEXT ( 3 ) GLOBAL_UNCERTAINTY_ASSIGNED_CONTEXT ( ( #596 ) ) GLOBAL_UNIT_ASSIGNED_CONTEXT ( ( #5091, #7818, #7239 ) ) REPRESENTATION_CONTEXT ( 'NONE', 'WORKASPACE' ) );
#3539 = EDGE_LOOP ( 'NONE', ( #1322, #4939, #2726, #2902 ) ) ;
#3540 = ADVANCED_FACE ( 'NONE', ( #6371 ), #7799, .T. ) ;
#3541 = CARTESIAN_POINT ( 'NONE',  ( -32.49999999999997868, 50.32835413437400973, -25.73944476163834949 ) ) ;
#3542 = DIRECTION ( 'NONE',  ( 0.000000000000000000, -0.9891347404802104393, -0.1470117858375541431 ) ) ;
#3543 = DIRECTION ( 'NONE',  ( 0.000000000000000000, 1.000000000000000000, 1.065825864477275432E-16 ) ) ;
#3544 = ORIENTED_EDGE ( 'NONE', *, *, #5999, .F. ) ;
#3545 = CIRCLE ( 'NONE', #7698, 4.149999999999994138 ) ;
#3546 = CARTESIAN_POINT ( 'NONE',  ( 50.49999999999998579, 65.99999999999998579, 4.500000000000000000 ) ) ;
#3547 = CARTESIAN_POINT ( 'NONE',  ( 43.50000000000000000, 52.04522303281746787, 27.74466640128494888 ) ) ;
#3548 = CARTESIAN_POINT ( 'NONE',  ( -33.64999999999999858, 43.39850362162523112, -24.75092472089291107 ) ) ;
#3549 = ORIENTED_EDGE ( 'NONE', *, *, #3148, .T. ) ;
#3550 = AXIS2_PLACEMENT_3D ( 'NONE', #7382, #7340, #3256 ) ;
#3551 = AXIS2_PLACEMENT_3D ( 'NONE', #164, #2898, #4163 ) ;
#3552 = VERTEX_POINT ( 'NONE', #7303 ) ;
#3553 = ORIENTED_EDGE ( 'NONE', *, *, #2118, .F. ) ;
#3554 = EDGE_CURVE ( 'NONE', #1841, #6733, #6044, .T. ) ;
#3555 = VECTOR ( 'NONE', #4971, 1000.000000000000114 ) ;
#3556 = SURFACE_SIDE_STYLE ('',( #2912 ) ) ;
#3557 = CARTESIAN_POINT ( 'NONE',  ( 16.19999999999999574, -57.50000000000004263, 6.938893903907228378E-15 ) ) ;
#3558 = ORIENTED_EDGE ( 'NONE', *, *, #561, .F. ) ;
#3559 = LINE ( 'NONE', #8304, #949 ) ;
#3560 = DIRECTION ( 'NONE',  ( 0.000000000000000000, 0.000000000000000000, 1.000000000000000000 ) ) ;
#3561 = STYLED_ITEM ( 'NONE', ( #6877 ), #8449 ) ;
#3562 = FACE_BOUND ( 'NONE', #7102, .T. ) ;
#3563 = VERTEX_POINT ( 'NONE', #477 ) ;
#3564 = DIRECTION ( 'NONE',  ( 0.000000000000000000, 1.000000000000000000, 0.000000000000000000 ) ) ;
#3565 = AXIS2_PLACEMENT_3D ( 'NONE', #6056, #1965, #1919 ) ;
#3566 = EDGE_CURVE ( 'NONE', #3117, #2300, #2624, .T. ) ;
#3567 = LINE ( 'NONE', #1585, #4253 ) ;
#3568 = CARTESIAN_POINT ( 'NONE',  ( 26.44999999999998863, -57.75000000000000000, 8.898708361799847921 ) ) ;
#3569 = CARTESIAN_POINT ( 'NONE',  ( -50.49999999999998579, -67.87468279989045072, 19.99999999999997868 ) ) ;
#3570 = LINE ( 'NONE', #6305, #6725 ) ;
#3571 = CYLINDRICAL_SURFACE ( 'NONE', #2663, 2.499999999999995115 ) ;
#3572 = DIRECTION ( 'NONE',  ( 0.000000000000000000, -0.8829475928589253231, 0.4694715627858938589 ) ) ;
#3573 = PRODUCT_DEFINITION_FORMATION_WITH_SPECIFIED_SOURCE ( 'ANY', '', #7723, .NOT_KNOWN. ) ;
#3574 =( LENGTH_UNIT ( ) NAMED_UNIT ( * ) SI_UNIT ( .MILLI., .METRE. ) );
#3575 = CARTESIAN_POINT ( 'NONE',  ( -29.50000000000000000, -41.32965872793111828, -9.540979117872439019E-15 ) ) ;
#3576 = LINE ( 'NONE', #7785, #7495 ) ;
#3577 = SURFACE_SIDE_STYLE ('',( #5733 ) ) ;
#3578 = MECHANICAL_DESIGN_GEOMETRIC_PRESENTATION_REPRESENTATION (  '', ( #8863 ), #125 ) ;
#3579 = VERTEX_POINT ( 'NONE', #6005 ) ;
#3580 =( NAMED_UNIT ( * ) PLANE_ANGLE_UNIT ( ) SI_UNIT ( $, .RADIAN. ) );
#3581 =( NAMED_UNIT ( * ) SI_UNIT ( $, .STERADIAN. ) SOLID_ANGLE_UNIT ( ) );
#3582 = CARTESIAN_POINT ( 'NONE',  ( 50.49999999999999289, 58.99999999999995737, 0.000000000000000000 ) ) ;
#3583 = FACE_OUTER_BOUND ( 'NONE', #436, .T. ) ;
#3584 = ORIENTED_EDGE ( 'NONE', *, *, #6941, .T. ) ;
#3585 = AXIS2_PLACEMENT_3D ( 'NONE', #4180, #762, #1481 ) ;
#3586 = DIRECTION ( 'NONE',  ( 0.000000000000000000, -0.9891347404802104393, -0.1470117858375537823 ) ) ;
#3587 = EDGE_CURVE ( 'NONE', #2301, #3133, #5707, .T. ) ;
#3588 = ORIENTED_EDGE ( 'NONE', *, *, #8523, .F. ) ;
#3589 = DIRECTION ( 'NONE',  ( 1.000000000000000000, 0.000000000000000000, -0.000000000000000000 ) ) ;
#3590 = CARTESIAN_POINT ( 'NONE',  ( 43.50000000000000711, -50.00000000000001421, -11.42793998467654148 ) ) ;
#3591 = CARTESIAN_POINT ( 'NONE',  ( 55.29999999999999716, 58.99999999999995737, 1.500000000000000000 ) ) ;
#3592 = AXIS2_PLACEMENT_3D ( 'NONE', #8395, #7860, #4413 ) ;
#3593 = EDGE_LOOP ( 'NONE', ( #7361, #2673, #8872 ) ) ;
#3594 = DIRECTION ( 'NONE',  ( 0.000000000000000000, 0.000000000000000000, -1.000000000000000000 ) ) ;
#3595 = DIRECTION ( 'NONE',  ( -1.000000000000000000, 0.000000000000000000, 0.000000000000000000 ) ) ;
#3596 = ORIENTED_EDGE ( 'NONE', *, *, #6159, .F. ) ;
#3597 = EDGE_CURVE ( 'NONE', #8297, #1745, #1234, .T. ) ;
#3598 = VECTOR ( 'NONE', #36, 1000.000000000000114 ) ;
#3599 = ORIENTED_EDGE ( 'NONE', *, *, #8434, .F. ) ;
#3600 = ORIENTED_EDGE ( 'NONE', *, *, #5150, .T. ) ;
#3601 = FACE_OUTER_BOUND ( 'NONE', #5874, .T. ) ;
#3602 = PLANE ( 'NONE',  #5327 ) ;
#3603 = CARTESIAN_POINT ( 'NONE',  ( -36.15000000000000568, -48.57824856600114316, 12.78933660492676871 ) ) ;
#3604 = ORIENTED_EDGE ( 'NONE', *, *, #6217, .T. ) ;
#3605 = LINE ( 'NONE', #4859, #3385 ) ;
#3606 = CIRCLE ( 'NONE', #4171, 2.500000000000002220 ) ;
#3607 = DIRECTION ( 'NONE',  ( 0.000000000000000000, -0.8829475928589253231, 0.4694715627858938589 ) ) ;
#3608 = ORIENTED_EDGE ( 'NONE', *, *, #7160, .T. ) ;
#3609 = DIRECTION ( 'NONE',  ( -0.000000000000000000, -0.1412171486779217056, -0.9899786446783980232 ) ) ;
#3610 = ADVANCED_FACE ( 'NONE', ( #6591, #6634 ), #2495, .T. ) ;
#3611 = ORIENTED_EDGE ( 'NONE', *, *, #6721, .T. ) ;
#3612 = VECTOR ( 'NONE', #2329, 1000.000000000000000 ) ;
#3613 = CARTESIAN_POINT ( 'NONE',  ( 25.44999999999998508, -60.25000000000001421, 13.19999999999999929 ) ) ;
#3614 = CARTESIAN_POINT ( 'NONE',  ( -24.44999999999998508, -62.75000000000005684, -30.80000000000000426 ) ) ;
#3615 = CARTESIAN_POINT ( 'NONE',  ( -35.49999999999997868, 52.04522303281746787, 27.74466640128494532 ) ) ;
#3616 = DIRECTION ( 'NONE',  ( 1.000000000000000000, 0.000000000000000000, 0.000000000000000000 ) ) ;
#3617 = CARTESIAN_POINT ( 'NONE',  ( 31.00000000000000000, -43.99976026781097005, 13.46982199645845846 ) ) ;
#3618 = DIRECTION ( 'NONE',  ( 0.000000000000000000, 0.000000000000000000, 1.000000000000000000 ) ) ;
#3619 = CARTESIAN_POINT ( 'NONE',  ( -50.50000000000002132, 69.99999999999998579, 4.500000000000000000 ) ) ;
#3620 = EDGE_CURVE ( 'NONE', #4888, #1070, #1096, .T. ) ;
#3621 = EDGE_CURVE ( 'NONE', #7481, #6967, #4723, .T. ) ;
#3622 = DIRECTION ( 'NONE',  ( 0.000000000000000000, 0.9899786446783979121, -0.1412171486779219554 ) ) ;
#3623 = DIRECTION ( 'NONE',  ( 0.000000000000000000, -0.9891347404802103283, -0.1470117858375538655 ) ) ;
#3624 = VECTOR ( 'NONE', #4958, 1000.000000000000000 ) ;
#3625 = VECTOR ( 'NONE', #4736, 1000.000000000000227 ) ;
#3626 = ORIENTED_EDGE ( 'NONE', *, *, #4523, .F. ) ;
#3627 = EDGE_LOOP ( 'NONE', ( #7464, #1662, #7351, #8438 ) ) ;
#3628 = FACE_OUTER_BOUND ( 'NONE', #7126, .T. ) ;
#3629 = CARTESIAN_POINT ( 'NONE',  ( 55.29999999999999716, 55.99999999999995026, 20.60000000000000497 ) ) ;
#3630 = DIRECTION ( 'NONE',  ( -1.000000000000000000, 0.000000000000000000, 0.000000000000000000 ) ) ;
#3631 = VERTEX_POINT ( 'NONE', #1145 ) ;
#3632 = EDGE_CURVE ( 'NONE', #647, #7447, #7560, .T. ) ;
#3633 = VECTOR ( 'NONE', #4929, 1000.000000000000000 ) ;
#3634 = EDGE_CURVE ( 'NONE', #6436, #3658, #2399, .T. ) ;
#3635 = FILL_AREA_STYLE_COLOUR ( '', #6650 ) ;
#3636 = ORIENTED_EDGE ( 'NONE', *, *, #8598, .T. ) ;
#3637 = DIRECTION ( 'NONE',  ( 0.000000000000000000, 0.1470117858375537823, -0.9891347404802103283 ) ) ;
#3638 = CIRCLE ( 'NONE', #6776, 8.000000000000000000 ) ;
#3639 = VERTEX_POINT ( 'NONE', #4834 ) ;
#3640 = CARTESIAN_POINT ( 'NONE',  ( 43.50000000000000000, -57.75000000000001421, 8.898708361799847921 ) ) ;
#3641 = CARTESIAN_POINT ( 'NONE',  ( -50.50000000000000711, -64.99999999999997158, -1.000000000000000000 ) ) ;
#3642 = CARTESIAN_POINT ( 'NONE',  ( 17.99999999999999645, -63.50000000000004263, 5.325880593117729648E-47 ) ) ;
#3643 = ORIENTED_EDGE ( 'NONE', *, *, #1448, .T. ) ;
#3644 =( BOUNDED_CURVE ( )  B_SPLINE_CURVE ( 3, ( #4239, #6308, #2790, #2885 ),
 .UNSPECIFIED., .F., .T. ) 
 B_SPLINE_CURVE_WITH_KNOTS ( ( 4, 4 ),
 ( 0.000000000000000000, 1.570796326794896558 ),
 .UNSPECIFIED. ) 
 CURVE ( )  GEOMETRIC_REPRESENTATION_ITEM ( )  RATIONAL_B_SPLINE_CURVE ( ( 1.000000000000000000, 0.8047378541243649375, 0.8047378541243649375, 1.000000000000000000 ) ) 
 REPRESENTATION_ITEM ( '' )  );
#3645 = AXIS2_PLACEMENT_3D ( 'NONE', #2627, #6137, #6726 ) ;
#3646 = CONICAL_SURFACE ( 'NONE', #8643, 1.649999999999982148, 1.029744258676648538 ) ;
#3647 = EDGE_LOOP ( 'NONE', ( #8666, #2685, #2947, #6555 ) ) ;
#3648 = ORIENTED_EDGE ( 'NONE', *, *, #2842, .F. ) ;
#3649 =( NAMED_UNIT ( * ) SI_UNIT ( $, .STERADIAN. ) SOLID_ANGLE_UNIT ( ) );
#3650 = PLANE ( 'NONE',  #2513 ) ;
#3651 = EDGE_LOOP ( 'NONE', ( #3955, #692, #5873, #5400 ) ) ;
#3652 = EDGE_CURVE ( 'NONE', #4431, #8340, #8328, .T. ) ;
#3653 = CARTESIAN_POINT ( 'NONE',  ( -36.15000000000000568, -37.55971018293979569, -30.05633776134975577 ) ) ;
#3654 = EDGE_CURVE ( 'NONE', #6224, #3936, #4992, .T. ) ;
#3655 = CARTESIAN_POINT ( 'NONE',  ( -46.50000000000002132, 69.99999999999998579, 0.8508893593264692523 ) ) ;
#3656 = EDGE_LOOP ( 'NONE', ( #987, #7355, #3600, #6016 ) ) ;
#3657 = CARTESIAN_POINT ( 'NONE',  ( -46.50000000000002132, -66.00000000000002842, 4.500000000000000000 ) ) ;
#3658 = VERTEX_POINT ( 'NONE', #1408 ) ;
#3659 = AXIS2_PLACEMENT_3D ( 'NONE', #2569, #5320, #6859 ) ;
#3660 = ORIENTED_EDGE ( 'NONE', *, *, #8005, .F. ) ;
#3661 = EDGE_CURVE ( 'NONE', #7403, #3117, #8563, .T. ) ;
#3662 = DIRECTION ( 'NONE',  ( 0.000000000000000000, 0.000000000000000000, 1.000000000000000000 ) ) ;
#3663 = DIRECTION ( 'NONE',  ( -1.000000000000000000, -0.000000000000000000, -0.000000000000000000 ) ) ;
#3664 = CARTESIAN_POINT ( 'NONE',  ( -50.49999999999999289, 65.99999999999995737, 19.99999999999997513 ) ) ;
#3665 = CARTESIAN_POINT ( 'NONE',  ( 36.14999999999999147, -39.83472008604428538, -30.39446486877612941 ) ) ;
#3666 = CARTESIAN_POINT ( 'NONE',  ( -39.00000000000002132, 62.99999999999997158, -1.000000000000000000 ) ) ;
#3667 = DIRECTION ( 'NONE',  ( -3.134672739800619314E-17, 0.3162277660168373306, -0.9486832980505141011 ) ) ;
#3668 = SURFACE_STYLE_USAGE ( .BOTH. , #3577 ) ;
#3669 = COLOUR_RGB ( '',0.2980392156862745057, 0.2980392156862745057, 0.2980392156862745057 ) ;
#3670 = ORIENTED_EDGE ( 'NONE', *, *, #5765, .F. ) ;
#3671 = EDGE_CURVE ( 'NONE', #3098, #5474, #670, .T. ) ;
#3672 = FACE_OUTER_BOUND ( 'NONE', #7173, .T. ) ;
#3673 = ORIENTED_EDGE ( 'NONE', *, *, #4813, .T. ) ;
#3674 =( NAMED_UNIT ( * ) PLANE_ANGLE_UNIT ( ) SI_UNIT ( $, .RADIAN. ) );
#3675 =( NAMED_UNIT ( * ) PLANE_ANGLE_UNIT ( ) SI_UNIT ( $, .RADIAN. ) );
#3676 = CARTESIAN_POINT ( 'NONE',  ( 39.19999999999998153, -72.22137458899031515, 14.85705789601394322 ) ) ;
#3677 = VERTEX_POINT ( 'NONE', #1358 ) ;
#3678 = AXIS2_PLACEMENT_3D ( 'NONE', #44, #2771, #5577 ) ;
#3679 = PLANE ( 'NONE',  #6209 ) ;
#3680 = ORIENTED_EDGE ( 'NONE', *, *, #7741, .F. ) ;
#3681 = EDGE_CURVE ( 'NONE', #7907, #7116, #5511, .T. ) ;
#3682 = AXIS2_PLACEMENT_3D ( 'NONE', #166, #4121, #8289 ) ;
#3683 = DIRECTION ( 'NONE',  ( -5.437567252211899738E-16, 1.000000000000000000, 0.000000000000000000 ) ) ;
#3684 = DIRECTION ( 'NONE',  ( 0.000000000000000000, 0.9899786446783980232, -0.1412171486779214280 ) ) ;
#3685 = ORIENTED_EDGE ( 'NONE', *, *, #1103, .F. ) ;
#3686 = FACE_OUTER_BOUND ( 'NONE', #397, .T. ) ;
#3687 = CONICAL_SURFACE ( 'NONE', #4818, 2.024999999999999023, 0.7853981633974442822 ) ;
#3688 = DIRECTION ( 'NONE',  ( -0.000000000000000000, -0.1412171486779216778, -0.9899786446783979121 ) ) ;
#3689 = VERTEX_POINT ( 'NONE', #7656 ) ;
#3690 = CIRCLE ( 'NONE', #8818, 2.999999999999999112 ) ;
#3691 = AXIS2_PLACEMENT_3D ( 'NONE', #8124, #3278, #3962 ) ;
#3692 = EDGE_LOOP ( 'NONE', ( #3553, #1784, #1034, #7397 ) ) ;
#3693 = AXIS2_PLACEMENT_3D ( 'NONE', #365, #3104, #2436 ) ;
#3694 = ORIENTED_EDGE ( 'NONE', *, *, #99, .T. ) ;
#3695 = FILL_AREA_STYLE_COLOUR ( '', #2395 ) ;
#3696 = COLOUR_RGB ( '',0.2980392156862745057, 0.2980392156862745057, 0.2980392156862745057 ) ;
#3697 = CARTESIAN_POINT ( 'NONE',  ( 43.49999999999998579, 72.99999999999997158, 31.99999999999998579 ) ) ;
#3698 = VERTEX_POINT ( 'NONE', #3390 ) ;
#3699 = VECTOR ( 'NONE', #5121, 999.9999999999998863 ) ;
#3700 = SURFACE_STYLE_FILL_AREA ( #4519 ) ;
#3701 = EDGE_CURVE ( 'NONE', #66, #124, #70, .T. ) ;
#3702 = ADVANCED_FACE ( 'NONE', ( #4155 ), #6939, .F. ) ;
#3703 = VECTOR ( 'NONE', #8860, 1000.000000000000227 ) ;
#3704 = EDGE_LOOP ( 'NONE', ( #5662, #7994, #8575, #7344, #261, #5617 ) ) ;
#3705 = LINE ( 'NONE', #8356, #8406 ) ;
#3706 = VECTOR ( 'NONE', #1220, 1000.000000000000000 ) ;
#3707 = CARTESIAN_POINT ( 'NONE',  ( 26.44999999999998863, -57.75000000000000000, -30.80000000000000426 ) ) ;
#3708 = CARTESIAN_POINT ( 'NONE',  ( 42.70000000000000284, 57.00000000000002842, 0.000000000000000000 ) ) ;
#3709 = DIRECTION ( 'NONE',  ( -0.000000000000000000, -0.9986295347545737222, 0.05233595624294713061 ) ) ;
#3710 = AXIS2_PLACEMENT_3D ( 'NONE', #2038, #8688, #8773 ) ;
#3711 = DIRECTION ( 'NONE',  ( 0.000000000000000000, -1.548860246407863829E-16, 1.000000000000000000 ) ) ;
#3712 = EDGE_CURVE ( 'NONE', #1469, #2214, #103, .T. ) ;
#3713 = CARTESIAN_POINT ( 'NONE',  ( -31.13375866546478932, -53.61515718961152288, 31.79999999999997939 ) ) ;
#3714 = VERTEX_POINT ( 'NONE', #2799 ) ;
#3715 = CIRCLE ( 'NONE', #6292, 3.000000000000002665 ) ;
#3716 = VERTEX_POINT ( 'NONE', #738 ) ;
#3717 = STYLED_ITEM ( 'NONE', ( #1306 ), #8776 ) ;
#3718 = DIRECTION ( 'NONE',  ( 9.912705577010325549E-17, -1.000000000000000000, 0.000000000000000000 ) ) ;
#3719 = CARTESIAN_POINT ( 'NONE',  ( -43.49999999999999289, -63.92893218813457423, 10.50781587700094200 ) ) ;
#3720 = EDGE_LOOP ( 'NONE', ( #8607, #8343, #3058 ) ) ;
#3721 = PRESENTATION_STYLE_ASSIGNMENT (( #5022 ) ) ;
#3722 = VERTEX_POINT ( 'NONE', #3582 ) ;
#3723 = B_SPLINE_SURFACE_WITH_KNOTS ( 'NONE', 3, 1, ( 
 ( #4869, #817 ),
 ( #769, #3569 ),
 ( #57, #5005 ),
 ( #144, #7742 ) ),
 .UNSPECIFIED., .F., .F., .F.,
 ( 4, 4 ),
 ( 2, 2 ),
 ( 0.000000000000000000, 1.000000000000000000 ),
 ( 0.000000000000000000, 1.000000000000000000 ),
 .UNSPECIFIED. ) ;
#3724 = LINE ( 'NONE', #8331, #336 ) ;
#3725 = EDGE_CURVE ( 'NONE', #6471, #7633, #828, .T. ) ;
#3726 = VECTOR ( 'NONE', #3718, 1000.000000000000000 ) ;
#3727 = ORIENTED_EDGE ( 'NONE', *, *, #8327, .F. ) ;
#3728 = CARTESIAN_POINT ( 'NONE',  ( 39.19999999999998153, -48.61515718961152288, 31.79999999999997939 ) ) ;
#3729 = ORIENTED_EDGE ( 'NONE', *, *, #7366, .F. ) ;
#3730 = PLANE ( 'NONE',  #7401 ) ;
#3731 = AXIS2_PLACEMENT_3D ( 'NONE', #2447, #1808, #419 ) ;
#3732 = DIRECTION ( 'NONE',  ( 0.000000000000000000, -0.4694715627858938589, -0.8829475928589253231 ) ) ;
#3733 = DIRECTION ( 'NONE',  ( -1.000000000000000000, -1.802310104910968887E-16, 0.000000000000000000 ) ) ;
#3734 = ORIENTED_EDGE ( 'NONE', *, *, #2182, .F. ) ;
#3735 = ADVANCED_FACE ( 'NONE', ( #5646 ), #3533, .T. ) ;
#3736 = ORIENTED_EDGE ( 'NONE', *, *, #7830, .F. ) ;
#3737 = CONICAL_SURFACE ( 'NONE', #416, 2.024999999999999023, 0.7853981633974489451 ) ;
#3738 = ORIENTED_EDGE ( 'NONE', *, *, #1217, .T. ) ;
#3739 = LINE ( 'NONE', #3181, #7191 ) ;
#3740 = DIRECTION ( 'NONE',  ( -0.000000000000000000, -0.000000000000000000, 1.000000000000000000 ) ) ;
#3741 = ORIENTED_EDGE ( 'NONE', *, *, #5592, .F. ) ;
#3742 = EDGE_LOOP ( 'NONE', ( #5819, #3006, #7797, #289 ) ) ;
#3743 = ORIENTED_EDGE ( 'NONE', *, *, #4153, .F. ) ;
#3744 = CARTESIAN_POINT ( 'NONE',  ( 47.06887446784459428, -71.60441668073168842, 19.99999999999989342 ) ) ;
#3745 = AXIS2_PLACEMENT_3D ( 'NONE', #5616, #3356, #5525 ) ;
#3746 = PRESENTATION_STYLE_ASSIGNMENT (( #5272 ) ) ;
#3747 = DIRECTION ( 'NONE',  ( -0.000000000000000000, -0.1470117858375538933, 0.9891347404802104393 ) ) ;
#3748 = ADVANCED_FACE ( 'NONE', ( #5601 ), #6315, .F. ) ;
#3749 = CARTESIAN_POINT ( 'NONE',  ( -38.69999999999998863, -63.77133123440135876, 31.89999999999998437 ) ) ;
#3750 = ADVANCED_FACE ( 'NONE', ( #1598 ), #5814, .F. ) ;
#3751 = DIRECTION ( 'NONE',  ( -0.000000000000000000, -0.1412171486779217056, -0.9899786446783980232 ) ) ;
#3752 = CARTESIAN_POINT ( 'NONE',  ( 50.49999999999999289, -66.00000000000001421, 4.500000000000000000 ) ) ;
#3753 = CARTESIAN_POINT ( 'NONE',  ( 42.70000000000000284, 59.19999999999998863, 44.00000000000000711 ) ) ;
#3754 =( LENGTH_UNIT ( ) NAMED_UNIT ( * ) SI_UNIT ( .MILLI., .METRE. ) );
#3755 = AXIS2_PLACEMENT_3D ( 'NONE', #486, #1245, #3218 ) ;
#3756 = ORIENTED_EDGE ( 'NONE', *, *, #6828, .F. ) ;
#3757 = EDGE_CURVE ( 'NONE', #2857, #153, #6273, .T. ) ;
#3758 = ADVANCED_FACE ( 'NONE', ( #5774 ), #202, .F. ) ;
#3759 = SURFACE_STYLE_FILL_AREA ( #7705 ) ;
#3760 = EDGE_LOOP ( 'NONE', ( #2082, #2454 ) ) ;
#3761 = CARTESIAN_POINT ( 'NONE',  ( 29.49999999999999289, -65.57133123440134170, 31.99999999999998579 ) ) ;
#3762 = CARTESIAN_POINT ( 'NONE',  ( -36.15000000000000568, 46.91087036997117821, -17.50175809731980436 ) ) ;
#3763 = PLANE ( 'NONE',  #904 ) ;
#3764 = ORIENTED_EDGE ( 'NONE', *, *, #548, .F. ) ;
#3765 = CARTESIAN_POINT ( 'NONE',  ( 48.95681336053954880, -70.52931844146671381, 19.99999999999997868 ) ) ;
#3766 = ORIENTED_EDGE ( 'NONE', *, *, #7616, .F. ) ;
#3767 = LINE ( 'NONE', #1654, #2279 ) ;
#3768 = EDGE_CURVE ( 'NONE', #2051, #6893, #5061, .T. ) ;
#3769 = PRESENTATION_LAYER_ASSIGNMENT (  '', '', ( #4764 ) ) ;
#3770 = LINE ( 'NONE', #435, #2636 ) ;
#3771 = CARTESIAN_POINT ( 'NONE',  ( 43.50000000000000000, -66.00000000000002842, 10.20000000000000107 ) ) ;
#3772 = ORIENTED_EDGE ( 'NONE', *, *, #4777, .T. ) ;
#3773 = ORIENTED_EDGE ( 'NONE', *, *, #3196, .F. ) ;
#3774 = CIRCLE ( 'NONE', #1750, 2.500000000000015987 ) ;
#3775 = ORIENTED_EDGE ( 'NONE', *, *, #962, .T. ) ;
#3776 = CARTESIAN_POINT ( 'NONE',  ( 34.46446609406719830, 53.64135841307274433, 0.000000000000000000 ) ) ;
#3777 = LINE ( 'NONE', #5082, #7766 ) ;
#3778 = DIRECTION ( 'NONE',  ( -1.000000000000000000, 0.000000000000000000, -0.000000000000000000 ) ) ;
#3779 = ORIENTED_EDGE ( 'NONE', *, *, #2071, .F. ) ;
#3780 = EDGE_CURVE ( 'NONE', #2134, #318, #5712, .T. ) ;
#3781 = CARTESIAN_POINT ( 'NONE',  ( 33.54999999999998295, -72.38884964896776353, 11.66144338479893960 ) ) ;
#3782 = CARTESIAN_POINT ( 'NONE',  ( -43.49999999999999289, 68.47605736279788857, 31.99999999999998579 ) ) ;
#3783 = CARTESIAN_POINT ( 'NONE',  ( 38.65000000000000568, 44.96480233183591224, -13.77065576055296958 ) ) ;
#3784 = VERTEX_POINT ( 'NONE', #335 ) ;
#3785 =( GEOMETRIC_REPRESENTATION_CONTEXT ( 3 ) GLOBAL_UNCERTAINTY_ASSIGNED_CONTEXT ( ( #8513 ) ) GLOBAL_UNIT_ASSIGNED_CONTEXT ( ( #1783, #3176, #5248 ) ) REPRESENTATION_CONTEXT ( 'NONE', 'WORKASPACE' ) );
#3786 = AXIS2_PLACEMENT_3D ( 'NONE', #1596, #3798, #2403 ) ;
#3787 = ORIENTED_EDGE ( 'NONE', *, *, #5593, .T. ) ;
#3788 = ORIENTED_EDGE ( 'NONE', *, *, #5572, .T. ) ;
#3789 = VECTOR ( 'NONE', #7035, 999.9999999999998863 ) ;
#3790 = DIRECTION ( 'NONE',  ( -0.000000000000000000, -0.000000000000000000, -1.000000000000000000 ) ) ;
#3791 = EDGE_CURVE ( 'NONE', #7298, #4513, #8629, .T. ) ;
#3792 = CARTESIAN_POINT ( 'NONE',  ( 38.50000000000000000, -66.00000000000002842, 10.20000000000000107 ) ) ;
#3793 = CARTESIAN_POINT ( 'NONE',  ( 34.00000000000000711, 35.59746190924776243, 22.77262919084600057 ) ) ;
#3794 = EDGE_CURVE ( 'NONE', #128, #3714, #2679, .T. ) ;
#3795 = DIRECTION ( 'NONE',  ( 0.000000000000000000, -0.9891347404802104393, -0.1470117858375539210 ) ) ;
#3796 = DIRECTION ( 'NONE',  ( 0.000000000000000000, -0.9891347404802104393, -0.1470117858375541431 ) ) ;
#3797 = VECTOR ( 'NONE', #3450, 1000.000000000000000 ) ;
#3798 = DIRECTION ( 'NONE',  ( -0.000000000000000000, -0.1412171486779217056, -0.9899786446783980232 ) ) ;
#3799 = DIRECTION ( 'NONE',  ( -0.000000000000000000, -0.000000000000000000, -1.000000000000000000 ) ) ;
#3800 = CARTESIAN_POINT ( 'NONE',  ( 34.64999999999999147, -67.59565850765199002, 27.97978867585624485 ) ) ;
#3801 = DIRECTION ( 'NONE',  ( -1.000000000000000000, 0.000000000000000000, 0.000000000000000000 ) ) ;
#3802 = CARTESIAN_POINT ( 'NONE',  ( 31.69999999999999929, -60.25000000000001421, 13.19999999999999929 ) ) ;
#3803 = DIRECTION ( 'NONE',  ( 0.000000000000000000, -0.9891347404802104393, -0.1470117858375537823 ) ) ;
#3804 = VECTOR ( 'NONE', #8861, 1000.000000000000000 ) ;
#3805 = EDGE_CURVE ( 'NONE', #2203, #498, #6407, .T. ) ;
#3806 = EDGE_CURVE ( 'NONE', #6061, #7654, #8506, .T. ) ;
#3807 = ORIENTED_EDGE ( 'NONE', *, *, #1103, .T. ) ;
#3808 = LINE ( 'NONE', #2412, #3612 ) ;
#3809 = FACE_OUTER_BOUND ( 'NONE', #2801, .T. ) ;
#3810 = EDGE_LOOP ( 'NONE', ( #2157, #4416, #7619, #3680 ) ) ;
#3811 = DIRECTION ( 'NONE',  ( 0.000000000000000000, 0.9899786446783979121, -0.1412171486779216223 ) ) ;
#3812 = VECTOR ( 'NONE', #2742, 1000.000000000000000 ) ;
#3813 = PLANE ( 'NONE',  #7988 ) ;
#3814 = DIRECTION ( 'NONE',  ( -1.000000000000000000, 0.000000000000000000, 0.000000000000000000 ) ) ;
#3815 = ORIENTED_EDGE ( 'NONE', *, *, #4184, .F. ) ;
#3816 = ORIENTED_EDGE ( 'NONE', *, *, #7386, .F. ) ;
#3817 = EDGE_CURVE ( 'NONE', #3689, #6733, #2362, .T. ) ;
#3818 = VECTOR ( 'NONE', #6093, 1000.000000000000114 ) ;
#3819 = ORIENTED_EDGE ( 'NONE', *, *, #1674, .F. ) ;
#3820 = DIRECTION ( 'NONE',  ( -0.000000000000000000, -0.9986295347545737222, 0.05233595624294713061 ) ) ;
#3821 = CARTESIAN_POINT ( 'NONE',  ( 43.50000000000000000, 44.13214510897574172, 26.56857211458451573 ) ) ;
#3822 =( NAMED_UNIT ( * ) SI_UNIT ( $, .STERADIAN. ) SOLID_ANGLE_UNIT ( ) );
#3823 = ORIENTED_EDGE ( 'NONE', *, *, #8120, .F. ) ;
#3824 = CARTESIAN_POINT ( 'NONE',  ( 35.04999999999998295, -72.28898669549229794, 11.65620978917501382 ) ) ;
#3825 = EDGE_LOOP ( 'NONE', ( #2906, #378, #6814, #7353, #6560, #8428, #3764, #8097, #3134, #1117, #6220, #855 ) ) ;
#3826 = VECTOR ( 'NONE', #1416, 1000.000000000000000 ) ;
#3827 = CONICAL_SURFACE ( 'NONE', #2522, 1.649999999999982148, 1.029744258676648538 ) ;
#3828 = VERTEX_POINT ( 'NONE', #7880 ) ;
#3829 = ADVANCED_FACE ( 'NONE', ( #1727 ), #1007, .F. ) ;
#3830 = ORIENTED_EDGE ( 'NONE', *, *, #8086, .T. ) ;
#3831 = VECTOR ( 'NONE', #4453, 1000.000000000000000 ) ;
#3832 = CARTESIAN_POINT ( 'NONE',  ( 45.20000000000000284, 59.19999999999998863, 0.000000000000000000 ) ) ;
#3833 = DIRECTION ( 'NONE',  ( -0.000000000000000000, -0.1470117858375538933, 0.9891347404802104393 ) ) ;
#3834 = VECTOR ( 'NONE', #3790, 1000.000000000000000 ) ;
#3835 = DIRECTION ( 'NONE',  ( 0.000000000000000000, 2.434699615406044823E-15, 1.000000000000000000 ) ) ;
#3836 = CARTESIAN_POINT ( 'NONE',  ( 30.89999999999999858, -72.37314886209486531, 11.96103224522568098 ) ) ;
#3837 = DIRECTION ( 'NONE',  ( -0.000000000000000000, 0.000000000000000000, 1.000000000000000000 ) ) ;
#3838 = AXIS2_PLACEMENT_3D ( 'NONE', #2247, #5614, #6231 ) ;
#3839 = FACE_OUTER_BOUND ( 'NONE', #7140, .T. ) ;
#3840 = EDGE_CURVE ( 'NONE', #3639, #2600, #394, .T. ) ;
#3841 = AXIS2_PLACEMENT_3D ( 'NONE', #7475, #7437, #1244 ) ;
#3842 = DIRECTION ( 'NONE',  ( 0.000000000000000000, -0.9486832980505139901, -0.3162277660168374416 ) ) ;
#3843 =( GEOMETRIC_REPRESENTATION_CONTEXT ( 3 ) GLOBAL_UNCERTAINTY_ASSIGNED_CONTEXT ( ( #3480 ) ) GLOBAL_UNIT_ASSIGNED_CONTEXT ( ( #4296, #3675, #1222 ) ) REPRESENTATION_CONTEXT ( 'NONE', 'WORKASPACE' ) );
#3844 = DIRECTION ( 'NONE',  ( 6.938893903907222067E-15, 0.000000000000000000, -1.000000000000000000 ) ) ;
#3845 = AXIS2_PLACEMENT_3D ( 'NONE', #8048, #1854, #506 ) ;
#3846 = DIRECTION ( 'NONE',  ( -0.000000000000000000, -0.1470117858375538933, 0.9891347404802104393 ) ) ;
#3847 = CARTESIAN_POINT ( 'NONE',  ( -36.50000000000002132, 62.99999999999997158, -1.000000000000000000 ) ) ;
#3848 = DIRECTION ( 'NONE',  ( 0.000000000000000000, -1.000000000000000000, -0.000000000000000000 ) ) ;
#3849 = CIRCLE ( 'NONE', #8849, 0.9999999999999971134 ) ;
#3850 = COLOUR_RGB ( '',0.2980392156862745057, 0.2980392156862745057, 0.2980392156862745057 ) ;
#3851 = ORIENTED_EDGE ( 'NONE', *, *, #279, .F. ) ;
#3852 = DIRECTION ( 'NONE',  ( 1.000000000000000000, 0.000000000000000000, -0.000000000000000000 ) ) ;
#3853 = DIRECTION ( 'NONE',  ( -0.000000000000000000, -0.8829475928589252121, 0.4694715627858938589 ) ) ;
#3854 = ORIENTED_EDGE ( 'NONE', *, *, #1425, .T. ) ;
#3855 = FACE_BOUND ( 'NONE', #6777, .T. ) ;
#3856 = DIRECTION ( 'NONE',  ( 2.552783195649319059E-16, -0.4694715627858938589, -0.8829475928589253231 ) ) ;
#3857 = CARTESIAN_POINT ( 'NONE',  ( -33.73223304703360981, 53.75144029374809662, 4.240117423299802901 ) ) ;
#3858 = CARTESIAN_POINT ( 'NONE',  ( 24.44999999999998508, -62.75000000000002842, 13.19999999999999929 ) ) ;
#3859 = EDGE_CURVE ( 'NONE', #3714, #4888, #553, .T. ) ;
#3860 = VERTEX_POINT ( 'NONE', #6034 ) ;
#3861 = ORIENTED_EDGE ( 'NONE', *, *, #1944, .F. ) ;
#3862 = ORIENTED_EDGE ( 'NONE', *, *, #3148, .F. ) ;
#3863 = CARTESIAN_POINT ( 'NONE',  ( 31.13375866546478932, 57.07249472080884800, 31.79999999999997939 ) ) ;
#3864 = CARTESIAN_POINT ( 'NONE',  ( 45.69225013068751906, 45.19579197497461820, 4.500000000000000000 ) ) ;
#3865 = FACE_OUTER_BOUND ( 'NONE', #1831, .T. ) ;
#3866 = EDGE_LOOP ( 'NONE', ( #3026, #7266 ) ) ;
#3867 = FACE_OUTER_BOUND ( 'NONE', #4735, .T. ) ;
#3868 = CARTESIAN_POINT ( 'NONE',  ( -41.70000000000001705, -60.77133123440133744, 31.89999999999998437 ) ) ;
#3869 = ADVANCED_FACE ( 'NONE', ( #509 ), #4507, .F. ) ;
#3870 = ORIENTED_EDGE ( 'NONE', *, *, #4417, .F. ) ;
#3871 = AXIS2_PLACEMENT_3D ( 'NONE', #7500, #2880, #8360 ) ;
#3872 = ORIENTED_EDGE ( 'NONE', *, *, #4900, .F. ) ;
#3873 = ORIENTED_EDGE ( 'NONE', *, *, #1000, .T. ) ;
#3874 = CARTESIAN_POINT ( 'NONE',  ( 50.40704474475715813, -66.40412855538848191, 19.99999999999989342 ) ) ;
#3875 = UNCERTAINTY_MEASURE_WITH_UNIT (LENGTH_MEASURE( 1.000000000000000082E-05 ), #6028, 'distance_accuracy_value', 'NONE');
#3876 = ORIENTED_EDGE ( 'NONE', *, *, #3794, .F. ) ;
#3877 = DIRECTION ( 'NONE',  ( -0.000000000000000000, 0.000000000000000000, 1.000000000000000000 ) ) ;
#3878 = CARTESIAN_POINT ( 'NONE',  ( -9.480864938011854268E-15, 68.99999999999997158, 4.500000000000000000 ) ) ;
#3879 = LINE ( 'NONE', #3366, #6304 ) ;
#3880 = ADVANCED_FACE ( 'NONE', ( #7371 ), #6710, .T. ) ;
#3881 = CARTESIAN_POINT ( 'NONE',  ( 40.20000000000000284, 57.00000000000002842, 4.499999999999997335 ) ) ;
#3882 = PLANE ( 'NONE',  #8512 ) ;
#3883 = CIRCLE ( 'NONE', #2314, 1.000000000000000000 ) ;
#3884 = DIRECTION ( 'NONE',  ( 0.000000000000000000, -0.9891347404802104393, -0.1470117858375539210 ) ) ;
#3885 =( LENGTH_UNIT ( ) NAMED_UNIT ( * ) SI_UNIT ( .MILLI., .METRE. ) );
#3886 = PRESENTATION_STYLE_ASSIGNMENT (( #8176 ) ) ;
#3887 = EDGE_CURVE ( 'NONE', #6641, #3904, #803, .T. ) ;
#3888 = ORIENTED_EDGE ( 'NONE', *, *, #4353, .T. ) ;
#3889 = FACE_OUTER_BOUND ( 'NONE', #5699, .T. ) ;
#3890 = FACE_OUTER_BOUND ( 'NONE', #2939, .T. ) ;
#3891 =( NAMED_UNIT ( * ) PLANE_ANGLE_UNIT ( ) SI_UNIT ( $, .RADIAN. ) );
#3892 = VECTOR ( 'NONE', #5906, 1000.000000000000000 ) ;
#3893 = ORIENTED_EDGE ( 'NONE', *, *, #512, .T. ) ;
#3894 = CARTESIAN_POINT ( 'NONE',  ( 38.65000000000000568, -44.27328119778358229, -2.042597028628136524 ) ) ;
#3895 = EDGE_LOOP ( 'NONE', ( #6136, #5606, #3384, #850 ) ) ;
#3896 = CARTESIAN_POINT ( 'NONE',  ( 35.04999999999999005, -72.49048012702763799, 7.811486080369911988 ) ) ;
#3897 = ADVANCED_FACE ( 'NONE', ( #4596 ), #590, .F. ) ;
#3898 = CARTESIAN_POINT ( 'NONE',  ( 50.49999999999998579, 64.78362978644214820, 4.500000000000000000 ) ) ;
#3899 = DIRECTION ( 'NONE',  ( -1.000000000000000000, 0.000000000000000000, 0.000000000000000000 ) ) ;
#3900 = ORIENTED_EDGE ( 'NONE', *, *, #2702, .T. ) ;
#3901 = DIRECTION ( 'NONE',  ( -0.7071067811865461294, -0.6994238825007540461, -0.1039530306800790227 ) ) ;
#3902 = EDGE_LOOP ( 'NONE', ( #6907, #6781, #6180, #1552, #6522 ) ) ;
#3903 = PRODUCT_DEFINITION ( 'UNKNOWN', '', #7424, #4133 ) ;
#3904 = VERTEX_POINT ( 'NONE', #3331 ) ;
#3905 = DIRECTION ( 'NONE',  ( 0.000000000000000000, -0.05233595624294608284, -0.9986295347545738332 ) ) ;
#3906 = VECTOR ( 'NONE', #1177, 1000.000000000000000 ) ;
#3907 = PLANE ( 'NONE',  #6895 ) ;
#3908 = CARTESIAN_POINT ( 'NONE',  ( 34.00000000000000711, 35.22993244465388329, 25.24546604204652667 ) ) ;
#3909 = ORIENTED_EDGE ( 'NONE', *, *, #4436, .F. ) ;
#3910 = CARTESIAN_POINT ( 'NONE',  ( -32.99999999999999289, -42.64309606273689468, 11.14399693109548473 ) ) ;
#3911 = CARTESIAN_POINT ( 'NONE',  ( -17.99999999999999645, -63.50000000000002842, 8.044105107084975614 ) ) ;
#3912 = ORIENTED_EDGE ( 'NONE', *, *, #161, .T. ) ;
#3913 = CLOSED_SHELL ( 'NONE', ( #5049, #6786, #5190, #1764, #5989, #2376, #503, #8776, #7170, #242, #1740, #5888, #6129, #4216, #3357, #129, #1216, #5886, #4262, #7540, #4617, #743, #7820, #8449, #2892, #7098, #3829, #2873, #6288, #4502, #7407, #986, #2909, #3376, #3025, #3224, #6262, #1749, #5216 ) ) ;
#3914 = ORIENTED_EDGE ( 'NONE', *, *, #4512, .F. ) ;
#3915 = EDGE_CURVE ( 'NONE', #1197, #3722, #6624, .T. ) ;
#3916 = ORIENTED_EDGE ( 'NONE', *, *, #3255, .F. ) ;
#3917 = ADVANCED_FACE ( 'NONE', ( #3926 ), #4687, .T. ) ;
#3918 = LINE ( 'NONE', #5930, #5409 ) ;
#3919 = VECTOR ( 'NONE', #1001, 1000.000000000000000 ) ;
#3920 = DIRECTION ( 'NONE',  ( -0.000000000000000000, -0.1470117858375539210, 0.9891347404802105503 ) ) ;
#3921 = VECTOR ( 'NONE', #3320, 1000.000000000000000 ) ;
#3922 = ADVANCED_FACE ( 'NONE', ( #2448 ), #1766, .F. ) ;
#3923 = DIRECTION ( 'NONE',  ( 0.000000000000000000, -1.000000000000000000, -1.548860246407863829E-16 ) ) ;
#3924 = CARTESIAN_POINT ( 'NONE',  ( 22.69999999999999929, 54.17689392746199673, 13.40221266432188152 ) ) ;
#3925 = CARTESIAN_POINT ( 'NONE',  ( -16.19999999999999574, -2.081668171172168513E-14, 6.938893903907228378E-15 ) ) ;
#3926 = FACE_OUTER_BOUND ( 'NONE', #2732, .T. ) ;
#3927 = PRESENTATION_LAYER_ASSIGNMENT (  '', '', ( #7230 ) ) ;
#3928 = VERTEX_POINT ( 'NONE', #8135 ) ;
#3929 = PLANE ( 'NONE',  #5099 ) ;
#3930 = CARTESIAN_POINT ( 'NONE',  ( 51.68716317256557602, 36.28336556496629584, -23.73597403058023048 ) ) ;
#3931 = PRESENTATION_STYLE_ASSIGNMENT (( #1730 ) ) ;
#3932 = EDGE_CURVE ( 'NONE', #8322, #7255, #4772, .T. ) ;
#3933 = PRESENTATION_LAYER_ASSIGNMENT (  '', '', ( #2359 ) ) ;
#3934 = UNCERTAINTY_MEASURE_WITH_UNIT (LENGTH_MEASURE( 1.000000000000000082E-05 ), #7771, 'distance_accuracy_value', 'NONE');
#3935 = ORIENTED_EDGE ( 'NONE', *, *, #8129, .F. ) ;
#3936 = VERTEX_POINT ( 'NONE', #3472 ) ;
#3937 = DIRECTION ( 'NONE',  ( 0.000000000000000000, -0.05233595624294608284, -0.9986295347545738332 ) ) ;
#3938 = PRESENTATION_STYLE_ASSIGNMENT (( #8774 ) ) ;
#3939 = PLANE ( 'NONE',  #1501 ) ;
#3940 = ORIENTED_EDGE ( 'NONE', *, *, #1777, .T. ) ;
#3941 = VECTOR ( 'NONE', #2849, 999.9999999999998863 ) ;
#3942 = ORIENTED_EDGE ( 'NONE', *, *, #4464, .F. ) ;
#3943 = EDGE_CURVE ( 'NONE', #466, #4046, #5547, .T. ) ;
#3944 = ORIENTED_EDGE ( 'NONE', *, *, #5841, .T. ) ;
#3945 = AXIS2_PLACEMENT_3D ( 'NONE', #5371, #5234, #2487 ) ;
#3946 = DIRECTION ( 'NONE',  ( -5.437567252211899738E-16, -1.000000000000000000, 0.000000000000000000 ) ) ;
#3947 = CARTESIAN_POINT ( 'NONE',  ( 40.99999999999999289, 22.70908073396829607, 3.375174662057743191 ) ) ;
#3948 = DIRECTION ( 'NONE',  ( -1.000000000000000000, 0.000000000000000000, 0.000000000000000000 ) ) ;
#3949 = ORIENTED_EDGE ( 'NONE', *, *, #6158, .F. ) ;
#3950 = CARTESIAN_POINT ( 'NONE',  ( 50.49999999999999289, -65.57133123440134170, 31.99999999999998579 ) ) ;
#3951 = DIRECTION ( 'NONE',  ( -6.938893903907248099E-15, 0.9891347404802104393, 0.1470117858375541431 ) ) ;
#3952 = DIRECTION ( 'NONE',  ( 0.000000000000000000, 0.000000000000000000, 1.000000000000000000 ) ) ;
#3953 = ORIENTED_EDGE ( 'NONE', *, *, #5337, .T. ) ;
#3954 = AXIS2_PLACEMENT_3D ( 'NONE', #4856, #4994, #7009 ) ;
#3955 = ORIENTED_EDGE ( 'NONE', *, *, #372, .T. ) ;
#3956 = ORIENTED_EDGE ( 'NONE', *, *, #372, .F. ) ;
#3957 = CARTESIAN_POINT ( 'NONE',  ( 40.99999999999999289, 46.73678090900868654, 0.000000000000000000 ) ) ;
#3958 = UNCERTAINTY_MEASURE_WITH_UNIT (LENGTH_MEASURE( 1.000000000000000082E-05 ), #3885, 'distance_accuracy_value', 'NONE');
#3959 = ORIENTED_EDGE ( 'NONE', *, *, #3943, .F. ) ;
#3960 = DIRECTION ( 'NONE',  ( 0.000000000000000000, -1.000000000000000000, 0.000000000000000000 ) ) ;
#3961 = VECTOR ( 'NONE', #1366, 1000.000000000000000 ) ;
#3962 = DIRECTION ( 'NONE',  ( 0.000000000000000000, -0.000000000000000000, 1.000000000000000000 ) ) ;
#3963 = LINE ( 'NONE', #6701, #5078 ) ;
#3964 = CARTESIAN_POINT ( 'NONE',  ( 24.49999999999999645, 0.000000000000000000, 4.500000000000000000 ) ) ;
#3965 = ADVANCED_FACE ( 'NONE', ( #1492 ), #2787, .F. ) ;
#3966 = EDGE_CURVE ( 'NONE', #7532, #4317, #5544, .T. ) ;
#3967 = SURFACE_SIDE_STYLE ('',( #8084 ) ) ;
#3968 = VECTOR ( 'NONE', #7667, 1000.000000000000000 ) ;
#3969 = PRODUCT_CONTEXT ( 'NONE', #1465, 'mechanical' ) ;
#3970 = MECHANICAL_DESIGN_GEOMETRIC_PRESENTATION_REPRESENTATION (  '', ( #5973 ), #7268 ) ;
#3971 = CARTESIAN_POINT ( 'NONE',  ( 52.79999999999999005, -59.00000000000003553, 1.499999999999987566 ) ) ;
#3972 = DIRECTION ( 'NONE',  ( 1.000000000000000000, 0.000000000000000000, 0.000000000000000000 ) ) ;
#3973 = ORIENTED_EDGE ( 'NONE', *, *, #3050, .T. ) ;
#3974 = MANIFOLD_SOLID_BREP ( 'Boss-Extrude3', #2031 ) ;
#3975 = DIRECTION ( 'NONE',  ( -0.000000000000000000, -0.8829475928589252121, 0.4694715627858938589 ) ) ;
#3976 = ADVANCED_FACE ( 'NONE', ( #2076 ), #4820, .F. ) ;
#3977 = CARTESIAN_POINT ( 'NONE',  ( -33.64999999999999858, -42.63981643406424382, -2.275605323946705116 ) ) ;
#3978 = AXIS2_PLACEMENT_3D ( 'NONE', #6891, #24, #2185 ) ;
#3979 = VERTEX_POINT ( 'NONE', #5637 ) ;
#3980 = LINE ( 'NONE', #2706, #6052 ) ;
#3981 = VERTEX_POINT ( 'NONE', #8361 ) ;
#3982 = AXIS2_PLACEMENT_3D ( 'NONE', #3114, #8589, #2445 ) ;
#3983 = DIRECTION ( 'NONE',  ( 0.000000000000000000, 0.000000000000000000, 1.000000000000000000 ) ) ;
#3984 = SURFACE_SIDE_STYLE ('',( #1994 ) ) ;
#3985 = LINE ( 'NONE', #1317, #5229 ) ;
#3986 = EDGE_CURVE ( 'NONE', #7582, #3639, #8408, .T. ) ;
#3987 = VERTEX_POINT ( 'NONE', #6562 ) ;
#3988 = DIRECTION ( 'NONE',  ( 0.000000000000000000, -0.000000000000000000, 1.000000000000000000 ) ) ;
#3989 = CIRCLE ( 'NONE', #8279, 2.300000000000004263 ) ;
#3990 = VECTOR ( 'NONE', #683, 999.9999999999998863 ) ;
#3991 = EDGE_LOOP ( 'NONE', ( #5261, #2757, #5080, #475, #4745 ) ) ;
#3992 = VERTEX_POINT ( 'NONE', #5882 ) ;
#3993 = CARTESIAN_POINT ( 'NONE',  ( 34.00000000000000711, 21.26954835153813761, 13.06073477817857942 ) ) ;
#3994 = LINE ( 'NONE', #6730, #7046 ) ;
#3995 = LINE ( 'NONE', #571, #1511 ) ;
#3996 = VERTEX_POINT ( 'NONE', #7859 ) ;
#3997 = CARTESIAN_POINT ( 'NONE',  ( 43.50000000000000000, 35.22993244465388329, 25.24546604204652667 ) ) ;
#3998 =( GEOMETRIC_REPRESENTATION_CONTEXT ( 3 ) GLOBAL_UNCERTAINTY_ASSIGNED_CONTEXT ( ( #5735 ) ) GLOBAL_UNIT_ASSIGNED_CONTEXT ( ( #4594, #4426, #1172 ) ) REPRESENTATION_CONTEXT ( 'NONE', 'WORKASPACE' ) );
#3999 = DIRECTION ( 'NONE',  ( 0.000000000000000000, -0.9891347404802104393, -0.1470117858375538933 ) ) ;
#4000 = FACE_OUTER_BOUND ( 'NONE', #7978, .T. ) ;
#4001 = ADVANCED_FACE ( 'NONE', ( #3867 ), #3571, .F. ) ;
#4002 = ORIENTED_EDGE ( 'NONE', *, *, #4300, .F. ) ;
#4003 = EDGE_CURVE ( 'NONE', #598, #4136, #404, .T. ) ;
#4004 = VERTEX_POINT ( 'NONE', #3782 ) ;
#4005 = VECTOR ( 'NONE', #1491, 1000.000000000000000 ) ;
#4006 = ORIENTED_EDGE ( 'NONE', *, *, #6515, .F. ) ;
#4007 = DIRECTION ( 'NONE',  ( -0.000000000000000000, 1.000000000000000000, -0.000000000000000000 ) ) ;
#4008 = EDGE_LOOP ( 'NONE', ( #3078, #3144, #5160, #5942 ) ) ;
#4009 = CARTESIAN_POINT ( 'NONE',  ( 34.64999999999999147, -71.11669522854620595, 21.35768172941429555 ) ) ;
#4010 = LINE ( 'NONE', #2568, #1571 ) ;
#4011 = AXIS2_PLACEMENT_3D ( 'NONE', #8583, #6486, #7819 ) ;
#4012 =( NAMED_UNIT ( * ) SI_UNIT ( $, .STERADIAN. ) SOLID_ANGLE_UNIT ( ) );
#4013 = CARTESIAN_POINT ( 'NONE',  ( 26.44999999999998863, -62.75000000000002842, 8.155575096830396831 ) ) ;
#4014 = VECTOR ( 'NONE', #7812, 1000.000000000000000 ) ;
#4015 = CYLINDRICAL_SURFACE ( 'NONE', #8273, 1.649999999999988809 ) ;
#4016 = ADVANCED_FACE ( 'NONE', ( #861 ), #5212, .F. ) ;
#4017 = DIRECTION ( 'NONE',  ( 1.000000000000000000, 0.000000000000000000, 0.000000000000000000 ) ) ;
#4018 = CARTESIAN_POINT ( 'NONE',  ( -24.44999999999998508, -57.75000000000002132, -30.80000000000000426 ) ) ;
#4019 =( NAMED_UNIT ( * ) SI_UNIT ( $, .STERADIAN. ) SOLID_ANGLE_UNIT ( ) );
#4020 = VECTOR ( 'NONE', #170, 1000.000000000000000 ) ;
#4021 = FILL_AREA_STYLE ('',( #3380 ) ) ;
#4022 = DIRECTION ( 'NONE',  ( 0.000000000000000000, 0.9899786446783980232, -0.1412171486779220109 ) ) ;
#4023 = UNCERTAINTY_MEASURE_WITH_UNIT (LENGTH_MEASURE( 1.000000000000000082E-05 ), #1658, 'distance_accuracy_value', 'NONE');
#4024 = EDGE_CURVE ( 'NONE', #2772, #3860, #3690, .T. ) ;
#4025 = ORIENTED_EDGE ( 'NONE', *, *, #721, .F. ) ;
#4026 = EDGE_CURVE ( 'NONE', #3996, #7403, #3235, .T. ) ;
#4027 = DIRECTION ( 'NONE',  ( 2.775557561562890735E-17, 0.1470117858375538933, -0.9891347404802104393 ) ) ;
#4028 = AXIS2_PLACEMENT_3D ( 'NONE', #3428, #1098, #2544 ) ;
#4029 = ORIENTED_EDGE ( 'NONE', *, *, #4727, .F. ) ;
#4030 = LINE ( 'NONE', #2708, #3121 ) ;
#4031 = FILL_AREA_STYLE ('',( #7429 ) ) ;
#4032 = CARTESIAN_POINT ( 'NONE',  ( 34.00000000000000711, 45.19365809902221542, 26.72634123740465029 ) ) ;
#4033 = ORIENTED_EDGE ( 'NONE', *, *, #8760, .T. ) ;
#4034 = LINE ( 'NONE', #7515, #46 ) ;
#4035 = ORIENTED_EDGE ( 'NONE', *, *, #2316, .T. ) ;
#4036 = ORIENTED_EDGE ( 'NONE', *, *, #5653, .F. ) ;
#4037 = EDGE_CURVE ( 'NONE', #2278, #2730, #7316, .T. ) ;
#4038 = DIRECTION ( 'NONE',  ( 0.000000000000000000, 0.9891347404802103283, 0.1470117858375538933 ) ) ;
#4039 = CARTESIAN_POINT ( 'NONE',  ( 41.69999999999998153, 64.22866876559862703, 31.89999999999998437 ) ) ;
#4040 = DIRECTION ( 'NONE',  ( 0.000000000000000000, 0.000000000000000000, 1.000000000000000000 ) ) ;
#4041 = ORIENTED_EDGE ( 'NONE', *, *, #2103, .F. ) ;
#4042 = DIRECTION ( 'NONE',  ( 0.000000000000000000, 0.1412171486779216778, 0.9899786446783979121 ) ) ;
#4043 = CARTESIAN_POINT ( 'NONE',  ( -33.64999999999999858, -47.70428115490435061, -11.75541661380716718 ) ) ;
#4044 = CARTESIAN_POINT ( 'NONE',  ( -31.69999999999999929, -60.25000000000004263, -6.331132676734938514 ) ) ;
#4045 = VERTEX_POINT ( 'NONE', #2882 ) ;
#4046 = VERTEX_POINT ( 'NONE', #6349 ) ;
#4047 = VERTEX_POINT ( 'NONE', #5681 ) ;
#4048 = EDGE_CURVE ( 'NONE', #137, #5619, #1803, .T. ) ;
#4049 = DIRECTION ( 'NONE',  ( 0.000000000000000000, -0.05233595624294702653, -0.9986295347545737222 ) ) ;
#4050 = VERTEX_POINT ( 'NONE', #8703 ) ;
#4051 = LINE ( 'NONE', #3653, #5137 ) ;
#4052 = CARTESIAN_POINT ( 'NONE',  ( 34.50000000000000711, -12.41379277605159892, -2.647767772941379771 ) ) ;
#4053 = DIRECTION ( 'NONE',  ( -0.000000000000000000, -0.1470117858375538933, 0.9891347404802104393 ) ) ;
#4054 = FILL_AREA_STYLE ('',( #1977 ) ) ;
#4055 =( NAMED_UNIT ( * ) SI_UNIT ( $, .STERADIAN. ) SOLID_ANGLE_UNIT ( ) );
#4056 = ADVANCED_FACE ( 'NONE', ( #3313 ), #2681, .F. ) ;
#4057 = VECTOR ( 'NONE', #5054, 1000.000000000000000 ) ;
#4058 = SURFACE_STYLE_USAGE ( .BOTH. , #8263 ) ;
#4059 = CARTESIAN_POINT ( 'NONE',  ( -42.00000000000000711, -58.00000000000002132, 0.000000000000000000 ) ) ;
#4060 = CARTESIAN_POINT ( 'NONE',  ( 0.000000000000000000, 62.15058174320375883, 31.79999999999997939 ) ) ;
#4061 = PLANE ( 'NONE',  #7871 ) ;
#4062 =( LENGTH_UNIT ( ) NAMED_UNIT ( * ) SI_UNIT ( .MILLI., .METRE. ) );
#4063 =( NAMED_UNIT ( * ) PLANE_ANGLE_UNIT ( ) SI_UNIT ( $, .RADIAN. ) );
#4064 = FILL_AREA_STYLE_COLOUR ( '', #1173 ) ;
#4065 = STYLED_ITEM ( 'NONE', ( #3931 ), #1002 ) ;
#4066 = VECTOR ( 'NONE', #21, 1000.000000000000000 ) ;
#4067 = DIRECTION ( 'NONE',  ( 1.000000000000000000, 0.000000000000000000, 0.000000000000000000 ) ) ;
#4068 = ORIENTED_EDGE ( 'NONE', *, *, #4986, .T. ) ;
#4069 = VERTEX_POINT ( 'NONE', #5435 ) ;
#4070 = DIRECTION ( 'NONE',  ( 1.000000000000000000, -0.000000000000000000, 0.000000000000000000 ) ) ;
#4071 = PRESENTATION_STYLE_ASSIGNMENT (( #1314 ) ) ;
#4072 = ORIENTED_EDGE ( 'NONE', *, *, #6788, .T. ) ;
#4073 = EDGE_CURVE ( 'NONE', #354, #2035, #7442, .T. ) ;
#4074 = CARTESIAN_POINT ( 'NONE',  ( 38.99999999999997868, 63.00000000000000000, 0.000000000000000000 ) ) ;
#4075 = EDGE_CURVE ( 'NONE', #2967, #2301, #2053, .T. ) ;
#4076 = AXIS2_PLACEMENT_3D ( 'NONE', #2198, #2152, #3594 ) ;
#4077 = EDGE_LOOP ( 'NONE', ( #2187, #5657, #8400, #8701 ) ) ;
#4078 = DIRECTION ( 'NONE',  ( 0.000000000000000000, 0.9986295347545737222, -0.05233595624294711673 ) ) ;
#4079 = FACE_OUTER_BOUND ( 'NONE', #110, .T. ) ;
#4080 = FACE_OUTER_BOUND ( 'NONE', #4122, .T. ) ;
#4081 = ORIENTED_EDGE ( 'NONE', *, *, #5202, .F. ) ;
#4082 = PRESENTATION_LAYER_ASSIGNMENT (  '', '', ( #2641 ) ) ;
#4083 = DIRECTION ( 'NONE',  ( 0.000000000000000000, -0.1470117858375538933, 0.9891347404802104393 ) ) ;
#4084 = DIRECTION ( 'NONE',  ( -0.7071067811865472397, 0.7071067811865479058, 0.000000000000000000 ) ) ;
#4085 = VERTEX_POINT ( 'NONE', #8790 ) ;
#4086 = EDGE_CURVE ( 'NONE', #7217, #3698, #3355, .T. ) ;
#4087 = EDGE_LOOP ( 'NONE', ( #6956, #6669, #5509, #2106 ) ) ;
#4088 = CIRCLE ( 'NONE', #5235, 2.500000000000002220 ) ;
#4089 = ORIENTED_EDGE ( 'NONE', *, *, #5780, .F. ) ;
#4090 = CARTESIAN_POINT ( 'NONE',  ( -31.13375866546478932, -53.61515718961152288, 31.79999999999997939 ) ) ;
#4091 = ORIENTED_EDGE ( 'NONE', *, *, #5583, .T. ) ;
#4092 = LINE ( 'NONE', #4807, #8710 ) ;
#4093 = CARTESIAN_POINT ( 'NONE',  ( -21.94999999999997087, -61.71446609406731199, 8.309483035330865519 ) ) ;
#4094 = DIRECTION ( 'NONE',  ( 3.122502256758240148E-14, 0.9891347404802104393, 0.1470117858375531439 ) ) ;
#4095 = COLOUR_RGB ( '',0.2980392156862745057, 0.2980392156862745057, 0.2980392156862745057 ) ;
#4096 = EDGE_CURVE ( 'NONE', #983, #3639, #5476, .T. ) ;
#4097 = FILL_AREA_STYLE ('',( #4676 ) ) ;
#4098 = FILL_AREA_STYLE_COLOUR ( '', #685 ) ;
#4099 = VECTOR ( 'NONE', #10, 999.9999999999998863 ) ;
#4100 = FACE_OUTER_BOUND ( 'NONE', #2470, .T. ) ;
#4101 = LINE ( 'NONE', #6749, #2275 ) ;
#4102 = CARTESIAN_POINT ( 'NONE',  ( 37.49999999999998579, 53.99999999999996447, 1.084202172485504434E-15 ) ) ;
#4103 = FILL_AREA_STYLE_COLOUR ( '', #5870 ) ;
#4104 = FACE_OUTER_BOUND ( 'NONE', #6842, .T. ) ;
#4105 = AXIS2_PLACEMENT_3D ( 'NONE', #5839, #6605, #191 ) ;
#4106 = EDGE_CURVE ( 'NONE', #1752, #6190, #5348, .T. ) ;
#4107 = CARTESIAN_POINT ( 'NONE',  ( 46.89999999999999858, -59.00000000000003553, -1.511838516444868957E-14 ) ) ;
#4108 = LINE ( 'NONE', #8141, #3990 ) ;
#4109 = VECTOR ( 'NONE', #5268, 1000.000000000000000 ) ;
#4110 = VERTEX_POINT ( 'NONE', #7395 ) ;
#4111 =( NAMED_UNIT ( * ) PLANE_ANGLE_UNIT ( ) SI_UNIT ( $, .RADIAN. ) );
#4112 = ORIENTED_EDGE ( 'NONE', *, *, #6178, .T. ) ;
#4113 = CARTESIAN_POINT ( 'NONE',  ( 43.50000000000000000, -43.63223080321709091, 10.99698514525793414 ) ) ;
#4114 = CARTESIAN_POINT ( 'NONE',  ( 46.89999999999999858, 55.99999999999995737, 22.50000000000000000 ) ) ;
#4115 = VERTEX_POINT ( 'NONE', #1204 ) ;
#4116 = DIRECTION ( 'NONE',  ( 0.000000000000000000, 0.1412171486779212892, 0.9899786446783980232 ) ) ;
#4117 = VECTOR ( 'NONE', #3041, 1000.000000000000227 ) ;
#4118 = VECTOR ( 'NONE', #2758, 999.9999999999998863 ) ;
#4119 = ORIENTED_EDGE ( 'NONE', *, *, #8197, .F. ) ;
#4120 = CYLINDRICAL_SURFACE ( 'NONE', #7614, 2.300000000000004263 ) ;
#4121 = DIRECTION ( 'NONE',  ( 0.000000000000000000, 0.8829475928589253231, -0.4694715627858938589 ) ) ;
#4122 = EDGE_LOOP ( 'NONE', ( #2235, #7383, #8280 ) ) ;
#4123 = EDGE_CURVE ( 'NONE', #6905, #7678, #1327, .T. ) ;
#4124 = EDGE_CURVE ( 'NONE', #1354, #3714, #1286, .T. ) ;
#4125 = DIRECTION ( 'NONE',  ( -1.000000000000000000, 0.000000000000000000, 0.000000000000000000 ) ) ;
#4126 = DIRECTION ( 'NONE',  ( -0.7071067811865472397, 0.7071067811865479058, 0.000000000000000000 ) ) ;
#4127 = CARTESIAN_POINT ( 'NONE',  ( 52.79999999999999005, -56.00000000000003553, 20.59999999999999076 ) ) ;
#4128 = ORIENTED_EDGE ( 'NONE', *, *, #3408, .T. ) ;
#4129 = CIRCLE ( 'NONE', #5281, 4.149999999999994138 ) ;
#4130 = EDGE_LOOP ( 'NONE', ( #1641, #2591, #3823, #2767 ) ) ;
#4131 = ORIENTED_EDGE ( 'NONE', *, *, #4740, .F. ) ;
#4132 = CARTESIAN_POINT ( 'NONE',  ( 28.99999999999999289, -44.45518487432007504, -31.08118908553368342 ) ) ;
#4133 = PRODUCT_DEFINITION_CONTEXT ( 'detailed design', #5611, 'design' ) ;
#4134 = CARTESIAN_POINT ( 'NONE',  ( 38.99999999999999289, -58.00000000000002132, -1.000000000000000000 ) ) ;
#4135 = VECTOR ( 'NONE', #5270, 1000.000000000000000 ) ;
#4136 = VERTEX_POINT ( 'NONE', #7352 ) ;
#4137 = EDGE_CURVE ( 'NONE', #2474, #3223, #3989, .T. ) ;
#4138 = CARTESIAN_POINT ( 'NONE',  ( 35.04999999999998295, -72.20567380211744535, 15.15664675644031512 ) ) ;
#4139 = FILL_AREA_STYLE_COLOUR ( '', #1995 ) ;
#4140 = ORIENTED_EDGE ( 'NONE', *, *, #290, .F. ) ;
#4141 = COLOUR_RGB ( '',0.4980392156862745168, 0.4980392156862745168, 0.4980392156862745168 ) ;
#4142 = CARTESIAN_POINT ( 'NONE',  ( 41.73223304703362402, 42.75111486731773880, 23.83585268668378632 ) ) ;
#4143 = SURFACE_STYLE_USAGE ( .BOTH. , #2073 ) ;
#4144 = EDGE_CURVE ( 'NONE', #5471, #1709, #8870, .T. ) ;
#4145 = CYLINDRICAL_SURFACE ( 'NONE', #5772, 4.000000000000003553 ) ;
#4146 = AXIS2_PLACEMENT_3D ( 'NONE', #2026, #4685, #2614 ) ;
#4147 = LINE ( 'NONE', #6347, #4864 ) ;
#4148 = CARTESIAN_POINT ( 'NONE',  ( 50.49999999999999289, 58.99999999999995737, 0.000000000000000000 ) ) ;
#4149 = LINE ( 'NONE', #148, #2372 ) ;
#4150 = AXIS2_PLACEMENT_3D ( 'NONE', #5007, #1077, #3835 ) ;
#4151 = CARTESIAN_POINT ( 'NONE',  ( 22.69999999999999929, 55.49999999999997868, 4.500000000000000000 ) ) ;
#4152 = VERTEX_POINT ( 'NONE', #4707 ) ;
#4153 = EDGE_CURVE ( 'NONE', #5474, #5145, #6773, .T. ) ;
#4154 = ORIENTED_EDGE ( 'NONE', *, *, #4690, .T. ) ;
#4155 = FACE_OUTER_BOUND ( 'NONE', #4411, .T. ) ;
#4156 = AXIS2_PLACEMENT_3D ( 'NONE', #2731, #7538, #8305 ) ;
#4157 = CARTESIAN_POINT ( 'NONE',  ( 38.69999999999996732, -63.77133123440134455, 31.99999999999998579 ) ) ;
#4158 = ORIENTED_EDGE ( 'NONE', *, *, #7463, .T. ) ;
#4159 = CARTESIAN_POINT ( 'NONE',  ( -22.69999999999999929, 55.49999999999997868, 4.500000000000000000 ) ) ;
#4160 = AXIS2_PLACEMENT_3D ( 'NONE', #5114, #7847, #4443 ) ;
#4161 = ORIENTED_EDGE ( 'NONE', *, *, #3354, .F. ) ;
#4162 = ADVANCED_FACE ( 'NONE', ( #6017 ), #6816, .F. ) ;
#4163 = DIRECTION ( 'NONE',  ( 0.000000000000000000, 1.000000000000000000, -2.434699615406042851E-15 ) ) ;
#4164 = EDGE_CURVE ( 'NONE', #5474, #3860, #8114, .T. ) ;
#4165 = CARTESIAN_POINT ( 'NONE',  ( 16.19999999999999574, -63.50000000000005684, 6.938893903907228378E-15 ) ) ;
#4166 = ORIENTED_EDGE ( 'NONE', *, *, #2793, .F. ) ;
#4167 = DIRECTION ( 'NONE',  ( -0.000000000000000000, -0.1412171486779217056, -0.9899786446783980232 ) ) ;
#4168 = PLANE ( 'NONE',  #3068 ) ;
#4169 = CARTESIAN_POINT ( 'NONE',  ( 52.79999999999999005, -59.00000000000003553, -1.447409900268148419E-14 ) ) ;
#4170 = ORIENTED_EDGE ( 'NONE', *, *, #1791, .F. ) ;
#4171 = AXIS2_PLACEMENT_3D ( 'NONE', #4315, #2868, #6381 ) ;
#4172 = VERTEX_POINT ( 'NONE', #8033 ) ;
#4173 = ORIENTED_EDGE ( 'NONE', *, *, #6245, .F. ) ;
#4174 = FILL_AREA_STYLE ('',( #7579 ) ) ;
#4175 = DIRECTION ( 'NONE',  ( 1.000000000000000000, 0.000000000000000000, 0.000000000000000000 ) ) ;
#4176 = AXIS2_PLACEMENT_3D ( 'NONE', #3264, #1324, #650 ) ;
#4177 = CARTESIAN_POINT ( 'NONE',  ( 46.89999999999999858, -56.00000000000003553, 22.49999999999998579 ) ) ;
#4178 = ORIENTED_EDGE ( 'NONE', *, *, #1674, .T. ) ;
#4179 = CARTESIAN_POINT ( 'NONE',  ( -32.99999999999998579, -43.99976026781098426, 13.46982199645845668 ) ) ;
#4180 = CARTESIAN_POINT ( 'NONE',  ( 34.00000000000000711, 3.558868336046677960, -23.94502106020632226 ) ) ;
#4181 = CARTESIAN_POINT ( 'NONE',  ( -21.94999999999997087, -60.25000000000004974, 8.527141729315120600 ) ) ;
#4182 = ORIENTED_EDGE ( 'NONE', *, *, #2862, .F. ) ;
#4183 = EDGE_CURVE ( 'NONE', #1785, #7947, #2006, .T. ) ;
#4184 = EDGE_CURVE ( 'NONE', #2678, #5599, #6145, .T. ) ;
#4185 = DIRECTION ( 'NONE',  ( 0.000000000000000000, -0.000000000000000000, -1.000000000000000000 ) ) ;
#4186 = COLOUR_RGB ( '',0.1019607843137254888, 0.1019607843137254888, 0.1019607843137254888 ) ;
#4187 = CARTESIAN_POINT ( 'NONE',  ( 43.50000000000000711, -50.00000000000001421, -1.155618692349120047E-14 ) ) ;
#4188 = LINE ( 'NONE', #8407, #8719 ) ;
#4189 = DIRECTION ( 'NONE',  ( -0.000000000000000000, 1.000000000000000000, 1.281219081732939915E-16 ) ) ;
#4190 = LINE ( 'NONE', #8413, #323 ) ;
#4191 = CARTESIAN_POINT ( 'NONE',  ( 34.00000000000000711, 20.16695995775648598, 20.47924533178015949 ) ) ;
#4192 = EDGE_CURVE ( 'NONE', #5599, #4115, #3849, .T. ) ;
#4193 = VECTOR ( 'NONE', #149, 1000.000000000000114 ) ;
#4194 = DIRECTION ( 'NONE',  ( 0.000000000000000000, 0.000000000000000000, 1.000000000000000000 ) ) ;
#4195 = ORIENTED_EDGE ( 'NONE', *, *, #5134, .F. ) ;
#4196 = ORIENTED_EDGE ( 'NONE', *, *, #5765, .T. ) ;
#4197 = CARTESIAN_POINT ( 'NONE',  ( 46.89999999999999858, -56.00000000000003553, 22.49999999999998579 ) ) ;
#4198 = CARTESIAN_POINT ( 'NONE',  ( 46.49999999999998579, 68.99999999999997158, 4.500000000000000000 ) ) ;
#4199 = CIRCLE ( 'NONE', #4344, 3.999999999999996447 ) ;
#4200 = CARTESIAN_POINT ( 'NONE',  ( 54.05000000000000426, 55.99999999999995026, 23.60000000000000142 ) ) ;
#4201 = CARTESIAN_POINT ( 'NONE',  ( 36.49999999999997868, 63.00000000000000000, -1.000000000000000000 ) ) ;
#4202 = FACE_OUTER_BOUND ( 'NONE', #2514, .T. ) ;
#4203 = EDGE_CURVE ( 'NONE', #4115, #7779, #8745, .T. ) ;
#4204 = AXIS2_PLACEMENT_3D ( 'NONE', #1771, #3848, #5862 ) ;
#4205 = UNCERTAINTY_MEASURE_WITH_UNIT (LENGTH_MEASURE( 1.000000000000000082E-05 ), #5502, 'distance_accuracy_value', 'NONE');
#4206 = ORIENTED_EDGE ( 'NONE', *, *, #2404, .F. ) ;
#4207 = CARTESIAN_POINT ( 'NONE',  ( 43.50000000000000000, 48.75295395763456696, 24.72788594248547156 ) ) ;
#4208 = DIRECTION ( 'NONE',  ( -0.000000000000000000, 0.1470117858375538100, -0.9891347404802103283 ) ) ;
#4209 = CARTESIAN_POINT ( 'NONE',  ( -41.50000000000002132, 62.99999999999997158, 0.000000000000000000 ) ) ;
#4210 = ORIENTED_EDGE ( 'NONE', *, *, #3255, .T. ) ;
#4211 = DIRECTION ( 'NONE',  ( 2.413528314402512315E-15, 1.000000000000000000, 0.000000000000000000 ) ) ;
#4212 = FACE_BOUND ( 'NONE', #5110, .T. ) ;
#4213 = DIRECTION ( 'NONE',  ( 0.7071067811865479058, 0.7071067811865472397, -0.000000000000000000 ) ) ;
#4214 = ORIENTED_EDGE ( 'NONE', *, *, #921, .T. ) ;
#4215 = VECTOR ( 'NONE', #284, 1000.000000000000000 ) ;
#4216 = ADVANCED_FACE ( 'NONE', ( #7133, #4514, #2415, #3855, #5824, #1018 ), #7931, .T. ) ;
#4217 = VERTEX_POINT ( 'NONE', #8476 ) ;
#4218 = ORIENTED_EDGE ( 'NONE', *, *, #2374, .T. ) ;
#4219 =( GEOMETRIC_REPRESENTATION_CONTEXT ( 3 ) GLOBAL_UNCERTAINTY_ASSIGNED_CONTEXT ( ( #8230 ) ) GLOBAL_UNIT_ASSIGNED_CONTEXT ( ( #1657, #390, #7088 ) ) REPRESENTATION_CONTEXT ( 'NONE', 'WORKASPACE' ) );
#4220 = DIRECTION ( 'NONE',  ( 0.000000000000000000, 1.000000000000000000, 0.000000000000000000 ) ) ;
#4221 = CARTESIAN_POINT ( 'NONE',  ( 45.04466517458415353, 71.45533482541580383, 29.35200255785565560 ) ) ;
#4222 = DIRECTION ( 'NONE',  ( 0.000000000000000000, 0.1470117858375539210, -0.9891347404802105503 ) ) ;
#4223 = ORIENTED_EDGE ( 'NONE', *, *, #3701, .T. ) ;
#4224 = CARTESIAN_POINT ( 'NONE',  ( 35.04999999999999005, -72.27328590861941393, 11.95579864960138750 ) ) ;
#4225 = CARTESIAN_POINT ( 'NONE',  ( -44.50000000000001421, -58.00000000000002132, -1.000000000000000000 ) ) ;
#4226 = DIRECTION ( 'NONE',  ( 0.000000000000000000, 0.6001650094319760376, -0.7998762163319497187 ) ) ;
#4227 = ORIENTED_EDGE ( 'NONE', *, *, #2374, .F. ) ;
#4228 = APPLICATION_CONTEXT ( 'automotive_design' ) ;
#4229 = FACE_OUTER_BOUND ( 'NONE', #2897, .T. ) ;
#4230 = CIRCLE ( 'NONE', #2780, 1.000000000000003997 ) ;
#4231 = APPLICATION_PROTOCOL_DEFINITION ( 'draft international standard', 'automotive_design', 1998, #6228 ) ;
#4232 = CARTESIAN_POINT ( 'NONE',  ( -33.64999999999999858, -42.63981643406424382, -2.275605323946704672 ) ) ;
#4233 = MECHANICAL_DESIGN_GEOMETRIC_PRESENTATION_REPRESENTATION (  '', ( #8535 ), #5527 ) ;
#4234 = CARTESIAN_POINT ( 'NONE',  ( -16.19999999999999574, -57.50000000000004263, 6.938893903907228378E-15 ) ) ;
#4235 = DIRECTION ( 'NONE',  ( -1.000000000000000000, -1.802310104910968887E-16, 0.000000000000000000 ) ) ;
#4236 = EDGE_CURVE ( 'NONE', #3860, #3461, #5154, .T. ) ;
#4237 = SURFACE_STYLE_USAGE ( .BOTH. , #1396 ) ;
#4238 = DIRECTION ( 'NONE',  ( 0.000000000000000000, 0.9899786446783979121, -0.1412171486779215390 ) ) ;
#4239 = CARTESIAN_POINT ( 'NONE',  ( 26.44999999999998863, -57.75000000000000000, 8.898708361799847921 ) ) ;
#4240 = DIRECTION ( 'NONE',  ( 0.000000000000000000, -1.000000000000000000, -1.548860246407863829E-16 ) ) ;
#4241 = VECTOR ( 'NONE', #2274, 1000.000000000000000 ) ;
#4242 =( NAMED_UNIT ( * ) SI_UNIT ( $, .STERADIAN. ) SOLID_ANGLE_UNIT ( ) );
#4243 = ORIENTED_EDGE ( 'NONE', *, *, #7080, .T. ) ;
#4244 = SURFACE_STYLE_FILL_AREA ( #1503 ) ;
#4245 = ORIENTED_EDGE ( 'NONE', *, *, #7253, .T. ) ;
#4246 = VECTOR ( 'NONE', #5185, 1000.000000000000114 ) ;
#4247 =( LENGTH_UNIT ( ) NAMED_UNIT ( * ) SI_UNIT ( .MILLI., .METRE. ) );
#4248 = EDGE_CURVE ( 'NONE', #173, #7273, #826, .T. ) ;
#4249 = CIRCLE ( 'NONE', #2952, 1.649999999999996136 ) ;
#4250 = CARTESIAN_POINT ( 'NONE',  ( -46.33471074380165788, 70.16528925619833501, 27.14049586776857481 ) ) ;
#4251 = CARTESIAN_POINT ( 'NONE',  ( 34.00000000000000711, 52.41275249741134701, 25.27182955008442278 ) ) ;
#4252 = CARTESIAN_POINT ( 'NONE',  ( -38.50000000000000000, 50.32835413437400973, -25.73944476163834949 ) ) ;
#4253 = VECTOR ( 'NONE', #4420, 1000.000000000000000 ) ;
#4254 = DIRECTION ( 'NONE',  ( 1.000000000000000000, -1.110223024625156540E-15, 0.000000000000000000 ) ) ;
#4255 = CIRCLE ( 'NONE', #7695, 1.000000000000000000 ) ;
#4256 = VERTEX_POINT ( 'NONE', #5195 ) ;
#4257 = LINE ( 'NONE', #4889, #1958 ) ;
#4258 = DIRECTION ( 'NONE',  ( 0.000000000000000000, 0.000000000000000000, 1.000000000000000000 ) ) ;
#4259 = LINE ( 'NONE', #2760, #3826 ) ;
#4260 = ORIENTED_EDGE ( 'NONE', *, *, #1722, .T. ) ;
#4261 = VECTOR ( 'NONE', #5756, 1000.000000000000114 ) ;
#4262 = ADVANCED_FACE ( 'NONE', ( #8559 ), #979, .T. ) ;
#4263 = CARTESIAN_POINT ( 'NONE',  ( -33.99999999999998579, 52.41275249741134701, 25.27182955008442278 ) ) ;
#4264 = DIRECTION ( 'NONE',  ( -1.000000000000000000, -0.000000000000000000, -0.000000000000000000 ) ) ;
#4265 =( NAMED_UNIT ( * ) PLANE_ANGLE_UNIT ( ) SI_UNIT ( $, .RADIAN. ) );
#4266 = EDGE_LOOP ( 'NONE', ( #5828, #6802, #7651, #3870 ) ) ;
#4267 = CIRCLE ( 'NONE', #6121, 4.999999999999997335 ) ;
#4268 = VECTOR ( 'NONE', #4449, 1000.000000000000000 ) ;
#4269 = ORIENTED_EDGE ( 'NONE', *, *, #3932, .T. ) ;
#4270 = EDGE_LOOP ( 'NONE', ( #6264, #2595, #8616, #6102 ) ) ;
#4271 = SURFACE_STYLE_FILL_AREA ( #6238 ) ;
#4272 = DIRECTION ( 'NONE',  ( 0.000000000000000000, 0.000000000000000000, 1.000000000000000000 ) ) ;
#4273 = DIRECTION ( 'NONE',  ( -0.000000000000000000, -0.1470117858375538933, 0.9891347404802104393 ) ) ;
#4274 = EDGE_LOOP ( 'NONE', ( #8303, #1056 ) ) ;
#4275 = EDGE_CURVE ( 'NONE', #8795, #8772, #8436, .T. ) ;
#4276 = CIRCLE ( 'NONE', #6843, 0.9999999999999971134 ) ;
#4277 = FILL_AREA_STYLE ('',( #4139 ) ) ;
#4278 = VERTEX_POINT ( 'NONE', #6547 ) ;
#4279 = ORIENTED_EDGE ( 'NONE', *, *, #8378, .F. ) ;
#4280 = VECTOR ( 'NONE', #7174, 1000.000000000000000 ) ;
#4281 = AXIS2_PLACEMENT_3D ( 'NONE', #6799, #8093, #4067 ) ;
#4282 = DIRECTION ( 'NONE',  ( 0.000000000000000000, -0.05233595624295107190, -0.9986295347545733891 ) ) ;
#4283 = EDGE_CURVE ( 'NONE', #7604, #3631, #7302, .T. ) ;
#4284 = LINE ( 'NONE', #7022, #7304 ) ;
#4285 = DIRECTION ( 'NONE',  ( 1.792995840802902438E-16, -1.000000000000000000, 0.000000000000000000 ) ) ;
#4286 =( NAMED_UNIT ( * ) PLANE_ANGLE_UNIT ( ) SI_UNIT ( $, .RADIAN. ) );
#4287 = COLOUR_RGB ( '',0.2980392156862745057, 0.2980392156862745057, 0.2980392156862745057 ) ;
#4288 = DIRECTION ( 'NONE',  ( -0.000000000000000000, -0.000000000000000000, 1.000000000000000000 ) ) ;
#4289 = PLANE ( 'NONE',  #1182 ) ;
#4290 = PLANE ( 'NONE',  #1051 ) ;
#4291 = CARTESIAN_POINT ( 'NONE',  ( -33.64999999999999858, 41.39379686615147591, -24.46495999482011996 ) ) ;
#4292 = PRESENTATION_LAYER_ASSIGNMENT (  '', '', ( #3425 ) ) ;
#4293 = ORIENTED_EDGE ( 'NONE', *, *, #3204, .F. ) ;
#4294 =( LENGTH_UNIT ( ) NAMED_UNIT ( * ) SI_UNIT ( .MILLI., .METRE. ) );
#4295 = ORIENTED_EDGE ( 'NONE', *, *, #4504, .F. ) ;
#4296 =( LENGTH_UNIT ( ) NAMED_UNIT ( * ) SI_UNIT ( .MILLI., .METRE. ) );
#4297 = PLANE ( 'NONE',  #3360 ) ;
#4298 = CARTESIAN_POINT ( 'NONE',  ( 39.19999999999998153, -72.12151163551486377, 14.85182430038964796 ) ) ;
#4299 = EDGE_CURVE ( 'NONE', #5918, #5958, #6712, .T. ) ;
#4300 = EDGE_CURVE ( 'NONE', #27, #4615, #3767, .T. ) ;
#4301 = UNCERTAINTY_MEASURE_WITH_UNIT (LENGTH_MEASURE( 1.000000000000000082E-05 ), #2744, 'distance_accuracy_value', 'NONE');
#4302 = ORIENTED_EDGE ( 'NONE', *, *, #4909, .F. ) ;
#4303 = CARTESIAN_POINT ( 'NONE',  ( -31.69999999999998508, -66.00000000000004263, 13.19999999999999929 ) ) ;
#4304 = CARTESIAN_POINT ( 'NONE',  ( 29.49999999999999289, -65.57133123440134170, 20.00000000000000000 ) ) ;
#4305 = CARTESIAN_POINT ( 'NONE',  ( -50.50000000000002132, 69.99999999999998579, 0.000000000000000000 ) ) ;
#4306 = PRESENTATION_LAYER_ASSIGNMENT (  '', '', ( #705 ) ) ;
#4307 = ORIENTED_EDGE ( 'NONE', *, *, #7036, .F. ) ;
#4308 = FACE_OUTER_BOUND ( 'NONE', #7295, .T. ) ;
#4309 = DIRECTION ( 'NONE',  ( 0.000000000000000000, -1.000000000000000000, 0.000000000000000000 ) ) ;
#4310 = ORIENTED_EDGE ( 'NONE', *, *, #6941, .F. ) ;
#4311 = EDGE_LOOP ( 'NONE', ( #4260, #3014, #3003, #1973 ) ) ;
#4312 = EDGE_CURVE ( 'NONE', #5194, #554, #2831, .T. ) ;
#4313 = VERTEX_POINT ( 'NONE', #3896 ) ;
#4314 = CARTESIAN_POINT ( 'NONE',  ( -31.00000000000002132, -43.63223080321709801, 10.99698514525794479 ) ) ;
#4315 = CARTESIAN_POINT ( 'NONE',  ( 42.70000000000000284, 57.00000000000002842, 4.499999999999997335 ) ) ;
#4316 = FACE_BOUND ( 'NONE', #1653, .T. ) ;
#4317 = VERTEX_POINT ( 'NONE', #5241 ) ;
#4318 = VECTOR ( 'NONE', #3109, 1000.000000000000000 ) ;
#4319 = CARTESIAN_POINT ( 'NONE',  ( -29.49999999999999289, -12.41379277605159004, -2.647767772941383324 ) ) ;
#4320 = ORIENTED_EDGE ( 'NONE', *, *, #7800, .T. ) ;
#4321 = CARTESIAN_POINT ( 'NONE',  ( 45.20000000000000284, 59.19999999999998863, 4.499999999999997335 ) ) ;
#4322 = ORIENTED_EDGE ( 'NONE', *, *, #2218, .T. ) ;
#4323 = EDGE_CURVE ( 'NONE', #6365, #4313, #5136, .T. ) ;
#4324 = ORIENTED_EDGE ( 'NONE', *, *, #263, .T. ) ;
#4325 = CARTESIAN_POINT ( 'NONE',  ( 36.14999999999999147, 51.46089017618015760, -16.82550388246705708 ) ) ;
#4326 = DIRECTION ( 'NONE',  ( -0.000000000000000000, -0.000000000000000000, 1.000000000000000000 ) ) ;
#4327 = DIRECTION ( 'NONE',  ( -1.000000000000000000, -2.059050306258300340E-15, -3.060297553652157875E-16 ) ) ;
#4328 = CARTESIAN_POINT ( 'NONE',  ( -45.20000000000000284, 59.19999999999996021, 4.499999999999997335 ) ) ;
#4329 = LINE ( 'NONE', #3664, #278 ) ;
#4330 = FACE_OUTER_BOUND ( 'NONE', #5313, .T. ) ;
#4331 = CYLINDRICAL_SURFACE ( 'NONE', #1786, 0.7500000000000006661 ) ;
#4332 = DIRECTION ( 'NONE',  ( -1.000000000000000000, 0.000000000000000000, -0.000000000000000000 ) ) ;
#4333 = EDGE_CURVE ( 'NONE', #7765, #8297, #4555, .T. ) ;
#4334 =( NAMED_UNIT ( * ) PLANE_ANGLE_UNIT ( ) SI_UNIT ( $, .RADIAN. ) );
#4335 = VECTOR ( 'NONE', #6744, 1000.000000000000114 ) ;
#4336 = ORIENTED_EDGE ( 'NONE', *, *, #3462, .T. ) ;
#4337 = CYLINDRICAL_SURFACE ( 'NONE', #3786, 1.649999999999988809 ) ;
#4338 = EDGE_LOOP ( 'NONE', ( #5717, #5624, #1532, #1331 ) ) ;
#4339 = FILL_AREA_STYLE ('',( #7559 ) ) ;
#4340 = CARTESIAN_POINT ( 'NONE',  ( 38.99999999999997868, 63.00000000000000000, 0.000000000000000000 ) ) ;
#4341 = ORIENTED_EDGE ( 'NONE', *, *, #3566, .F. ) ;
#4342 = DIRECTION ( 'NONE',  ( 9.912705577010325549E-17, -1.000000000000000000, 0.000000000000000000 ) ) ;
#4343 = VERTEX_POINT ( 'NONE', #2331 ) ;
#4344 = AXIS2_PLACEMENT_3D ( 'NONE', #3657, #1485, #6339 ) ;
#4345 = CARTESIAN_POINT ( 'NONE',  ( -39.00000000000002132, 62.99999999999997158, -1.000000000000000000 ) ) ;
#4346 =( GEOMETRIC_REPRESENTATION_CONTEXT ( 3 ) GLOBAL_UNCERTAINTY_ASSIGNED_CONTEXT ( ( #6656 ) ) GLOBAL_UNIT_ASSIGNED_CONTEXT ( ( #4294, #4111, #6357 ) ) REPRESENTATION_CONTEXT ( 'NONE', 'WORKASPACE' ) );
#4347 = CARTESIAN_POINT ( 'NONE',  ( -38.49999999999999289, -66.00000000000004263, 4.500000000000000000 ) ) ;
#4348 = ORIENTED_EDGE ( 'NONE', *, *, #5285, .T. ) ;
#4349 = FACE_OUTER_BOUND ( 'NONE', #5948, .T. ) ;
#4350 = EDGE_CURVE ( 'NONE', #598, #5785, #5072, .T. ) ;
#4351 = CYLINDRICAL_SURFACE ( 'NONE', #6375, 3.000000000000002665 ) ;
#4352 = DIRECTION ( 'NONE',  ( 0.000000000000000000, 0.000000000000000000, 1.000000000000000000 ) ) ;
#4353 = EDGE_CURVE ( 'NONE', #4924, #719, #348, .T. ) ;
#4354 = ORIENTED_EDGE ( 'NONE', *, *, #6896, .F. ) ;
#4355 = VECTOR ( 'NONE', #5514, 1000.000000000000000 ) ;
#4356 = CIRCLE ( 'NONE', #2608, 3.000000000000002665 ) ;
#4357 = ORIENTED_EDGE ( 'NONE', *, *, #8070, .F. ) ;
#4358 = PRODUCT_DEFINITION_SHAPE ( 'NONE', 'NONE',  #8282 ) ;
#4359 = ORIENTED_EDGE ( 'NONE', *, *, #7584, .F. ) ;
#4360 = SURFACE_SIDE_STYLE ('',( #4271 ) ) ;
#4361 = DIRECTION ( 'NONE',  ( 0.000000000000000000, 0.000000000000000000, -1.000000000000000000 ) ) ;
#4362 = FACE_BOUND ( 'NONE', #5437, .T. ) ;
#4363 = VERTEX_POINT ( 'NONE', #6133 ) ;
#4364 = AXIS2_PLACEMENT_3D ( 'NONE', #5276, #8670, #4501 ) ;
#4365 = PLANE ( 'NONE',  #5267 ) ;
#4366 = LINE ( 'NONE', #7100, #1716 ) ;
#4367 = ADVANCED_FACE ( 'NONE', ( #4783 ), #5335, .T. ) ;
#4368 = ORIENTED_EDGE ( 'NONE', *, *, #7570, .T. ) ;
#4369 = ORIENTED_EDGE ( 'NONE', *, *, #4386, .T. ) ;
#4370 = VECTOR ( 'NONE', #5567, 1000.000000000000000 ) ;
#4371 = ORIENTED_EDGE ( 'NONE', *, *, #7071, .F. ) ;
#4372 = CARTESIAN_POINT ( 'NONE',  ( 22.69999999999999929, 61.49999999999997868, 4.500000000000000000 ) ) ;
#4373 = CARTESIAN_POINT ( 'NONE',  ( -33.64999999999999858, -44.27328119778358229, -2.042597028628136524 ) ) ;
#4374 = EDGE_CURVE ( 'NONE', #1164, #3344, #7556, .T. ) ;
#4375 = DIRECTION ( 'NONE',  ( -0.000000000000000000, 0.05233595624294847676, 0.9986295347545736112 ) ) ;
#4376 = FACE_OUTER_BOUND ( 'NONE', #3647, .T. ) ;
#4377 = CARTESIAN_POINT ( 'NONE',  ( -38.70000000000000995, -60.77133123440135876, 31.99999999999998579 ) ) ;
#4378 = CARTESIAN_POINT ( 'NONE',  ( 17.99999999999999645, -63.50000000000002842, 8.044105107084975614 ) ) ;
#4379 = DIRECTION ( 'NONE',  ( -0.000000000000000000, -0.000000000000000000, 1.000000000000000000 ) ) ;
#4380 = CIRCLE ( 'NONE', #2932, 3.000000000000006217 ) ;
#4381 = ORIENTED_EDGE ( 'NONE', *, *, #178, .F. ) ;
#4382 = CARTESIAN_POINT ( 'NONE',  ( 30.89999999999999858, -72.12151163551486377, 14.85182430038964618 ) ) ;
#4383 = LINE ( 'NONE', #965, #3726 ) ;
#4384 = EDGE_CURVE ( 'NONE', #6376, #2414, #5852, .T. ) ;
#4385 = DIRECTION ( 'NONE',  ( 1.000000000000000000, 0.000000000000000000, 0.000000000000000000 ) ) ;
#4386 = EDGE_CURVE ( 'NONE', #6954, #1883, #7338, .T. ) ;
#4387 = ORIENTED_EDGE ( 'NONE', *, *, #7496, .T. ) ;
#4388 = DIRECTION ( 'NONE',  ( 0.000000000000000000, -0.9891347404802104393, -0.1470117858375541431 ) ) ;
#4389 = ORIENTED_EDGE ( 'NONE', *, *, #4900, .T. ) ;
#4390 = STYLED_ITEM ( 'NONE', ( #6382 ), #2397 ) ;
#4391 = DIRECTION ( 'NONE',  ( 8.659560562354940254E-17, -0.7998762163319506069, -0.6001650094319750384 ) ) ;
#4392 = ORIENTED_EDGE ( 'NONE', *, *, #1637, .F. ) ;
#4393 = AXIS2_PLACEMENT_3D ( 'NONE', #6280, #4891, #123 ) ;
#4394 = DIRECTION ( 'NONE',  ( 0.000000000000000000, 0.1470117858375537823, -0.9891347404802103283 ) ) ;
#4395 = DIRECTION ( 'NONE',  ( 0.000000000000000000, 0.000000000000000000, 1.000000000000000000 ) ) ;
#4396 = ORIENTED_EDGE ( 'NONE', *, *, #5123, .T. ) ;
#4397 = CARTESIAN_POINT ( 'NONE',  ( -19.19999999999998508, -66.00000000000002842, -6.331132676734938514 ) ) ;
#4398 = DIRECTION ( 'NONE',  ( 0.000000000000000000, 0.000000000000000000, -1.000000000000000000 ) ) ;
#4399 = AXIS2_PLACEMENT_3D ( 'NONE', #6870, #714, #3459 ) ;
#4400 = LINE ( 'NONE', #5074, #1334 ) ;
#4401 = DIRECTION ( 'NONE',  ( -0.000000000000000000, -0.1470117858375538933, 0.9891347404802104393 ) ) ;
#4402 = ORIENTED_EDGE ( 'NONE', *, *, #6411, .T. ) ;
#4403 =( GEOMETRIC_REPRESENTATION_CONTEXT ( 3 ) GLOBAL_UNCERTAINTY_ASSIGNED_CONTEXT ( ( #8057 ) ) GLOBAL_UNIT_ASSIGNED_CONTEXT ( ( #8571, #7774, #1746 ) ) REPRESENTATION_CONTEXT ( 'NONE', 'WORKASPACE' ) );
#4404 = VERTEX_POINT ( 'NONE', #689 ) ;
#4405 = AXIS2_PLACEMENT_3D ( 'NONE', #6332, #2206, #5664 ) ;
#4406 = EDGE_CURVE ( 'NONE', #440, #8706, #4030, .T. ) ;
#4407 = EDGE_LOOP ( 'NONE', ( #6609, #3531 ) ) ;
#4408 = ADVANCED_FACE ( 'NONE', ( #563 ), #1907, .T. ) ;
#4409 = CARTESIAN_POINT ( 'NONE',  ( -17.99999999999999645, 52.41275249741134701, 25.27182955008442278 ) ) ;
#4410 = DIRECTION ( 'NONE',  ( -1.000000000000000000, 0.000000000000000000, 0.000000000000000000 ) ) ;
#4411 = EDGE_LOOP ( 'NONE', ( #2630, #1790, #4896 ) ) ;
#4412 = VECTOR ( 'NONE', #1656, 1000.000000000000000 ) ;
#4413 = DIRECTION ( 'NONE',  ( 0.000000000000000000, 0.9899786446783979121, -0.1412171486779218166 ) ) ;
#4414 = ORIENTED_EDGE ( 'NONE', *, *, #1997, .F. ) ;
#4415 = VECTOR ( 'NONE', #4038, 1000.000000000000114 ) ;
#4416 = ORIENTED_EDGE ( 'NONE', *, *, #8511, .T. ) ;
#4417 = EDGE_CURVE ( 'NONE', #7247, #3996, #1950, .T. ) ;
#4418 = EDGE_LOOP ( 'NONE', ( #890, #3503, #5762, #1619, #4322, #6298, #8386, #975 ) ) ;
#4419 = EDGE_CURVE ( 'NONE', #2380, #790, #2542, .T. ) ;
#4420 = DIRECTION ( 'NONE',  ( -0.000000000000000000, -0.9986295347545737222, 0.05233595624294713061 ) ) ;
#4421 = VECTOR ( 'NONE', #1673, 1000.000000000000114 ) ;
#4422 = CARTESIAN_POINT ( 'NONE',  ( 19.44999999999995310, -57.75000000000000711, 8.898708361799847921 ) ) ;
#4423 = CARTESIAN_POINT ( 'NONE',  ( -17.99999999999999645, -56.50000000000004263, 1.000000000000000888 ) ) ;
#4424 = VECTOR ( 'NONE', #574, 1000.000000000000000 ) ;
#4425 = COLOUR_RGB ( '',0.1019607843137254888, 0.1019607843137254888, 0.1019607843137254888 ) ;
#4426 =( NAMED_UNIT ( * ) PLANE_ANGLE_UNIT ( ) SI_UNIT ( $, .RADIAN. ) );
#4427 = ADVANCED_FACE ( 'NONE', ( #3340 ), #5421, .F. ) ;
#4428 = ORIENTED_EDGE ( 'NONE', *, *, #7129, .T. ) ;
#4429 =( LENGTH_UNIT ( ) NAMED_UNIT ( * ) SI_UNIT ( .MILLI., .METRE. ) );
#4430 = DIRECTION ( 'NONE',  ( 0.000000000000000000, 0.000000000000000000, 1.000000000000000000 ) ) ;
#4431 = VERTEX_POINT ( 'NONE', #7510 ) ;
#4432 = DIRECTION ( 'NONE',  ( 0.000000000000000000, -0.9891347404802104393, -0.1470117858375538100 ) ) ;
#4433 = CARTESIAN_POINT ( 'NONE',  ( -29.50000000000000000, -65.57133123440134170, 20.00000000000000000 ) ) ;
#4434 = DIRECTION ( 'NONE',  ( -0.000000000000000000, -0.1470117858375538933, 0.9891347404802104393 ) ) ;
#4435 = CIRCLE ( 'NONE', #1704, 4.000000000000003553 ) ;
#4436 = EDGE_CURVE ( 'NONE', #3123, #2347, #6085, .T. ) ;
#4437 = VERTEX_POINT ( 'NONE', #2583 ) ;
#4438 = DIRECTION ( 'NONE',  ( -0.000000000000000000, -0.000000000000000000, 1.000000000000000000 ) ) ;
#4439 = ORIENTED_EDGE ( 'NONE', *, *, #5685, .T. ) ;
#4440 = DIRECTION ( 'NONE',  ( 0.000000000000000000, 0.000000000000000000, 1.000000000000000000 ) ) ;
#4441 = PRESENTATION_STYLE_ASSIGNMENT (( #349 ) ) ;
#4442 = CIRCLE ( 'NONE', #7589, 2.024999999999999023 ) ;
#4443 = DIRECTION ( 'NONE',  ( 1.000000000000000000, 0.000000000000000000, 0.000000000000000000 ) ) ;
#4444 = ORIENTED_EDGE ( 'NONE', *, *, #2217, .T. ) ;
#4445 = ORIENTED_EDGE ( 'NONE', *, *, #3076, .T. ) ;
#4446 = EDGE_CURVE ( 'NONE', #878, #4584, #7010, .T. ) ;
#4447 = MECHANICAL_DESIGN_GEOMETRIC_PRESENTATION_REPRESENTATION (  '', ( #5161 ), #2709 ) ;
#4448 = ORIENTED_EDGE ( 'NONE', *, *, #17, .T. ) ;
#4449 = DIRECTION ( 'NONE',  ( -1.000000000000000000, -0.000000000000000000, -0.000000000000000000 ) ) ;
#4450 = CARTESIAN_POINT ( 'NONE',  ( -36.15000000000000568, -48.21071910140726402, 10.31649975372624084 ) ) ;
#4451 = DIRECTION ( 'NONE',  ( -0.000000000000000000, 0.000000000000000000, 1.000000000000000000 ) ) ;
#4452 = ORIENTED_EDGE ( 'NONE', *, *, #4504, .T. ) ;
#4453 = DIRECTION ( 'NONE',  ( -1.000000000000000000, 4.080396738202869349E-18, -2.745400408344395322E-17 ) ) ;
#4454 =( NAMED_UNIT ( * ) PLANE_ANGLE_UNIT ( ) SI_UNIT ( $, .RADIAN. ) );
#4455 = CARTESIAN_POINT ( 'NONE',  ( -31.69999999999998508, -66.00000000000004263, -6.331132676734938514 ) ) ;
#4456 = ORIENTED_EDGE ( 'NONE', *, *, #3462, .F. ) ;
#4457 = ORIENTED_EDGE ( 'NONE', *, *, #624, .T. ) ;
#4458 = ORIENTED_EDGE ( 'NONE', *, *, #8534, .F. ) ;
#4459 = DIRECTION ( 'NONE',  ( -0.000000000000000000, -0.1412171486779216778, -0.9899786446783979121 ) ) ;
#4460 = VECTOR ( 'NONE', #7821, 1000.000000000000000 ) ;
#4461 = CARTESIAN_POINT ( 'NONE',  ( 34.64999999999999147, -69.35617686809909799, 24.66873520263527197 ) ) ;
#4462 = LINE ( 'NONE', #6528, #5549 ) ;
#4463 = PLANE ( 'NONE',  #4150 ) ;
#4464 = EDGE_CURVE ( 'NONE', #7935, #7014, #1993, .T. ) ;
#4465 = EDGE_CURVE ( 'NONE', #1157, #287, #8061, .T. ) ;
#4466 = CARTESIAN_POINT ( 'NONE',  ( -24.49999999999999645, 61.49999999999997158, 4.500000000000000000 ) ) ;
#4467 = CARTESIAN_POINT ( 'NONE',  ( -33.64999999999999858, 41.39379686615147591, -24.46495999482011996 ) ) ;
#4468 = CARTESIAN_POINT ( 'NONE',  ( 46.89999999999999858, -59.00000000000003553, 22.49999999999998579 ) ) ;
#4469 = VECTOR ( 'NONE', #6142, 1000.000000000000114 ) ;
#4470 = FILL_AREA_STYLE ('',( #4549 ) ) ;
#4471 = CARTESIAN_POINT ( 'NONE',  ( 50.49999999999999289, -56.00000000000003553, 22.49999999999998579 ) ) ;
#4472 = ORIENTED_EDGE ( 'NONE', *, *, #7671, .F. ) ;
#4473 = CARTESIAN_POINT ( 'NONE',  ( -33.64999999999999858, -45.90674596150292786, -1.809588733309567710 ) ) ;
#4474 = ADVANCED_FACE ( 'NONE', ( #8018 ), #6805, .T. ) ;
#4475 = ORIENTED_EDGE ( 'NONE', *, *, #3076, .F. ) ;
#4476 = CARTESIAN_POINT ( 'NONE',  ( -31.45000000000002061, -57.75000000000003553, 8.898708361799847921 ) ) ;
#4477 = DIRECTION ( 'NONE',  ( -0.000000000000000000, -0.1412171486779217056, -0.9899786446783980232 ) ) ;
#4478 = ORIENTED_EDGE ( 'NONE', *, *, #1308, .T. ) ;
#4479 = CARTESIAN_POINT ( 'NONE',  ( 52.79999999999999005, 58.95803989154976676, 21.09999999999998721 ) ) ;
#4480 = VECTOR ( 'NONE', #2489, 1000.000000000000000 ) ;
#4481 = DIRECTION ( 'NONE',  ( -0.000000000000000000, -0.9986295347545737222, 0.05233595624294713061 ) ) ;
#4482 = LINE ( 'NONE', #1780, #7759 ) ;
#4483 = ADVANCED_FACE ( 'NONE', ( #639 ), #7380, .T. ) ;
#4484 = ORIENTED_EDGE ( 'NONE', *, *, #5312, .F. ) ;
#4485 = AXIS2_PLACEMENT_3D ( 'NONE', #5536, #3564, #7734 ) ;
#4486 = ORIENTED_EDGE ( 'NONE', *, *, #3597, .F. ) ;
#4487 = FILL_AREA_STYLE ('',( #7900 ) ) ;
#4488 = ORIENTED_EDGE ( 'NONE', *, *, #8150, .T. ) ;
#4489 = PRESENTATION_STYLE_ASSIGNMENT (( #447 ) ) ;
#4490 = EDGE_CURVE ( 'NONE', #5131, #2664, #7655, .T. ) ;
#4491 = ORIENTED_EDGE ( 'NONE', *, *, #7704, .F. ) ;
#4492 = VECTOR ( 'NONE', #4254, 1000.000000000000000 ) ;
#4493 = VERTEX_POINT ( 'NONE', #6359 ) ;
#4494 = ORIENTED_EDGE ( 'NONE', *, *, #2762, .T. ) ;
#4495 = VECTOR ( 'NONE', #5594, 1000.000000000000000 ) ;
#4496 = CARTESIAN_POINT ( 'NONE',  ( 50.50000000000000000, -65.00000000000002842, 19.99999999999997868 ) ) ;
#4497 = DIRECTION ( 'NONE',  ( 0.5053284346926683046, -0.4051197323511924742, -0.7619194022669036892 ) ) ;
#4498 = CARTESIAN_POINT ( 'NONE',  ( 38.65000000000000568, -45.64661796867636667, -11.67013934812555753 ) ) ;
#4499 = LINE ( 'NONE', #3749, #991 ) ;
#4500 = DIRECTION ( 'NONE',  ( 1.000000000000000000, 0.000000000000000000, 0.000000000000000000 ) ) ;
#4501 = DIRECTION ( 'NONE',  ( 1.810146235801888476E-15, 1.000000000000000000, 0.000000000000000000 ) ) ;
#4502 = ADVANCED_FACE ( 'NONE', ( #5020 ), #157, .F. ) ;
#4503 = DIRECTION ( 'NONE',  ( 0.000000000000000000, 0.9899786446783979121, -0.1412171486779224550 ) ) ;
#4504 = EDGE_CURVE ( 'NONE', #1745, #4862, #3715, .T. ) ;
#4505 = CONICAL_SURFACE ( 'NONE', #925, 2.024999999999999023, 0.7853981633974442822 ) ;
#4506 = SURFACE_STYLE_USAGE ( .BOTH. , #291 ) ;
#4507 = PLANE ( 'NONE',  #2821 ) ;
#4508 = LINE ( 'NONE', #7123, #2925 ) ;
#4509 = FILL_AREA_STYLE ('',( #6583 ) ) ;
#4510 = FACE_OUTER_BOUND ( 'NONE', #7762, .T. ) ;
#4511 = EDGE_LOOP ( 'NONE', ( #852, #6183, #6140, #3261 ) ) ;
#4512 = EDGE_CURVE ( 'NONE', #3928, #2644, #2184, .T. ) ;
#4513 = VERTEX_POINT ( 'NONE', #7752 ) ;
#4514 = FACE_BOUND ( 'NONE', #3866, .T. ) ;
#4515 = DIRECTION ( 'NONE',  ( 1.000000000000000000, 0.000000000000000000, 0.000000000000000000 ) ) ;
#4516 = DIRECTION ( 'NONE',  ( 1.000000000000000000, 0.000000000000000000, 0.000000000000000000 ) ) ;
#4517 = CARTESIAN_POINT ( 'NONE',  ( -24.49999999999999289, 54.17689392746199673, 13.40221266432188862 ) ) ;
#4518 = ORIENTED_EDGE ( 'NONE', *, *, #7865, .F. ) ;
#4519 = FILL_AREA_STYLE ('',( #944 ) ) ;
#4520 = EDGE_LOOP ( 'NONE', ( #8184, #6340, #6046, #706 ) ) ;
#4521 = AXIS2_PLACEMENT_3D ( 'NONE', #8654, #611, #1962 ) ;
#4522 = ORIENTED_EDGE ( 'NONE', *, *, #341, .T. ) ;
#4523 = EDGE_CURVE ( 'NONE', #3170, #385, #2778, .T. ) ;
#4524 =( LENGTH_UNIT ( ) NAMED_UNIT ( * ) SI_UNIT ( .MILLI., .METRE. ) );
#4525 = DIRECTION ( 'NONE',  ( 0.7032338576427612509, -0.7109586074202074446, -0.000000000000000000 ) ) ;
#4526 = DIRECTION ( 'NONE',  ( -0.000000000000000000, 3.083952846180990774E-16, -1.000000000000000000 ) ) ;
#4527 = EDGE_LOOP ( 'NONE', ( #6696, #1875, #3055, #4663 ) ) ;
#4528 = VECTOR ( 'NONE', #465, 1000.000000000000000 ) ;
#4529 = CARTESIAN_POINT ( 'NONE',  ( -40.20000000000000284, 57.00000000000000000, 44.00000000000000711 ) ) ;
#4530 = DIRECTION ( 'NONE',  ( 1.000000000000000000, 0.000000000000000000, 0.000000000000000000 ) ) ;
#4531 = ORIENTED_EDGE ( 'NONE', *, *, #5708, .T. ) ;
#4532 = VECTOR ( 'NONE', #255, 1000.000000000000000 ) ;
#4533 = VECTOR ( 'NONE', #6302, 999.9999999999998863 ) ;
#4534 = VERTEX_POINT ( 'NONE', #3483 ) ;
#4535 = ORIENTED_EDGE ( 'NONE', *, *, #2346, .F. ) ;
#4536 = ADVANCED_FACE ( 'NONE', ( #4969, #3628 ), #6176, .T. ) ;
#4537 = VECTOR ( 'NONE', #2774, 1000.000000000000000 ) ;
#4538 = DIRECTION ( 'NONE',  ( 0.000000000000000000, 0.000000000000000000, -1.000000000000000000 ) ) ;
#4539 = ORIENTED_EDGE ( 'NONE', *, *, #7729, .T. ) ;
#4540 = DIRECTION ( 'NONE',  ( -0.000000000000000000, -0.8829475928589253231, 0.4694715627858939144 ) ) ;
#4541 = CARTESIAN_POINT ( 'NONE',  ( 43.50000000000000000, -61.00000000000004974, 10.94313326496945038 ) ) ;
#4542 = CARTESIAN_POINT ( 'NONE',  ( -33.64999999999999858, 44.82479682327223713, -14.75214040964108975 ) ) ;
#4543 = CONICAL_SURFACE ( 'NONE', #659, 1.649999999999982148, 1.029744258676648538 ) ;
#4544 = FACE_BOUND ( 'NONE', #8536, .T. ) ;
#4545 = VECTOR ( 'NONE', #3820, 1000.000000000000000 ) ;
#4546 = ADVANCED_FACE ( 'NONE', ( #6216 ), #2797, .T. ) ;
#4547 = CARTESIAN_POINT ( 'NONE',  ( 43.50000000000000000, 52.41275249741134701, 25.27182955008442278 ) ) ;
#4548 = AXIS2_PLACEMENT_3D ( 'NONE', #641, #6806, #2893 ) ;
#4549 = FILL_AREA_STYLE_COLOUR ( '', #7735 ) ;
#4550 = CARTESIAN_POINT ( 'NONE',  ( -33.64999999999999858, -45.69957439943059541, -12.04138133987995829 ) ) ;
#4551 = VERTEX_POINT ( 'NONE', #7246 ) ;
#4552 = AXIS2_PLACEMENT_3D ( 'NONE', #5585, #2695, #1301 ) ;
#4553 = CARTESIAN_POINT ( 'NONE',  ( -45.24561995595536956, -72.64268000749962084, 6.818071618157958369 ) ) ;
#4554 = CARTESIAN_POINT ( 'NONE',  ( -46.50000000000002132, -70.00000000000002842, 0.000000000000000000 ) ) ;
#4555 = CIRCLE ( 'NONE', #679, 3.000000000000002665 ) ;
#4556 = AXIS2_PLACEMENT_3D ( 'NONE', #2277, #8502, #3623 ) ;
#4557 = ORIENTED_EDGE ( 'NONE', *, *, #6360, .T. ) ;
#4558 = DIRECTION ( 'NONE',  ( 1.000000000000000000, 0.000000000000000000, 0.000000000000000000 ) ) ;
#4559 = DIRECTION ( 'NONE',  ( 0.000000000000000000, -0.9891347404802104393, -0.1470117858375539210 ) ) ;
#4560 = VERTEX_POINT ( 'NONE', #7919 ) ;
#4561 = CARTESIAN_POINT ( 'NONE',  ( 38.69999999999997442, 64.22866876559864124, 31.89999999999998437 ) ) ;
#4562 = CARTESIAN_POINT ( 'NONE',  ( -28.99999999999999289, -50.92370345117245023, 12.44073949559558123 ) ) ;
#4563 = PLANE ( 'NONE',  #1279 ) ;
#4564 = EDGE_LOOP ( 'NONE', ( #3085, #5490, #1284, #360 ) ) ;
#4565 = STYLED_ITEM ( 'NONE', ( #1504 ), #4502 ) ;
#4566 = AXIS2_PLACEMENT_3D ( 'NONE', #1042, #6621, #5139 ) ;
#4567 = ADVANCED_FACE ( 'NONE', ( #376 ), #1726, .T. ) ;
#4568 = CARTESIAN_POINT ( 'NONE',  ( -38.70000000000000995, -60.77133123440135876, 31.89999999999998437 ) ) ;
#4569 = ADVANCED_FACE ( 'NONE', ( #5857 ), #6453, .T. ) ;
#4570 = ORIENTED_EDGE ( 'NONE', *, *, #6815, .T. ) ;
#4571 = ORIENTED_EDGE ( 'NONE', *, *, #7419, .F. ) ;
#4572 = CARTESIAN_POINT ( 'NONE',  ( 38.65000000000000568, -42.63981643406424382, -2.275605323946704672 ) ) ;
#4573 = PRESENTATION_STYLE_ASSIGNMENT (( #1834 ) ) ;
#4574 = STYLED_ITEM ( 'NONE', ( #2655 ), #4670 ) ;
#4575 = ORIENTED_EDGE ( 'NONE', *, *, #2988, .F. ) ;
#4576 = CARTESIAN_POINT ( 'NONE',  ( -50.50000000000002132, 65.99999999999995737, -1.000000000000000000 ) ) ;
#4577 = ORIENTED_EDGE ( 'NONE', *, *, #1869, .F. ) ;
#4578 = ADVANCED_FACE ( 'NONE', ( #334 ), #7879, .T. ) ;
#4579 = CIRCLE ( 'NONE', #5446, 0.7500000000000006661 ) ;
#4580 = ORIENTED_EDGE ( 'NONE', *, *, #7593, .T. ) ;
#4581 = ORIENTED_EDGE ( 'NONE', *, *, #6553, .F. ) ;
#4582 = CARTESIAN_POINT ( 'NONE',  ( 41.69999999999998153, 64.22866876559862703, 31.99999999999998579 ) ) ;
#4583 = UNCERTAINTY_MEASURE_WITH_UNIT (LENGTH_MEASURE( 1.000000000000000082E-05 ), #1535, 'distance_accuracy_value', 'NONE');
#4584 = VERTEX_POINT ( 'NONE', #6535 ) ;
#4585 = FACE_OUTER_BOUND ( 'NONE', #7467, .T. ) ;
#4586 = LINE ( 'NONE', #4009, #8685 ) ;
#4587 = FACE_OUTER_BOUND ( 'NONE', #8052, .T. ) ;
#4588 = AXIS2_PLACEMENT_3D ( 'NONE', #6336, #179, #5043 ) ;
#4589 = LINE ( 'NONE', #457, #6872 ) ;
#4590 = DIRECTION ( 'NONE',  ( -0.7032338576427611399, 0.7109586074202074446, 0.000000000000000000 ) ) ;
#4591 = ADVANCED_FACE ( 'NONE', ( #7164 ), #5898, .T. ) ;
#4592 = DIRECTION ( 'NONE',  ( 0.05226442768871858435, -0.05226442768871863293, 0.9972646886342367845 ) ) ;
#4593 = PRESENTATION_LAYER_ASSIGNMENT (  '', '', ( #142 ) ) ;
#4594 =( LENGTH_UNIT ( ) NAMED_UNIT ( * ) SI_UNIT ( .MILLI., .METRE. ) );
#4595 = CARTESIAN_POINT ( 'NONE',  ( 34.00000000000000711, 52.41275249741134701, 25.27182955008442278 ) ) ;
#4596 = FACE_OUTER_BOUND ( 'NONE', #3651, .T. ) ;
#4597 = DIRECTION ( 'NONE',  ( -1.000000000000000000, 0.000000000000000000, 0.000000000000000000 ) ) ;
#4598 = LINE ( 'NONE', #3074, #3048 ) ;
#4599 = EDGE_CURVE ( 'NONE', #7247, #8831, #4383, .T. ) ;
#4600 =( LENGTH_UNIT ( ) NAMED_UNIT ( * ) SI_UNIT ( .MILLI., .METRE. ) );
#4601 = VECTOR ( 'NONE', #1618, 1000.000000000000000 ) ;
#4602 = ORIENTED_EDGE ( 'NONE', *, *, #432, .F. ) ;
#4603 = ORIENTED_EDGE ( 'NONE', *, *, #264, .T. ) ;
#4604 = DIRECTION ( 'NONE',  ( 1.000000000000000000, 0.000000000000000000, 0.000000000000000000 ) ) ;
#4605 = DIRECTION ( 'NONE',  ( 0.000000000000000000, -0.05233595624294712367, -0.9986295347545737222 ) ) ;
#4606 = DIRECTION ( 'NONE',  ( 0.000000000000000000, -2.434699615406044823E-15, -1.000000000000000000 ) ) ;
#4607 = CARTESIAN_POINT ( 'NONE',  ( -35.50000000000000000, -53.00000000000002132, -11.00000000000001066 ) ) ;
#4608 = ORIENTED_EDGE ( 'NONE', *, *, #3511, .F. ) ;
#4609 = CARTESIAN_POINT ( 'NONE',  ( 42.50000000000000000, -65.00000000000002842, -1.000000000000000000 ) ) ;
#4610 = VERTEX_POINT ( 'NONE', #7415 ) ;
#4611 = ORIENTED_EDGE ( 'NONE', *, *, #6492, .F. ) ;
#4612 = CARTESIAN_POINT ( 'NONE',  ( -29.50000000000000355, -71.95184441433913491, 20.00000000000000000 ) ) ;
#4613 = VECTOR ( 'NONE', #2351, 1000.000000000000000 ) ;
#4614 = CARTESIAN_POINT ( 'NONE',  ( -32.99999999999999289, 47.39628975256046317, 27.05371100784843108 ) ) ;
#4615 = VERTEX_POINT ( 'NONE', #8088 ) ;
#4616 = EDGE_CURVE ( 'NONE', #7315, #2866, #6120, .T. ) ;
#4617 = ADVANCED_FACE ( 'NONE', ( #2573 ), #6750, .T. ) ;
#4618 = CARTESIAN_POINT ( 'NONE',  ( -50.50000000000000711, -64.99999999999997158, 0.000000000000000000 ) ) ;
#4619 = DIRECTION ( 'NONE',  ( -0.000000000000000000, -0.1470117858375539210, 0.9891347404802105503 ) ) ;
#4620 = SURFACE_SIDE_STYLE ('',( #575 ) ) ;
#4621 = ORIENTED_EDGE ( 'NONE', *, *, #8712, .T. ) ;
#4622 = CLOSED_SHELL ( 'NONE', ( #75, #3214, #6734, #8674, #3540, #5801, #653, #2564, #7786, #8865, #4483, #7252, #2423, #1613, #2130, #1054, #7984, #3748 ) ) ;
#4623 = EDGE_LOOP ( 'NONE', ( #1508, #2540, #7973, #6404, #4456 ) ) ;
#4624 = ORIENTED_EDGE ( 'NONE', *, *, #7307, .T. ) ;
#4625 = CARTESIAN_POINT ( 'NONE',  ( 54.05000000000000426, 55.99999999999995026, 23.60000000000000853 ) ) ;
#4626 = ORIENTED_EDGE ( 'NONE', *, *, #3966, .T. ) ;
#4627 = PRESENTATION_STYLE_ASSIGNMENT (( #3193 ) ) ;
#4628 = EDGE_CURVE ( 'NONE', #3387, #2300, #5863, .T. ) ;
#4629 = AXIS2_PLACEMENT_3D ( 'NONE', #5630, #3609, #2829 ) ;
#4630 = CYLINDRICAL_SURFACE ( 'NONE', #5971, 2.300000000000004263 ) ;
#4631 = LINE ( 'NONE', #1848, #1456 ) ;
#4632 = PRESENTATION_LAYER_ASSIGNMENT (  '', '', ( #1321 ) ) ;
#4633 = DIRECTION ( 'NONE',  ( 0.000000000000000000, 0.9891347404802104393, 0.1470117858375539210 ) ) ;
#4634 = AXIS2_PLACEMENT_3D ( 'NONE', #6810, #1412, #605 ) ;
#4635 = APPLICATION_PROTOCOL_DEFINITION ( 'draft international standard', 'automotive_design', 1998, #4682 ) ;
#4636 = DIRECTION ( 'NONE',  ( 0.000000000000000000, 0.9891347404802103283, 0.1470117858375540043 ) ) ;
#4637 = EDGE_CURVE ( 'NONE', #4698, #1469, #3330, .T. ) ;
#4638 = DIRECTION ( 'NONE',  ( 0.000000000000000000, 0.000000000000000000, 1.000000000000000000 ) ) ;
#4639 = CARTESIAN_POINT ( 'NONE',  ( 50.49999999999999289, -70.00000000000001421, 4.500000000000000000 ) ) ;
#4640 =( NAMED_UNIT ( * ) SI_UNIT ( $, .STERADIAN. ) SOLID_ANGLE_UNIT ( ) );
#4641 = MECHANICAL_DESIGN_GEOMETRIC_PRESENTATION_REPRESENTATION (  '', ( #2355 ), #913 ) ;
#4642 = EDGE_LOOP ( 'NONE', ( #3434, #5773, #572, #1597 ) ) ;
#4643 = PLANE ( 'NONE',  #3945 ) ;
#4644 =( LENGTH_UNIT ( ) NAMED_UNIT ( * ) SI_UNIT ( .MILLI., .METRE. ) );
#4645 = MECHANICAL_DESIGN_GEOMETRIC_PRESENTATION_REPRESENTATION (  '', ( #2769 ), #6944 ) ;
#4646 = UNCERTAINTY_MEASURE_WITH_UNIT (LENGTH_MEASURE( 1.000000000000000082E-05 ), #7031, 'distance_accuracy_value', 'NONE');
#4647 = ORIENTED_EDGE ( 'NONE', *, *, #1925, .F. ) ;
#4648 = EDGE_CURVE ( 'NONE', #5791, #5918, #6708, .T. ) ;
#4649 = DIRECTION ( 'NONE',  ( 0.000000000000000000, 0.000000000000000000, 1.000000000000000000 ) ) ;
#4650 = EDGE_CURVE ( 'NONE', #2664, #3178, #552, .T. ) ;
#4651 = EDGE_LOOP ( 'NONE', ( #2811, #1272, #2895, #72 ) ) ;
#4652 = DIRECTION ( 'NONE',  ( 0.000000000000000000, 0.000000000000000000, 1.000000000000000000 ) ) ;
#4653 = DIRECTION ( 'NONE',  ( 0.000000000000000000, -0.9891347404802104393, -0.1470117858375531439 ) ) ;
#4654 = EDGE_LOOP ( 'NONE', ( #3529, #3307, #5149, #4647 ) ) ;
#4655 = VECTOR ( 'NONE', #4606, 1000.000000000000000 ) ;
#4656 = CYLINDRICAL_SURFACE ( 'NONE', #8775, 3.000000000000002665 ) ;
#4657 = EDGE_LOOP ( 'NONE', ( #8779, #8277, #5388, #812 ) ) ;
#4658 = ORIENTED_EDGE ( 'NONE', *, *, #4192, .T. ) ;
#4659 = VECTOR ( 'NONE', #8679, 999.9999999999998863 ) ;
#4660 = DIRECTION ( 'NONE',  ( 0.000000000000000000, 0.05233595624294711673, 0.9986295347545737222 ) ) ;
#4661 = CARTESIAN_POINT ( 'NONE',  ( 19.19999999999997442, -60.25000000000001421, 11.05460325471486982 ) ) ;
#4662 = DIRECTION ( 'NONE',  ( -1.374038396813312538E-16, 1.000000000000000000, 0.000000000000000000 ) ) ;
#4663 = ORIENTED_EDGE ( 'NONE', *, *, #7267, .T. ) ;
#4664 = FACE_OUTER_BOUND ( 'NONE', #4880, .T. ) ;
#4665 = DIRECTION ( 'NONE',  ( -0.000000000000000000, -0.1412171486779216778, -0.9899786446783979121 ) ) ;
#4666 = FACE_OUTER_BOUND ( 'NONE', #1430, .T. ) ;
#4667 = EDGE_LOOP ( 'NONE', ( #1196, #5438, #919, #2533 ) ) ;
#4668 = MECHANICAL_DESIGN_GEOMETRIC_PRESENTATION_REPRESENTATION (  '', ( #4390 ), #1219 ) ;
#4669 = ORIENTED_EDGE ( 'NONE', *, *, #3661, .F. ) ;
#4670 = ADVANCED_FACE ( 'NONE', ( #1898 ), #5940, .T. ) ;
#4671 = EDGE_CURVE ( 'NONE', #6062, #5876, #1411, .T. ) ;
#4672 = EDGE_LOOP ( 'NONE', ( #3207, #1969, #6368, #6386 ) ) ;
#4673 = DIRECTION ( 'NONE',  ( -0.000000000000000000, -0.000000000000000000, 1.000000000000000000 ) ) ;
#4674 = MECHANICAL_DESIGN_GEOMETRIC_PRESENTATION_REPRESENTATION (  '', ( #7387 ), #3538 ) ;
#4675 = CARTESIAN_POINT ( 'NONE',  ( 50.49999999999998579, 65.20526680779792628, 3.235088935932651122 ) ) ;
#4676 = FILL_AREA_STYLE_COLOUR ( '', #1202 ) ;
#4677 = EDGE_CURVE ( 'NONE', #2956, #6919, #8675, .T. ) ;
#4678 = ADVANCED_FACE ( 'NONE', ( #5367 ), #4061, .F. ) ;
#4679 = VECTOR ( 'NONE', #2519, 1000.000000000000000 ) ;
#4680 = CARTESIAN_POINT ( 'NONE',  ( 42.49999999999995026, -73.00000000000002842, -1.000000000000000000 ) ) ;
#4681 = VECTOR ( 'NONE', #7402, 1000.000000000000114 ) ;
#4682 = APPLICATION_CONTEXT ( 'automotive_design' ) ;
#4683 = CARTESIAN_POINT ( 'NONE',  ( 40.99999999999999289, -1.439532382430156243, 9.685560116120839780 ) ) ;
#4684 = CARTESIAN_POINT ( 'NONE',  ( -33.64999999999999858, 41.76503885790588555, -24.51791642557434514 ) ) ;
#4685 = DIRECTION ( 'NONE',  ( 0.7071067811865462405, 0.7000206128819643769, -0.09985560344998725690 ) ) ;
#4686 = VECTOR ( 'NONE', #81, 1000.000000000000000 ) ;
#4687 = PLANE ( 'NONE',  #8546 ) ;
#4688 = CARTESIAN_POINT ( 'NONE',  ( 38.65000000000000568, -44.13327568921990718, -1.061112379540015249 ) ) ;
#4689 = PLANE ( 'NONE',  #7795 ) ;
#4690 = EDGE_CURVE ( 'NONE', #2214, #7481, #4188, .T. ) ;
#4691 = CYLINDRICAL_SURFACE ( 'NONE', #3122, 1.649999999999989031 ) ;
#4692 = ORIENTED_EDGE ( 'NONE', *, *, #5067, .F. ) ;
#4693 = ORIENTED_EDGE ( 'NONE', *, *, #6012, .T. ) ;
#4694 = MECHANICAL_DESIGN_GEOMETRIC_PRESENTATION_REPRESENTATION (  '', ( #3561 ), #4996 ) ;
#4695 = DIRECTION ( 'NONE',  ( -1.000000000000000000, 0.000000000000000000, 0.000000000000000000 ) ) ;
#4696 = DIRECTION ( 'NONE',  ( -0.000000000000000000, -0.1412171486779217056, -0.9899786446783980232 ) ) ;
#4697 = SURFACE_STYLE_USAGE ( .BOTH. , #3257 ) ;
#4698 = VERTEX_POINT ( 'NONE', #2786 ) ;
#4699 = EDGE_CURVE ( 'NONE', #7223, #5714, #2225, .T. ) ;
#4700 = ORIENTED_EDGE ( 'NONE', *, *, #2737, .T. ) ;
#4701 = ORIENTED_EDGE ( 'NONE', *, *, #3915, .T. ) ;
#4702 = CARTESIAN_POINT ( 'NONE',  ( 38.50000000000000000, -63.50000000000004263, 0.000000000000000000 ) ) ;
#4703 = CARTESIAN_POINT ( 'NONE',  ( -40.20000000000000284, 59.19999999999996021, 4.499999999999997335 ) ) ;
#4704 = CARTESIAN_POINT ( 'NONE',  ( 50.49999999999999289, -66.00000000000001421, 4.500000000000000000 ) ) ;
#4705 = ORIENTED_EDGE ( 'NONE', *, *, #5447, .T. ) ;
#4706 =( GEOMETRIC_REPRESENTATION_CONTEXT ( 3 ) GLOBAL_UNCERTAINTY_ASSIGNED_CONTEXT ( ( #5315 ) ) GLOBAL_UNIT_ASSIGNED_CONTEXT ( ( #5322, #6490, #1805 ) ) REPRESENTATION_CONTEXT ( 'NONE', 'WORKASPACE' ) );
#4707 = CARTESIAN_POINT ( 'NONE',  ( -29.49999999999999645, -30.97551545505828230, -1.084202172485504434E-14 ) ) ;
#4708 = DIRECTION ( 'NONE',  ( -0.000000000000000000, -0.000000000000000000, 1.000000000000000000 ) ) ;
#4709 = ORIENTED_EDGE ( 'NONE', *, *, #7326, .F. ) ;
#4710 = EDGE_CURVE ( 'NONE', #1785, #5746, #4147, .T. ) ;
#4711 = ORIENTED_EDGE ( 'NONE', *, *, #6652, .T. ) ;
#4712 = VECTOR ( 'NONE', #3522, 1000.000000000000000 ) ;
#4713 = ORIENTED_EDGE ( 'NONE', *, *, #5612, .F. ) ;
#4714 = LINE ( 'NONE', #6822, #2668 ) ;
#4715 = DIRECTION ( 'NONE',  ( -0.000000000000000000, -0.1470117858375538933, 0.9891347404802104393 ) ) ;
#4716 = SURFACE_STYLE_FILL_AREA ( #5224 ) ;
#4717 = DIRECTION ( 'NONE',  ( 0.000000000000000000, 0.000000000000000000, -1.000000000000000000 ) ) ;
#4718 = VECTOR ( 'NONE', #4959, 999.9999999999998863 ) ;
#4719 = CYLINDRICAL_SURFACE ( 'NONE', #7364, 1.500000000000001998 ) ;
#4720 = SURFACE_STYLE_USAGE ( .BOTH. , #3466 ) ;
#4721 = DIRECTION ( 'NONE',  ( 0.000000000000000000, -1.000000000000000000, 0.000000000000000000 ) ) ;
#4722 = PRESENTATION_LAYER_ASSIGNMENT (  '', '', ( #3439 ) ) ;
#4723 =( BOUNDED_CURVE ( )  B_SPLINE_CURVE ( 3, ( #3898, #690, #4882, #4198 ),
 .UNSPECIFIED., .F., .T. ) 
 B_SPLINE_CURVE_WITH_KNOTS ( ( 4, 4 ),
 ( 4.712388980384689674, 6.283185307179586232 ),
 .UNSPECIFIED. ) 
 CURVE ( )  GEOMETRIC_REPRESENTATION_ITEM ( )  RATIONAL_B_SPLINE_CURVE ( ( 1.000000000000000000, 0.8047378541243649375, 0.8047378541243649375, 1.000000000000000000 ) ) 
 REPRESENTATION_ITEM ( '' )  );
#4724 = SURFACE_SIDE_STYLE ('',( #8133 ) ) ;
#4725 = EDGE_CURVE ( 'NONE', #2300, #7093, #4435, .T. ) ;
#4726 = SURFACE_STYLE_FILL_AREA ( #6667 ) ;
#4727 = EDGE_CURVE ( 'NONE', #5674, #3436, #3570, .T. ) ;
#4728 = DIRECTION ( 'NONE',  ( 0.000000000000000000, 0.9891347404802105503, 0.1470117858375536157 ) ) ;
#4729 = CARTESIAN_POINT ( 'NONE',  ( 36.54999999999998295, -72.20567380211744535, 15.15664675644031689 ) ) ;
#4730 = DIRECTION ( 'NONE',  ( -0.000000000000000000, -0.1412171486779217056, -0.9899786446783980232 ) ) ;
#4731 = VECTOR ( 'NONE', #8339, 1000.000000000000000 ) ;
#4732 = CARTESIAN_POINT ( 'NONE',  ( 17.99999999999999645, -2.081668171172168513E-14, 13.87233320064247444 ) ) ;
#4733 = DIRECTION ( 'NONE',  ( 0.000000000000000000, -0.1470117858375537823, 0.9891347404802103283 ) ) ;
#4734 = UNCERTAINTY_MEASURE_WITH_UNIT (LENGTH_MEASURE( 1.000000000000000082E-05 ), #7248, 'distance_accuracy_value', 'NONE');
#4735 = EDGE_LOOP ( 'NONE', ( #2119, #7767, #7435, #2722 ) ) ;
#4736 = DIRECTION ( 'NONE',  ( 0.000000000000000000, -0.1470117858375537545, 0.9891347404802103283 ) ) ;
#4737 = AXIS2_PLACEMENT_3D ( 'NONE', #1677, #7008, #5621 ) ;
#4738 = ORIENTED_EDGE ( 'NONE', *, *, #4283, .T. ) ;
#4739 = CARTESIAN_POINT ( 'NONE',  ( -45.20000000000000284, 0.000000000000000000, 4.500000000000000000 ) ) ;
#4740 = EDGE_CURVE ( 'NONE', #4560, #337, #190, .T. ) ;
#4741 = SURFACE_STYLE_FILL_AREA ( #8372 ) ;
#4742 = CARTESIAN_POINT ( 'NONE',  ( 26.44999999999998863, -62.75000000000002842, 8.155575096830396831 ) ) ;
#4743 = ORIENTED_EDGE ( 'NONE', *, *, #119, .F. ) ;
#4744 = AXIS2_PLACEMENT_3D ( 'NONE', #2049, #4792, #2593 ) ;
#4745 = ORIENTED_EDGE ( 'NONE', *, *, #7196, .F. ) ;
#4746 = FACE_BOUND ( 'NONE', #843, .T. ) ;
#4747 = DIRECTION ( 'NONE',  ( 0.000000000000000000, 0.9899786446783979121, -0.1412171486779219554 ) ) ;
#4748 = ORIENTED_EDGE ( 'NONE', *, *, #2103, .T. ) ;
#4749 = EDGE_CURVE ( 'NONE', #4862, #5460, #7643, .T. ) ;
#4750 = DIRECTION ( 'NONE',  ( -1.000000000000000000, -0.000000000000000000, -0.000000000000000000 ) ) ;
#4751 = CARTESIAN_POINT ( 'NONE',  ( -29.49999999999999289, -14.39083285754249530, -16.50746879843895698 ) ) ;
#4752 = DIRECTION ( 'NONE',  ( -2.775557561562890735E-17, -0.1470117858375538933, 0.9891347404802104393 ) ) ;
#4753 = EDGE_LOOP ( 'NONE', ( #2181, #4269, #6764 ) ) ;
#4754 = ORIENTED_EDGE ( 'NONE', *, *, #7279, .F. ) ;
#4755 = AXIS2_PLACEMENT_3D ( 'NONE', #5375, #4027, #6002 ) ;
#4756 = EDGE_LOOP ( 'NONE', ( #6082, #8490, #2918, #1434, #5026 ) ) ;
#4757 = LINE ( 'NONE', #3957, #1813 ) ;
#4758 = UNCERTAINTY_MEASURE_WITH_UNIT (LENGTH_MEASURE( 1.000000000000000082E-05 ), #4524, 'distance_accuracy_value', 'NONE');
#4759 = ORIENTED_EDGE ( 'NONE', *, *, #5740, .F. ) ;
#4760 = EDGE_CURVE ( 'NONE', #1413, #250, #6880, .T. ) ;
#4761 = LINE ( 'NONE', #8838, #2259 ) ;
#4762 = CARTESIAN_POINT ( 'NONE',  ( -33.64999999999999858, -44.27328119778358229, -2.042597028628136524 ) ) ;
#4763 = DIRECTION ( 'NONE',  ( 1.000000000000000000, -0.000000000000000000, -0.000000000000000000 ) ) ;
#4764 = STYLED_ITEM ( 'NONE', ( #3118 ), #75 ) ;
#4765 = SURFACE_STYLE_USAGE ( .BOTH. , #7409 ) ;
#4766 = CARTESIAN_POINT ( 'NONE',  ( 0.000000000000000000, 0.000000000000000000, 0.000000000000000000 ) ) ;
#4767 = VECTOR ( 'NONE', #3667, 999.9999999999998863 ) ;
#4768 = CARTESIAN_POINT ( 'NONE',  ( 38.19999999999998153, -45.61515718961151578, 31.79999999999997939 ) ) ;
#4769 = CARTESIAN_POINT ( 'NONE',  ( -33.64999999999999858, -45.64661796867636667, -11.67013934812555753 ) ) ;
#4770 = DIRECTION ( 'NONE',  ( -0.000000000000000000, -0.000000000000000000, 1.000000000000000000 ) ) ;
#4771 = CARTESIAN_POINT ( 'NONE',  ( 26.25000000000000355, -25.57133123440134170, 20.00000000000000000 ) ) ;
#4772 = LINE ( 'NONE', #6837, #3537 ) ;
#4773 = PLANE ( 'NONE',  #7673 ) ;
#4774 = STYLED_ITEM ( 'NONE', ( #5696 ), #936 ) ;
#4775 =( GEOMETRIC_REPRESENTATION_CONTEXT ( 3 ) GLOBAL_UNCERTAINTY_ASSIGNED_CONTEXT ( ( #6104 ) ) GLOBAL_UNIT_ASSIGNED_CONTEXT ( ( #418, #7789, #7369 ) ) REPRESENTATION_CONTEXT ( 'NONE', 'WORKASPACE' ) );
#4776 = LINE ( 'NONE', #7603, #2689 ) ;
#4777 = EDGE_CURVE ( 'NONE', #6460, #364, #1440, .T. ) ;
#4778 = EDGE_CURVE ( 'NONE', #2347, #7532, #4871, .T. ) ;
#4779 = ORIENTED_EDGE ( 'NONE', *, *, #3768, .F. ) ;
#4780 =( GEOMETRIC_REPRESENTATION_CONTEXT ( 3 ) GLOBAL_UNCERTAINTY_ASSIGNED_CONTEXT ( ( #5997 ) ) GLOBAL_UNIT_ASSIGNED_CONTEXT ( ( #4644, #6754, #2701 ) ) REPRESENTATION_CONTEXT ( 'NONE', 'WORKASPACE' ) );
#4781 = CYLINDRICAL_SURFACE ( 'NONE', #5206, 2.999999999999992450 ) ;
#4782 = ORIENTED_EDGE ( 'NONE', *, *, #8590, .F. ) ;
#4783 = FACE_OUTER_BOUND ( 'NONE', #1273, .T. ) ;
#4784 =( LENGTH_UNIT ( ) NAMED_UNIT ( * ) SI_UNIT ( .MILLI., .METRE. ) );
#4785 = DIRECTION ( 'NONE',  ( 0.000000000000000000, 0.9899786446783979121, -0.1412171486779219554 ) ) ;
#4786 = ORIENTED_EDGE ( 'NONE', *, *, #2942, .T. ) ;
#4787 = DIRECTION ( 'NONE',  ( -2.081668171172172063E-15, 0.9891347404802104393, 0.1470117858375539210 ) ) ;
#4788 = VECTOR ( 'NONE', #4984, 1000.000000000000000 ) ;
#4789 = EDGE_CURVE ( 'NONE', #438, #1047, #8019, .T. ) ;
#4790 = ORIENTED_EDGE ( 'NONE', *, *, #414, .F. ) ;
#4791 = DIRECTION ( 'NONE',  ( -0.000000000000000000, -1.000000000000000000, -0.000000000000000000 ) ) ;
#4792 = DIRECTION ( 'NONE',  ( -1.000000000000000000, 0.000000000000000000, 0.000000000000000000 ) ) ;
#4793 = CARTESIAN_POINT ( 'NONE',  ( 50.49999999999999289, 58.99999999999995737, 0.000000000000000000 ) ) ;
#4794 = VERTEX_POINT ( 'NONE', #5543 ) ;
#4795 =( GEOMETRIC_REPRESENTATION_CONTEXT ( 3 ) GLOBAL_UNCERTAINTY_ASSIGNED_CONTEXT ( ( #2844 ) ) GLOBAL_UNIT_ASSIGNED_CONTEXT ( ( #6940, #6316, #3534 ) ) REPRESENTATION_CONTEXT ( 'NONE', 'WORKASPACE' ) );
#4796 = DIRECTION ( 'NONE',  ( 0.000000000000000000, 0.000000000000000000, 1.000000000000000000 ) ) ;
#4797 = CARTESIAN_POINT ( 'NONE',  ( 38.50000000000000000, -63.50000000000002842, 10.19999999999999396 ) ) ;
#4798 = CARTESIAN_POINT ( 'NONE',  ( 50.49999999999999289, -70.00000000000001421, 0.000000000000000000 ) ) ;
#4799 = EDGE_LOOP ( 'NONE', ( #3727, #4866, #3216, #2005 ) ) ;
#4800 = ORIENTED_EDGE ( 'NONE', *, *, #1680, .T. ) ;
#4801 = EDGE_CURVE ( 'NONE', #1600, #318, #102, .T. ) ;
#4802 = VECTOR ( 'NONE', #3065, 1000.000000000000000 ) ;
#4803 = ORIENTED_EDGE ( 'NONE', *, *, #2307, .F. ) ;
#4804 = CARTESIAN_POINT ( 'NONE',  ( 50.49999999999999289, -65.57133123440134170, 31.99999999999998579 ) ) ;
#4805 = CARTESIAN_POINT ( 'NONE',  ( -40.99999999999999289, -61.00000000000004974, 8.415671739569701160 ) ) ;
#4806 = EDGE_LOOP ( 'NONE', ( #8615, #2850, #5482, #763 ) ) ;
#4807 = CARTESIAN_POINT ( 'NONE',  ( 52.79999999999999005, -59.00000000000003553, 20.59999999999999076 ) ) ;
#4808 = DIRECTION ( 'NONE',  ( 0.000000000000000000, 0.000000000000000000, -1.000000000000000000 ) ) ;
#4809 = DIRECTION ( 'NONE',  ( 1.000000000000000000, -0.000000000000000000, -0.000000000000000000 ) ) ;
#4810 = CARTESIAN_POINT ( 'NONE',  ( -2.813247225525331976E-16, -0.6177224977760589208, -4.330437817650876653 ) ) ;
#4811 = ORIENTED_EDGE ( 'NONE', *, *, #2488, .F. ) ;
#4812 = FACE_OUTER_BOUND ( 'NONE', #8069, .T. ) ;
#4813 = EDGE_CURVE ( 'NONE', #452, #5866, #4284, .T. ) ;
#4814 = DIRECTION ( 'NONE',  ( 1.000000000000000000, 0.000000000000000000, 0.000000000000000000 ) ) ;
#4815 = VECTOR ( 'NONE', #2413, 1000.000000000000000 ) ;
#4816 = FACE_OUTER_BOUND ( 'NONE', #351, .T. ) ;
#4817 = SURFACE_STYLE_FILL_AREA ( #2736 ) ;
#4818 = AXIS2_PLACEMENT_3D ( 'NONE', #5090, #5584, #7815 ) ;
#4819 =( LENGTH_UNIT ( ) NAMED_UNIT ( * ) SI_UNIT ( .MILLI., .METRE. ) );
#4820 = PLANE ( 'NONE',  #4105 ) ;
#4821 = DIRECTION ( 'NONE',  ( -0.000000000000000000, -0.000000000000000000, -1.000000000000000000 ) ) ;
#4822 = DIRECTION ( 'NONE',  ( -0.000000000000000000, -0.000000000000000000, 1.000000000000000000 ) ) ;
#4823 = MECHANICAL_DESIGN_GEOMETRIC_PRESENTATION_REPRESENTATION (  '', ( #7254 ), #1080 ) ;
#4824 = DIRECTION ( 'NONE',  ( 0.000000000000000000, -0.9986295347545737222, 0.05233595624294712367 ) ) ;
#4825 = DIRECTION ( 'NONE',  ( -1.000000000000000000, 0.000000000000000000, 0.000000000000000000 ) ) ;
#4826 = ADVANCED_FACE ( 'NONE', ( #677 ), #1346, .F. ) ;
#4827 = FILL_AREA_STYLE_COLOUR ( '', #1838 ) ;
#4828 = AXIS2_PLACEMENT_3D ( 'NONE', #3362, #2770, #3275 ) ;
#4829 = UNCERTAINTY_MEASURE_WITH_UNIT (LENGTH_MEASURE( 1.000000000000000082E-05 ), #3574, 'distance_accuracy_value', 'NONE');
#4830 = EDGE_LOOP ( 'NONE', ( #6497, #8565, #319, #4494 ) ) ;
#4831 = PRESENTATION_LAYER_ASSIGNMENT (  '', '', ( #1378 ) ) ;
#4832 = ORIENTED_EDGE ( 'NONE', *, *, #5336, .F. ) ;
#4833 = DIRECTION ( 'NONE',  ( 0.000000000000000000, 0.9899786446783980232, -0.1412171486779220109 ) ) ;
#4834 = CARTESIAN_POINT ( 'NONE',  ( -40.20000000000000284, 57.00000000000000000, 0.000000000000000000 ) ) ;
#4835 = COLOUR_RGB ( '',0.2980392156862745057, 0.2980392156862745057, 0.2980392156862745057 ) ;
#4836 = ORIENTED_EDGE ( 'NONE', *, *, #4419, .F. ) ;
#4837 = LINE ( 'NONE', #8102, #472 ) ;
#4838 =( GEOMETRIC_REPRESENTATION_CONTEXT ( 3 ) GLOBAL_UNCERTAINTY_ASSIGNED_CONTEXT ( ( #4923 ) ) GLOBAL_UNIT_ASSIGNED_CONTEXT ( ( #5325, #3160, #4640 ) ) REPRESENTATION_CONTEXT ( 'NONE', 'WORKASPACE' ) );
#4839 = AXIS2_PLACEMENT_3D ( 'NONE', #4059, #3017, #143 ) ;
#4840 = ORIENTED_EDGE ( 'NONE', *, *, #2539, .F. ) ;
#4841 = CARTESIAN_POINT ( 'NONE',  ( 35.49999999999993605, 55.49999999999997868, 4.500000000000000000 ) ) ;
#4842 = CARTESIAN_POINT ( 'NONE',  ( 43.49999999999998579, 72.99999999999997158, 0.000000000000000000 ) ) ;
#4843 = CARTESIAN_POINT ( 'NONE',  ( 38.65000000000000568, 43.39850362162523112, -24.75092472089291107 ) ) ;
#4844 = ORIENTED_EDGE ( 'NONE', *, *, #7018, .T. ) ;
#4845 = EDGE_CURVE ( 'NONE', #1604, #6471, #4329, .T. ) ;
#4846 = FACE_BOUND ( 'NONE', #2286, .T. ) ;
#4847 = LINE ( 'NONE', #6951, #7601 ) ;
#4848 = ADVANCED_FACE ( 'NONE', ( #908 ), #4463, .T. ) ;
#4849 = ORIENTED_EDGE ( 'NONE', *, *, #3087, .T. ) ;
#4850 = VECTOR ( 'NONE', #5292, 1000.000000000000000 ) ;
#4851 = AXIS2_PLACEMENT_3D ( 'NONE', #734, #7462, #3479 ) ;
#4852 = ORIENTED_EDGE ( 'NONE', *, *, #6709, .F. ) ;
#4853 = ORIENTED_EDGE ( 'NONE', *, *, #4699, .F. ) ;
#4854 = CYLINDRICAL_SURFACE ( 'NONE', #1536, 3.000000000000002665 ) ;
#4855 = DIRECTION ( 'NONE',  ( -1.000000000000000000, 0.000000000000000000, 0.000000000000000000 ) ) ;
#4856 = CARTESIAN_POINT ( 'NONE',  ( 45.20000000000000284, 59.19999999999998863, 44.00000000000000711 ) ) ;
#4857 = AXIS2_PLACEMENT_3D ( 'NONE', #1069, #6057, #5391 ) ;
#4858 = ORIENTED_EDGE ( 'NONE', *, *, #4650, .F. ) ;
#4859 = CARTESIAN_POINT ( 'NONE',  ( -38.50000000000000000, -53.00000000000002132, -11.00000000000001066 ) ) ;
#4860 = LINE ( 'NONE', #95, #6737 ) ;
#4861 = ADVANCED_FACE ( 'NONE', ( #7195 ), #5893, .F. ) ;
#4862 = VERTEX_POINT ( 'NONE', #2396 ) ;
#4863 = CARTESIAN_POINT ( 'NONE',  ( -34.46446609406724093, 53.64135841307274433, 6.938893903907228378E-15 ) ) ;
#4864 = VECTOR ( 'NONE', #4235, 1000.000000000000000 ) ;
#4865 =( GEOMETRIC_REPRESENTATION_CONTEXT ( 3 ) GLOBAL_UNCERTAINTY_ASSIGNED_CONTEXT ( ( #3 ) ) GLOBAL_UNIT_ASSIGNED_CONTEXT ( ( #8843, #5448, #2694 ) ) REPRESENTATION_CONTEXT ( 'NONE', 'WORKASPACE' ) );
#4866 = ORIENTED_EDGE ( 'NONE', *, *, #634, .T. ) ;
#4867 = CARTESIAN_POINT ( 'NONE',  ( -29.49999999999999289, -14.39083285754249530, -16.50746879843895698 ) ) ;
#4868 = DIRECTION ( 'NONE',  ( 0.000000000000000000, -0.1470117858375537823, 0.9891347404802103283 ) ) ;
#4869 = CARTESIAN_POINT ( 'NONE',  ( -43.49999999999998579, -60.57133123440132749, 31.99999999999998579 ) ) ;
#4870 = DIRECTION ( 'NONE',  ( 0.000000000000000000, -1.215422028459298757E-16, 1.000000000000000000 ) ) ;
#4871 = CIRCLE ( 'NONE', #699, 1.649999999999996136 ) ;
#4872 = DIRECTION ( 'NONE',  ( 0.000000000000000000, -0.000000000000000000, 1.000000000000000000 ) ) ;
#4873 = EDGE_CURVE ( 'NONE', #6739, #3928, #3020, .T. ) ;
#4874 = DIRECTION ( 'NONE',  ( 0.000000000000000000, 0.1470117858375539210, -0.9891347404802105503 ) ) ;
#4875 = CARTESIAN_POINT ( 'NONE',  ( 43.50000000000000711, 0.000000000000000000, 0.000000000000000000 ) ) ;
#4876 = DIRECTION ( 'NONE',  ( -1.110223024625157033E-16, 1.000000000000000000, 0.000000000000000000 ) ) ;
#4877 = CARTESIAN_POINT ( 'NONE',  ( 26.25000000000000355, -65.57133123440134170, 20.00000000000000000 ) ) ;
#4878 = DIRECTION ( 'NONE',  ( -0.000000000000000000, -0.1412171486779217056, -0.9899786446783980232 ) ) ;
#4879 = ORIENTED_EDGE ( 'NONE', *, *, #6402, .T. ) ;
#4880 = EDGE_LOOP ( 'NONE', ( #479, #3851, #3185, #3815 ) ) ;
#4881 = ADVANCED_FACE ( 'NONE', ( #6573 ), #2317, .F. ) ;
#4882 = CARTESIAN_POINT ( 'NONE',  ( 48.84314575050760254, 68.99999999999997158, 4.500000000000000000 ) ) ;
#4883 = VECTOR ( 'NONE', #1251, 1000.000000000000000 ) ;
#4884 = FILL_AREA_STYLE_COLOUR ( '', #8527 ) ;
#4885 = CARTESIAN_POINT ( 'NONE',  ( 50.49999999999999289, 71.47194596706158620, 29.15700786872882944 ) ) ;
#4886 = PLANE ( 'NONE',  #6782 ) ;
#4887 = VECTOR ( 'NONE', #6817, 1000.000000000000000 ) ;
#4888 = VERTEX_POINT ( 'NONE', #280 ) ;
#4889 = CARTESIAN_POINT ( 'NONE',  ( 17.99999999999999645, -63.50000000000002842, 10.19999999999999396 ) ) ;
#4890 = CARTESIAN_POINT ( 'NONE',  ( 19.19999999999998508, -66.00000000000000000, -6.331132676734938514 ) ) ;
#4891 = DIRECTION ( 'NONE',  ( 0.000000000000000000, -0.9891347404802104393, -0.1470117858375538100 ) ) ;
#4892 = ORIENTED_EDGE ( 'NONE', *, *, #8792, .F. ) ;
#4893 = CARTESIAN_POINT ( 'NONE',  ( 31.69999999999998508, -66.00000000000001421, -6.331132676734938514 ) ) ;
#4894 = CARTESIAN_POINT ( 'NONE',  ( -35.50000000000000000, -53.00000000000002132, -11.00000000000001066 ) ) ;
#4895 = DIRECTION ( 'NONE',  ( 1.000000000000000000, 0.000000000000000000, -0.000000000000000000 ) ) ;
#4896 = ORIENTED_EDGE ( 'NONE', *, *, #3554, .F. ) ;
#4897 = CIRCLE ( 'NONE', #5470, 0.9999999999999971134 ) ;
#4898 = ORIENTED_EDGE ( 'NONE', *, *, #406, .F. ) ;
#4899 = ORIENTED_EDGE ( 'NONE', *, *, #6916, .F. ) ;
#4900 = EDGE_CURVE ( 'NONE', #5471, #5332, #8867, .T. ) ;
#4901 = CARTESIAN_POINT ( 'NONE',  ( 55.29999999999999716, 0.000000000000000000, 0.000000000000000000 ) ) ;
#4902 = CIRCLE ( 'NONE', #6481, 1.000000000000000888 ) ;
#4903 = CARTESIAN_POINT ( 'NONE',  ( 46.49999999999998579, 69.99999999999998579, 0.8508893593264671429 ) ) ;
#4904 = ORIENTED_EDGE ( 'NONE', *, *, #1923, .F. ) ;
#4905 =( NAMED_UNIT ( * ) SI_UNIT ( $, .STERADIAN. ) SOLID_ANGLE_UNIT ( ) );
#4906 = DIRECTION ( 'NONE',  ( 1.531079393888110940E-17, 0.1412171486779216223, 0.9899786446783980232 ) ) ;
#4907 = ORIENTED_EDGE ( 'NONE', *, *, #6630, .T. ) ;
#4908 = ORIENTED_EDGE ( 'NONE', *, *, #6743, .F. ) ;
#4909 = EDGE_CURVE ( 'NONE', #5269, #266, #369, .T. ) ;
#4910 = FILL_AREA_STYLE_COLOUR ( '', #3535 ) ;
#4911 = PLANE ( 'NONE',  #1253 ) ;
#4912 = AXIS2_PLACEMENT_3D ( 'NONE', #1225, #18, #7550 ) ;
#4913 =( NAMED_UNIT ( * ) SI_UNIT ( $, .STERADIAN. ) SOLID_ANGLE_UNIT ( ) );
#4914 = VECTOR ( 'NONE', #473, 1000.000000000000000 ) ;
#4915 = DIRECTION ( 'NONE',  ( 0.000000000000000000, 0.000000000000000000, -1.000000000000000000 ) ) ;
#4916 = LINE ( 'NONE', #4148, #7322 ) ;
#4917 = SURFACE_SIDE_STYLE ('',( #2177 ) ) ;
#4918 = DIRECTION ( 'NONE',  ( -1.000000000000000000, 0.000000000000000000, 0.000000000000000000 ) ) ;
#4919 = DIRECTION ( 'NONE',  ( -0.000000000000000000, -0.000000000000000000, -1.000000000000000000 ) ) ;
#4920 = CIRCLE ( 'NONE', #6060, 2.500000000000000444 ) ;
#4921 = SURFACE_STYLE_FILL_AREA ( #6260 ) ;
#4922 = EDGE_CURVE ( 'NONE', #5265, #8480, #1129, .T. ) ;
#4923 = UNCERTAINTY_MEASURE_WITH_UNIT (LENGTH_MEASURE( 1.000000000000000082E-05 ), #5325, 'distance_accuracy_value', 'NONE');
#4924 = VERTEX_POINT ( 'NONE', #5851 ) ;
#4925 = DIRECTION ( 'NONE',  ( -1.000000000000000000, -0.000000000000000000, -0.000000000000000000 ) ) ;
#4926 = EDGE_LOOP ( 'NONE', ( #517, #1476, #3500, #2754, #120 ) ) ;
#4927 = CARTESIAN_POINT ( 'NONE',  ( 50.50000000000000000, -64.99999999999995737, 31.99999999999998579 ) ) ;
#4928 = MECHANICAL_DESIGN_GEOMETRIC_PRESENTATION_REPRESENTATION (  '', ( #1321 ), #4346 ) ;
#4929 = DIRECTION ( 'NONE',  ( 0.000000000000000000, 0.000000000000000000, 1.000000000000000000 ) ) ;
#4930 = DIRECTION ( 'NONE',  ( 1.000000000000000000, 0.000000000000000000, 0.000000000000000000 ) ) ;
#4931 = ADVANCED_FACE ( 'NONE', ( #237 ), #7067, .T. ) ;
#4932 = EDGE_CURVE ( 'NONE', #5480, #1025, #3431, .T. ) ;
#4933 = ORIENTED_EDGE ( 'NONE', *, *, #6930, .T. ) ;
#4934 = DIRECTION ( 'NONE',  ( -0.000000000000000000, -0.000000000000000000, 1.000000000000000000 ) ) ;
#4935 = CARTESIAN_POINT ( 'NONE',  ( 0.000000000000000000, -57.50000000000004263, 0.000000000000000000 ) ) ;
#4936 = ORIENTED_EDGE ( 'NONE', *, *, #1799, .F. ) ;
#4937 = DIRECTION ( 'NONE',  ( 0.000000000000000000, -0.9891347404802103283, -0.1470117858375539210 ) ) ;
#4938 = LINE ( 'NONE', #7669, #6883 ) ;
#4939 = ORIENTED_EDGE ( 'NONE', *, *, #2724, .F. ) ;
#4940 = AXIS2_PLACEMENT_3D ( 'NONE', #8319, #4332, #5732 ) ;
#4941 = ORIENTED_EDGE ( 'NONE', *, *, #3712, .T. ) ;
#4942 = ORIENTED_EDGE ( 'NONE', *, *, #8845, .T. ) ;
#4943 = AXIS2_PLACEMENT_3D ( 'NONE', #6509, #8561, #5157 ) ;
#4944 = CARTESIAN_POINT ( 'NONE',  ( 45.02805403293835695, 71.47194596706158620, 29.15700786872882944 ) ) ;
#4945 = CARTESIAN_POINT ( 'NONE',  ( -39.96446609406724804, -63.50000000000004263, 8.044105107084973838 ) ) ;
#4946 = ORIENTED_EDGE ( 'NONE', *, *, #1064, .T. ) ;
#4947 = FACE_OUTER_BOUND ( 'NONE', #7682, .T. ) ;
#4948 = CARTESIAN_POINT ( 'NONE',  ( 43.50000000000000000, -61.00000000000004974, 10.94313326496945038 ) ) ;
#4949 = ORIENTED_EDGE ( 'NONE', *, *, #8598, .F. ) ;
#4950 = EDGE_CURVE ( 'NONE', #7385, #8163, #7021, .T. ) ;
#4951 = DIRECTION ( 'NONE',  ( -0.000000000000000000, -0.000000000000000000, 1.000000000000000000 ) ) ;
#4952 = COLOUR_RGB ( '',0.2980392156862745057, 0.2980392156862745057, 0.2980392156862745057 ) ;
#4953 = VERTEX_POINT ( 'NONE', #7910 ) ;
#4954 = CARTESIAN_POINT ( 'NONE',  ( -46.50000000000002842, 65.99999999999997158, 0.8508893593264705846 ) ) ;
#4955 = LINE ( 'NONE', #7686, #968 ) ;
#4956 = STYLED_ITEM ( 'NONE', ( #1496 ), #2130 ) ;
#4957 = DIRECTION ( 'NONE',  ( -0.000000000000000000, -0.1412171486779217056, -0.9899786446783980232 ) ) ;
#4958 = DIRECTION ( 'NONE',  ( 1.000000000000000000, 0.000000000000000000, 0.000000000000000000 ) ) ;
#4959 = DIRECTION ( 'NONE',  ( -0.000000000000000000, -0.1470117858375538933, 0.9891347404802104393 ) ) ;
#4960 = SURFACE_STYLE_FILL_AREA ( #2272 ) ;
#4961 = EDGE_CURVE ( 'NONE', #6889, #8425, #7092, .T. ) ;
#4962 = CARTESIAN_POINT ( 'NONE',  ( -38.69999999999999574, 67.22866876559864124, 31.89999999999998437 ) ) ;
#4963 = EDGE_CURVE ( 'NONE', #2105, #4278, #4499, .T. ) ;
#4964 = PLANE ( 'NONE',  #6199 ) ;
#4965 = DIRECTION ( 'NONE',  ( -1.000000000000000000, -0.000000000000000000, -0.000000000000000000 ) ) ;
#4966 = AXIS2_PLACEMENT_3D ( 'NONE', #7314, #3219, #1246 ) ;
#4967 = FILL_AREA_STYLE_COLOUR ( '', #8855 ) ;
#4968 = EDGE_LOOP ( 'NONE', ( #8390, #7893, #3336 ) ) ;
#4969 = FACE_BOUND ( 'NONE', #8729, .T. ) ;
#4970 = AXIS2_PLACEMENT_3D ( 'NONE', #7085, #3079, #3684 ) ;
#4971 = DIRECTION ( 'NONE',  ( -0.000000000000000000, -0.1412171486779216778, -0.9899786446783979121 ) ) ;
#4972 = CYLINDRICAL_SURFACE ( 'NONE', #1782, 3.000000000000002665 ) ;
#4973 = ADVANCED_FACE ( 'NONE', ( #326 ), #623, .F. ) ;
#4974 = ORIENTED_EDGE ( 'NONE', *, *, #6275, .F. ) ;
#4975 = MECHANICAL_DESIGN_GEOMETRIC_PRESENTATION_REPRESENTATION (  '', ( #7826 ), #2387 ) ;
#4976 = SURFACE_STYLE_FILL_AREA ( #205 ) ;
#4977 = VECTOR ( 'NONE', #6, 1000.000000000000000 ) ;
#4978 = ORIENTED_EDGE ( 'NONE', *, *, #6187, .T. ) ;
#4979 = CYLINDRICAL_SURFACE ( 'NONE', #1375, 4.999999999999997335 ) ;
#4980 = DIRECTION ( 'NONE',  ( 0.000000000000000000, 0.000000000000000000, 1.000000000000000000 ) ) ;
#4981 = LINE ( 'NONE', #4305, #8247 ) ;
#4982 = ORIENTED_EDGE ( 'NONE', *, *, #6818, .T. ) ;
#4983 = VECTOR ( 'NONE', #4007, 1000.000000000000000 ) ;
#4984 = DIRECTION ( 'NONE',  ( 1.000000000000000000, 0.000000000000000000, 0.000000000000000000 ) ) ;
#4985 = DIRECTION ( 'NONE',  ( 0.000000000000000000, -0.4694715627858927487, -0.8829475928589258782 ) ) ;
#4986 = EDGE_CURVE ( 'NONE', #7445, #5722, #6617, .T. ) ;
#4987 = EDGE_LOOP ( 'NONE', ( #4368, #603, #2340, #6820 ) ) ;
#4988 = AXIS2_PLACEMENT_3D ( 'NONE', #5786, #1778, #5196 ) ;
#4989 = VECTOR ( 'NONE', #2381, 999.9999999999998863 ) ;
#4990 = ORIENTED_EDGE ( 'NONE', *, *, #2499, .F. ) ;
#4991 = EDGE_LOOP ( 'NONE', ( #4414, #4029, #6728, #171, #3317, #6188 ) ) ;
#4992 = CIRCLE ( 'NONE', #4548, 2.300000000000011813 ) ;
#4993 = CARTESIAN_POINT ( 'NONE',  ( -42.49999999999995737, -73.00000000000002842, 0.000000000000000000 ) ) ;
#4994 = DIRECTION ( 'NONE',  ( 1.000000000000000000, 0.000000000000000000, -0.000000000000000000 ) ) ;
#4995 = VERTEX_POINT ( 'NONE', #7452 ) ;
#4996 =( GEOMETRIC_REPRESENTATION_CONTEXT ( 3 ) GLOBAL_UNCERTAINTY_ASSIGNED_CONTEXT ( ( #963 ) ) GLOBAL_UNIT_ASSIGNED_CONTEXT ( ( #3467, #5496, #6923 ) ) REPRESENTATION_CONTEXT ( 'NONE', 'WORKASPACE' ) );
#4997 = CARTESIAN_POINT ( 'NONE',  ( 34.00000000000000711, 41.69845102150625848, -18.27646253908273621 ) ) ;
#4998 = EDGE_CURVE ( 'NONE', #68, #3992, #4442, .T. ) ;
#4999 = ORIENTED_EDGE ( 'NONE', *, *, #4637, .F. ) ;
#5000 = CARTESIAN_POINT ( 'NONE',  ( 39.19999999999998153, -45.61515718961151578, 31.79999999999997939 ) ) ;
#5001 = EDGE_LOOP ( 'NONE', ( #7733, #2916, #2504, #7777 ) ) ;
#5002 = AXIS2_PLACEMENT_3D ( 'NONE', #302, #2494, #3171 ) ;
#5003 = DIRECTION ( 'NONE',  ( 0.000000000000000000, 0.000000000000000000, 1.000000000000000000 ) ) ;
#5004 = DIRECTION ( 'NONE',  ( -1.000000000000000000, 0.000000000000000000, 0.000000000000000000 ) ) ;
#5005 = CARTESIAN_POINT ( 'NONE',  ( -48.95681336053954880, -70.52931844146671381, 19.99999999999997868 ) ) ;
#5006 = DIRECTION ( 'NONE',  ( 1.000000000000000000, 1.236634557131980914E-16, 4.122115190439950556E-17 ) ) ;
#5007 = CARTESIAN_POINT ( 'NONE',  ( 43.50000000000000000, -63.50000000000002842, 10.19999999999999396 ) ) ;
#5008 = PRESENTATION_STYLE_ASSIGNMENT (( #8362 ) ) ;
#5009 = MECHANICAL_DESIGN_GEOMETRIC_PRESENTATION_REPRESENTATION (  '', ( #5434 ), #5298 ) ;
#5010 = CYLINDRICAL_SURFACE ( 'NONE', #8669, 0.9999999999999971134 ) ;
#5011 = DIRECTION ( 'NONE',  ( 8.659560562354899578E-17, -0.7998762163319477203, -0.6001650094319788131 ) ) ;
#5012 = DIRECTION ( 'NONE',  ( 1.000000000000000000, 0.000000000000000000, 0.000000000000000000 ) ) ;
#5013 = FILL_AREA_STYLE_COLOUR ( '', #4425 ) ;
#5014 = VECTOR ( 'NONE', #3241, 1000.000000000000000 ) ;
#5015 = EDGE_CURVE ( 'NONE', #5383, #7576, #6660, .T. ) ;
#5016 = ORIENTED_EDGE ( 'NONE', *, *, #6411, .F. ) ;
#5017 = EDGE_CURVE ( 'NONE', #4313, #1294, #3879, .T. ) ;
#5018 = FILL_AREA_STYLE ('',( #6451 ) ) ;
#5019 = EDGE_LOOP ( 'NONE', ( #8026, #6598, #3830, #5485 ) ) ;
#5020 = FACE_OUTER_BOUND ( 'NONE', #3245, .T. ) ;
#5021 = FILL_AREA_STYLE_COLOUR ( '', #7708 ) ;
#5022 = SURFACE_STYLE_USAGE ( .BOTH. , #969 ) ;
#5023 = ORIENTED_EDGE ( 'NONE', *, *, #5203, .T. ) ;
#5024 = STYLED_ITEM ( 'NONE', ( #5498 ), #4826 ) ;
#5025 = CARTESIAN_POINT ( 'NONE',  ( -26.44999999999998863, -57.75000000000002842, 13.19999999999999929 ) ) ;
#5026 = ORIENTED_EDGE ( 'NONE', *, *, #6048, .T. ) ;
#5027 = EDGE_CURVE ( 'NONE', #2051, #5649, #2141, .T. ) ;
#5028 = CYLINDRICAL_SURFACE ( 'NONE', #155, 4.999999999999997335 ) ;
#5029 = FACE_OUTER_BOUND ( 'NONE', #8608, .T. ) ;
#5030 = AXIS2_PLACEMENT_3D ( 'NONE', #8746, #5213, #6693 ) ;
#5031 = ORIENTED_EDGE ( 'NONE', *, *, #6159, .T. ) ;
#5032 = CARTESIAN_POINT ( 'NONE',  ( -33.64999999999999858, -44.01315320495702110, -11.90314764344412701 ) ) ;
#5033 = CARTESIAN_POINT ( 'NONE',  ( 31.00000000000000000, -37.53124169095859486, -30.05210658467080620 ) ) ;
#5034 = ORIENTED_EDGE ( 'NONE', *, *, #4778, .F. ) ;
#5035 = ORIENTED_EDGE ( 'NONE', *, *, #7865, .T. ) ;
#5036 = ORIENTED_EDGE ( 'NONE', *, *, #2551, .T. ) ;
#5037 = EDGE_CURVE ( 'NONE', #7224, #2503, #5932, .T. ) ;
#5038 = CARTESIAN_POINT ( 'NONE',  ( 41.69999999999998153, 64.22866876559862703, 31.89999999999998437 ) ) ;
#5039 = LINE ( 'NONE', #6239, #4601 ) ;
#5040 = CYLINDRICAL_SURFACE ( 'NONE', #6435, 2.500000000000002220 ) ;
#5041 = CARTESIAN_POINT ( 'NONE',  ( 43.49999999999996447, 68.47605736279788857, 31.99999999999998579 ) ) ;
#5042 = AXIS2_PLACEMENT_3D ( 'NONE', #7242, #3751, #956 ) ;
#5043 = DIRECTION ( 'NONE',  ( 5.551115123125783935E-17, -1.000000000000000000, 0.000000000000000000 ) ) ;
#5044 = ORIENTED_EDGE ( 'NONE', *, *, #7605, .T. ) ;
#5045 = PLANE ( 'NONE',  #5641 ) ;
#5046 = ORIENTED_EDGE ( 'NONE', *, *, #4124, .F. ) ;
#5047 = AXIS2_PLACEMENT_3D ( 'NONE', #2676, #8067, #7389 ) ;
#5048 = EDGE_LOOP ( 'NONE', ( #5629, #8379 ) ) ;
#5049 = ADVANCED_FACE ( 'NONE', ( #1849 ), #3737, .F. ) ;
#5050 = LINE ( 'NONE', #6970, #7967 ) ;
#5051 = EDGE_CURVE ( 'NONE', #3305, #2515, #4579, .T. ) ;
#5052 = CARTESIAN_POINT ( 'NONE',  ( 45.20000000000000284, 57.00000000000002842, 4.500000000000000000 ) ) ;
#5053 = CARTESIAN_POINT ( 'NONE',  ( 35.04999999999999005, -72.27328590861941393, 11.95579864960138750 ) ) ;
#5054 = DIRECTION ( 'NONE',  ( -6.938893903907222067E-15, 0.000000000000000000, 1.000000000000000000 ) ) ;
#5055 = CARTESIAN_POINT ( 'NONE',  ( 52.79999999999999005, 55.99999999999995026, 23.60000000000000142 ) ) ;
#5056 = CARTESIAN_POINT ( 'NONE',  ( -29.49999999999999289, -12.41379277605159004, -2.647767772941383324 ) ) ;
#5057 = VECTOR ( 'NONE', #5587, 1000.000000000000000 ) ;
#5058 = EDGE_LOOP ( 'NONE', ( #8697, #4478, #5513, #766 ) ) ;
#5059 = SURFACE_STYLE_FILL_AREA ( #3069 ) ;
#5060 = DIRECTION ( 'NONE',  ( 0.000000000000000000, -0.05233595624295107190, -0.9986295347545733891 ) ) ;
#5061 = LINE ( 'NONE', #3800, #8128 ) ;
#5062 = EDGE_LOOP ( 'NONE', ( #736, #3072, #7906, #5597 ) ) ;
#5063 = CARTESIAN_POINT ( 'NONE',  ( 40.99999999999999289, 20.16695995775648953, 20.47924533178015949 ) ) ;
#5064 = VECTOR ( 'NONE', #2535, 1000.000000000000000 ) ;
#5065 = EDGE_CURVE ( 'NONE', #7093, #7481, #5982, .T. ) ;
#5066 = LINE ( 'NONE', #7838, #2348 ) ;
#5067 = EDGE_CURVE ( 'NONE', #7776, #7662, #4010, .T. ) ;
#5068 = ORIENTED_EDGE ( 'NONE', *, *, #4374, .F. ) ;
#5069 = VECTOR ( 'NONE', #5011, 1000.000000000000000 ) ;
#5070 = PLANE ( 'NONE',  #7970 ) ;
#5071 = ORIENTED_EDGE ( 'NONE', *, *, #8344, .F. ) ;
#5072 = LINE ( 'NONE', #4397, #5720 ) ;
#5073 = CARTESIAN_POINT ( 'NONE',  ( 55.29999999999999716, 58.99999999999995737, 1.500000000000000000 ) ) ;
#5074 = CARTESIAN_POINT ( 'NONE',  ( -31.69999999999998508, -66.00000000000004263, 13.19999999999999929 ) ) ;
#5075 = CARTESIAN_POINT ( 'NONE',  ( 42.49999999999995026, -73.00000000000002842, 0.000000000000000000 ) ) ;
#5076 = VERTEX_POINT ( 'NONE', #6026 ) ;
#5077 = AXIS2_PLACEMENT_3D ( 'NONE', #8190, #2044, #2803 ) ;
#5078 = VECTOR ( 'NONE', #5980, 1000.000000000000000 ) ;
#5079 = EDGE_LOOP ( 'NONE', ( #6143, #86, #4389, #7388, #5956, #3080, #4452, #1903 ) ) ;
#5080 = ORIENTED_EDGE ( 'NONE', *, *, #6525, .F. ) ;
#5081 =( BOUNDED_CURVE ( )  B_SPLINE_CURVE ( 3, ( #6918, #764, #7264, #1625 ),
 .UNSPECIFIED., .F., .T. ) 
 B_SPLINE_CURVE_WITH_KNOTS ( ( 4, 4 ),
 ( 4.712388980384689674, 6.283185307179586232 ),
 .UNSPECIFIED. ) 
 CURVE ( )  GEOMETRIC_REPRESENTATION_ITEM ( )  RATIONAL_B_SPLINE_CURVE ( ( 1.000000000000000000, 0.8047378541243649375, 0.8047378541243649375, 1.000000000000000000 ) ) 
 REPRESENTATION_ITEM ( '' )  );
#5082 = CARTESIAN_POINT ( 'NONE',  ( 50.49999999999998579, 65.99999999999995737, -1.000000000000000000 ) ) ;
#5083 = AXIS2_PLACEMENT_3D ( 'NONE', #8366, #777, #151 ) ;
#5084 = CARTESIAN_POINT ( 'NONE',  ( 55.29999999999999716, 58.99999999999995737, 0.000000000000000000 ) ) ;
#5085 = ORIENTED_EDGE ( 'NONE', *, *, #5529, .F. ) ;
#5086 = ADVANCED_FACE ( 'NONE', ( #7285, #4544, #5360, #6067 ), #2607, .F. ) ;
#5087 = VERTEX_POINT ( 'NONE', #1930 ) ;
#5088 = VECTOR ( 'NONE', #169, 1000.000000000000000 ) ;
#5089 = ORIENTED_EDGE ( 'NONE', *, *, #3408, .F. ) ;
#5090 = CARTESIAN_POINT ( 'NONE',  ( 38.65000000000000568, -45.69957439943059541, -12.04138133987996007 ) ) ;
#5091 =( LENGTH_UNIT ( ) NAMED_UNIT ( * ) SI_UNIT ( .MILLI., .METRE. ) );
#5092 = CARTESIAN_POINT ( 'NONE',  ( 31.13375866546478932, 57.07249472080884800, 31.79999999999997939 ) ) ;
#5093 = DIRECTION ( 'NONE',  ( -0.000000000000000000, -0.9986295347545737222, 0.05233595624294713061 ) ) ;
#5094 = MECHANICAL_DESIGN_GEOMETRIC_PRESENTATION_REPRESENTATION (  '', ( #6379 ), #625 ) ;
#5095 = CARTESIAN_POINT ( 'NONE',  ( -36.15000000000000568, 42.71736169622329982, 26.35829759123583216 ) ) ;
#5096 = CARTESIAN_POINT ( 'NONE',  ( -46.45876991486268537, -71.95184441433914913, 19.99999999999997868 ) ) ;
#5097 = EDGE_CURVE ( 'NONE', #5599, #2870, #4589, .T. ) ;
#5098 = CARTESIAN_POINT ( 'NONE',  ( 35.04999999999999005, -72.27328590861941393, 11.95579864960138750 ) ) ;
#5099 = AXIS2_PLACEMENT_3D ( 'NONE', #6207, #2128, #2077 ) ;
#5100 = VERTEX_POINT ( 'NONE', #5402 ) ;
#5101 = ORIENTED_EDGE ( 'NONE', *, *, #2954, .F. ) ;
#5102 = CARTESIAN_POINT ( 'NONE',  ( 34.50000000000000711, -14.39083285754250241, -16.50746879843895343 ) ) ;
#5103 = SURFACE_STYLE_FILL_AREA ( #4509 ) ;
#5104 = EDGE_CURVE ( 'NONE', #5440, #3981, #1263, .T. ) ;
#5105 = AXIS2_PLACEMENT_3D ( 'NONE', #3053, #5794, #3948 ) ;
#5106 = LINE ( 'NONE', #2189, #5503 ) ;
#5107 = VERTEX_POINT ( 'NONE', #7325 ) ;
#5108 = VECTOR ( 'NONE', #3662, 1000.000000000000000 ) ;
#5109 = CARTESIAN_POINT ( 'NONE',  ( -26.25000000000000355, -25.57133123440134170, 20.00000000000000000 ) ) ;
#5110 = EDGE_LOOP ( 'NONE', ( #2781, #1015 ) ) ;
#5111 = DIRECTION ( 'NONE',  ( 0.000000000000000000, 0.000000000000000000, 1.000000000000000000 ) ) ;
#5112 = COLOUR_RGB ( '',0.2980392156862745057, 0.2980392156862745057, 0.2980392156862745057 ) ;
#5113 = CARTESIAN_POINT ( 'NONE',  ( 34.64999999999999147, -69.35617686809909799, 24.66873520263527197 ) ) ;
#5114 = CARTESIAN_POINT ( 'NONE',  ( 38.69999999999997442, 64.22866876559864124, 31.89999999999998437 ) ) ;
#5115 = ORIENTED_EDGE ( 'NONE', *, *, #8424, .F. ) ;
#5116 = STYLED_ITEM ( 'NONE', ( #1441 ), #3974 ) ;
#5117 = VECTOR ( 'NONE', #941, 1000.000000000000000 ) ;
#5118 = EDGE_LOOP ( 'NONE', ( #7181, #903, #8060, #8448, #3347, #5376, #7283, #5755 ) ) ;
#5119 = STYLED_ITEM ( 'NONE', ( #133 ), #7833 ) ;
#5120 = ORIENTED_EDGE ( 'NONE', *, *, #2617, .T. ) ;
#5121 = DIRECTION ( 'NONE',  ( 0.000000000000000000, -0.9891347404802104393, -0.1470117858375539210 ) ) ;
#5122 = FACE_OUTER_BOUND ( 'NONE', #6613, .T. ) ;
#5123 = EDGE_CURVE ( 'NONE', #6649, #1627, #1417, .T. ) ;
#5124 = EDGE_CURVE ( 'NONE', #3996, #3579, #2648, .T. ) ;
#5125 = MECHANICAL_DESIGN_GEOMETRIC_PRESENTATION_REPRESENTATION (  '', ( #1955 ), #3395 ) ;
#5126 = DIRECTION ( 'NONE',  ( 0.000000000000000000, 1.000000000000000000, 0.000000000000000000 ) ) ;
#5127 = VERTEX_POINT ( 'NONE', #2521 ) ;
#5128 = VECTOR ( 'NONE', #4791, 1000.000000000000000 ) ;
#5129 = ORIENTED_EDGE ( 'NONE', *, *, #8046, .T. ) ;
#5130 = AXIS2_PLACEMENT_3D ( 'NONE', #2084, #5554, #7609 ) ;
#5131 = VERTEX_POINT ( 'NONE', #5274 ) ;
#5132 = DIRECTION ( 'NONE',  ( 1.000000000000000000, 0.000000000000000000, 0.000000000000000000 ) ) ;
#5133 = VECTOR ( 'NONE', #5004, 1000.000000000000000 ) ;
#5134 = EDGE_CURVE ( 'NONE', #3010, #7779, #2703, .T. ) ;
#5135 = CARTESIAN_POINT ( 'NONE',  ( -34.46446609406724093, 49.93991564621082091, 24.90430008549053653 ) ) ;
#5136 = CIRCLE ( 'NONE', #7417, 4.149999999999994138 ) ;
#5137 = VECTOR ( 'NONE', #6295, 999.9999999999998863 ) ;
#5138 = CARTESIAN_POINT ( 'NONE',  ( -38.50000000000000000, 0.000000000000000000, 0.000000000000000000 ) ) ;
#5139 = DIRECTION ( 'NONE',  ( 1.000000000000000000, 0.000000000000000000, 0.000000000000000000 ) ) ;
#5140 = CYLINDRICAL_SURFACE ( 'NONE', #3551, 2.500000000000002220 ) ;
#5141 = EDGE_CURVE ( 'NONE', #8517, #740, #6458, .T. ) ;
#5142 = DIRECTION ( 'NONE',  ( -0.000000000000000000, 0.000000000000000000, 1.000000000000000000 ) ) ;
#5143 = VECTOR ( 'NONE', #8421, 1000.000000000000000 ) ;
#5144 = DIRECTION ( 'NONE',  ( 0.000000000000000000, 0.000000000000000000, -1.000000000000000000 ) ) ;
#5145 = VERTEX_POINT ( 'NONE', #3460 ) ;
#5146 = CARTESIAN_POINT ( 'NONE',  ( 38.50000000000000000, -63.50000000000004263, 0.000000000000000000 ) ) ;
#5147 = CARTESIAN_POINT ( 'NONE',  ( 19.19999999999997442, -60.25000000000001421, 13.19999999999999929 ) ) ;
#5148 = VECTOR ( 'NONE', #8134, 1000.000000000000000 ) ;
#5149 = ORIENTED_EDGE ( 'NONE', *, *, #1497, .T. ) ;
#5150 = EDGE_CURVE ( 'NONE', #749, #2503, #2776, .T. ) ;
#5151 = CARTESIAN_POINT ( 'NONE',  ( -28.99999999999999289, -43.46605013383987881, -30.93417729969613461 ) ) ;
#5152 = DIRECTION ( 'NONE',  ( 9.912705577010325549E-17, -1.000000000000000000, 0.000000000000000000 ) ) ;
#5153 = VERTEX_POINT ( 'NONE', #4948 ) ;
#5154 = LINE ( 'NONE', #7218, #4280 ) ;
#5155 = FACE_BOUND ( 'NONE', #612, .T. ) ;
#5156 = VECTOR ( 'NONE', #1214, 1000.000000000000000 ) ;
#5157 = DIRECTION ( 'NONE',  ( 0.000000000000000000, -0.9891347404802104393, -0.1470117858375541431 ) ) ;
#5158 = CARTESIAN_POINT ( 'NONE',  ( -0.1172804708712282817, 91.99807265851808324, 5.702571627301496556E-15 ) ) ;
#5159 = ORIENTED_EDGE ( 'NONE', *, *, #7660, .F. ) ;
#5160 = ORIENTED_EDGE ( 'NONE', *, *, #6310, .F. ) ;
#5161 = STYLED_ITEM ( 'NONE', ( #2599 ), #5361 ) ;
#5162 = ORIENTED_EDGE ( 'NONE', *, *, #2601, .T. ) ;
#5163 =( NAMED_UNIT ( * ) SI_UNIT ( $, .STERADIAN. ) SOLID_ANGLE_UNIT ( ) );
#5164 = DIRECTION ( 'NONE',  ( 1.000000000000000000, 0.000000000000000000, 0.000000000000000000 ) ) ;
#5165 = PLANE ( 'NONE',  #5105 ) ;
#5166 = ORIENTED_EDGE ( 'NONE', *, *, #3188, .F. ) ;
#5167 = DIRECTION ( 'NONE',  ( 0.4499770425732566581, -0.4499770425732571022, -0.7713892158398706345 ) ) ;
#5168 = ORIENTED_EDGE ( 'NONE', *, *, #3189, .F. ) ;
#5169 = VECTOR ( 'NONE', #3210, 1000.000000000000000 ) ;
#5170 = ORIENTED_EDGE ( 'NONE', *, *, #434, .T. ) ;
#5171 = ADVANCED_FACE ( 'NONE', ( #2691 ), #7679, .F. ) ;
#5172 = EDGE_CURVE ( 'NONE', #6287, #1255, #7013, .T. ) ;
#5173 = DIRECTION ( 'NONE',  ( 0.000000000000000000, 0.000000000000000000, 1.000000000000000000 ) ) ;
#5174 = AXIS2_PLACEMENT_3D ( 'NONE', #3524, #3572, #1590 ) ;
#5175 = DIRECTION ( 'NONE',  ( 0.000000000000000000, -0.4694715627858940810, -0.8829475928589252121 ) ) ;
#5176 = CARTESIAN_POINT ( 'NONE',  ( 46.50000000000000000, -70.00000000000001421, 0.000000000000000000 ) ) ;
#5177 = DIRECTION ( 'NONE',  ( 1.000000000000000000, 0.000000000000000000, 0.000000000000000000 ) ) ;
#5178 = CARTESIAN_POINT ( 'NONE',  ( 24.44999999999998508, -60.25000000000002132, -30.80000000000000426 ) ) ;
#5179 = DIRECTION ( 'NONE',  ( 0.000000000000000000, 0.000000000000000000, -1.000000000000000000 ) ) ;
#5180 = AXIS2_PLACEMENT_3D ( 'NONE', #78, #3124, #8556 ) ;
#5181 = CARTESIAN_POINT ( 'NONE',  ( 31.70000000000000284, -47.74999999999999289, 12.91243641713850465 ) ) ;
#5182 = EDGE_CURVE ( 'NONE', #5900, #3013, #5581, .T. ) ;
#5183 = FILL_AREA_STYLE ('',( #3112 ) ) ;
#5184 = CARTESIAN_POINT ( 'NONE',  ( 50.49999999999999289, -65.00000000000004263, 0.000000000000000000 ) ) ;
#5185 = DIRECTION ( 'NONE',  ( 0.000000000000000000, 0.9891347404802103283, 0.1470117858375538933 ) ) ;
#5186 = ORIENTED_EDGE ( 'NONE', *, *, #3062, .F. ) ;
#5187 = CARTESIAN_POINT ( 'NONE',  ( -38.70000000000001705, 64.22866876559864124, 31.89999999999998437 ) ) ;
#5188 = DIRECTION ( 'NONE',  ( -0.000000000000000000, -0.000000000000000000, 1.000000000000000000 ) ) ;
#5189 = LINE ( 'NONE', #7251, #7214 ) ;
#5190 = ADVANCED_FACE ( 'NONE', ( #7493 ), #2155, .F. ) ;
#5191 = UNCERTAINTY_MEASURE_WITH_UNIT (LENGTH_MEASURE( 1.000000000000000082E-05 ), #4600, 'distance_accuracy_value', 'NONE');
#5192 = ORIENTED_EDGE ( 'NONE', *, *, #2283, .F. ) ;
#5193 = PLANE ( 'NONE',  #1293 ) ;
#5194 = VERTEX_POINT ( 'NONE', #6827 ) ;
#5195 = CARTESIAN_POINT ( 'NONE',  ( 22.69999999999999929, 61.49999999999997868, 4.500000000000000000 ) ) ;
#5196 = DIRECTION ( 'NONE',  ( 1.000000000000000000, 0.000000000000000000, 0.000000000000000000 ) ) ;
#5197 = VECTOR ( 'NONE', #2364, 1000.000000000000000 ) ;
#5198 = CARTESIAN_POINT ( 'NONE',  ( 39.19999999999998153, -48.61515718961152288, 31.79999999999997939 ) ) ;
#5199 = CARTESIAN_POINT ( 'NONE',  ( -19.19999999999998508, -66.00000000000002842, 13.19999999999999929 ) ) ;
#5200 = ORIENTED_EDGE ( 'NONE', *, *, #3075, .F. ) ;
#5201 = FILL_AREA_STYLE_COLOUR ( '', #5357 ) ;
#5202 = EDGE_CURVE ( 'NONE', #1572, #153, #4860, .T. ) ;
#5203 = EDGE_CURVE ( 'NONE', #4317, #7059, #3151, .T. ) ;
#5204 = ORIENTED_EDGE ( 'NONE', *, *, #733, .T. ) ;
#5205 = AXIS2_PLACEMENT_3D ( 'NONE', #7056, #2779, #8218 ) ;
#5206 = AXIS2_PLACEMENT_3D ( 'NONE', #154, #4925, #6266 ) ;
#5207 = ORIENTED_EDGE ( 'NONE', *, *, #5507, .F. ) ;
#5208 = CARTESIAN_POINT ( 'NONE',  ( -42.47938495743132137, -68.76158782437025252, 25.99999999999998224 ) ) ;
#5209 = CYLINDRICAL_SURFACE ( 'NONE', #3456, 7.999999999999992895 ) ;
#5210 = EDGE_LOOP ( 'NONE', ( #7608, #3736 ) ) ;
#5211 = FACE_OUTER_BOUND ( 'NONE', #8251, .T. ) ;
#5212 = PLANE ( 'NONE',  #7119 ) ;
#5213 = DIRECTION ( 'NONE',  ( 0.000000000000000000, 1.000000000000000000, 0.000000000000000000 ) ) ;
#5214 = EDGE_LOOP ( 'NONE', ( #6317, #130, #80, #8593 ) ) ;
#5215 = MECHANICAL_DESIGN_GEOMETRIC_PRESENTATION_REPRESENTATION (  '', ( #4065 ), #8641 ) ;
#5216 = ADVANCED_FACE ( 'NONE', ( #808 ), #2827, .F. ) ;
#5217 = ORIENTED_EDGE ( 'NONE', *, *, #7178, .T. ) ;
#5218 = ORIENTED_EDGE ( 'NONE', *, *, #1647, .T. ) ;
#5219 = CARTESIAN_POINT ( 'NONE',  ( 52.79999999999999005, 58.95803989154976676, 21.09999999999998721 ) ) ;
#5220 = UNCERTAINTY_MEASURE_WITH_UNIT (LENGTH_MEASURE( 1.000000000000000082E-05 ), #868, 'distance_accuracy_value', 'NONE');
#5221 = EDGE_LOOP ( 'NONE', ( #1967, #3088, #4907, #7192 ) ) ;
#5222 =( NAMED_UNIT ( * ) PLANE_ANGLE_UNIT ( ) SI_UNIT ( $, .RADIAN. ) );
#5223 = CARTESIAN_POINT ( 'NONE',  ( 39.96446609406725514, -63.50000000000004263, 8.044105107084973838 ) ) ;
#5224 = FILL_AREA_STYLE ('',( #6572 ) ) ;
#5225 = DIRECTION ( 'NONE',  ( -0.000000000000000000, -0.1412171486779217056, -0.9899786446783980232 ) ) ;
#5226 = CARTESIAN_POINT ( 'NONE',  ( 36.54999999999998295, -72.28898669549229794, 11.65620978917501382 ) ) ;
#5227 = DIRECTION ( 'NONE',  ( 0.000000000000000000, -1.000000000000000000, 0.000000000000000000 ) ) ;
#5228 = DIRECTION ( 'NONE',  ( 3.134672739800619314E-17, -0.3162277660168372750, 0.9486832980505139901 ) ) ;
#5229 = VECTOR ( 'NONE', #8063, 1000.000000000000000 ) ;
#5230 = ADVANCED_FACE ( 'NONE', ( #5533, #1431, #3562, #6297, #8216, #136 ), #2115, .F. ) ;
#5231 = ADVANCED_FACE ( 'NONE', ( #1667 ), #7145, .T. ) ;
#5232 = DIRECTION ( 'NONE',  ( 0.000000000000000000, -0.9986295347545737222, 0.05233595624294712367 ) ) ;
#5233 = ORIENTED_EDGE ( 'NONE', *, *, #4490, .T. ) ;
#5234 = DIRECTION ( 'NONE',  ( 1.303527277936894292E-16, -0.9486832980505141011, -0.3162277660168373306 ) ) ;
#5235 = AXIS2_PLACEMENT_3D ( 'NONE', #3708, #283, #3022 ) ;
#5236 = CARTESIAN_POINT ( 'NONE',  ( 40.99999999999999289, 47.03403421499647408, 0.000000000000000000 ) ) ;
#5237 = EDGE_LOOP ( 'NONE', ( #1329, #7520, #1953, #4210 ) ) ;
#5238 = CARTESIAN_POINT ( 'NONE',  ( 46.45876991486268537, -71.95184441433914913, 19.99999999999997868 ) ) ;
#5239 = LINE ( 'NONE', #7972, #5539 ) ;
#5240 = ORIENTED_EDGE ( 'NONE', *, *, #2551, .F. ) ;
#5241 = CARTESIAN_POINT ( 'NONE',  ( 38.65000000000000568, 45.40321037709898633, -25.03688944696570218 ) ) ;
#5242 = EDGE_CURVE ( 'NONE', #8348, #7950, #8027, .T. ) ;
#5243 = AXIS2_PLACEMENT_3D ( 'NONE', #1475, #8347, #8207 ) ;
#5244 = DIRECTION ( 'NONE',  ( -1.000000000000000000, 0.000000000000000000, 0.000000000000000000 ) ) ;
#5245 = CARTESIAN_POINT ( 'NONE',  ( -42.50000000000000711, -65.00000000000002842, 0.000000000000000000 ) ) ;
#5246 = CARTESIAN_POINT ( 'NONE',  ( -38.50000000000000000, -51.75735931288074454, -11.17725854553476772 ) ) ;
#5247 = ORIENTED_EDGE ( 'NONE', *, *, #117, .T. ) ;
#5248 =( NAMED_UNIT ( * ) SI_UNIT ( $, .STERADIAN. ) SOLID_ANGLE_UNIT ( ) );
#5249 = ORIENTED_EDGE ( 'NONE', *, *, #6337, .F. ) ;
#5250 = CIRCLE ( 'NONE', #1081, 1.649999999999995914 ) ;
#5251 = ORIENTED_EDGE ( 'NONE', *, *, #3621, .T. ) ;
#5252 = CARTESIAN_POINT ( 'NONE',  ( -31.00000000000001066, -38.52037643143882661, -30.19911837050837278 ) ) ;
#5253 = LINE ( 'NONE', #1027, #1442 ) ;
#5254 = SURFACE_STYLE_FILL_AREA ( #2507 ) ;
#5255 = ORIENTED_EDGE ( 'NONE', *, *, #3671, .F. ) ;
#5256 = AXIS2_PLACEMENT_3D ( 'NONE', #4680, #4721, #4185 ) ;
#5257 = EDGE_CURVE ( 'NONE', #2156, #6919, #989, .T. ) ;
#5258 = CARTESIAN_POINT ( 'NONE',  ( 39.94999999999998863, -51.11515718961152288, 31.79999999999997939 ) ) ;
#5259 = DIRECTION ( 'NONE',  ( 0.000000000000000000, 0.3162277660168377191, -0.9486832980505139901 ) ) ;
#5260 = PLANE ( 'NONE',  #2147 ) ;
#5261 = ORIENTED_EDGE ( 'NONE', *, *, #8789, .F. ) ;
#5262 = AXIS2_PLACEMENT_3D ( 'NONE', #3353, #7393, #1249 ) ;
#5263 =( BOUNDED_CURVE ( )  B_SPLINE_CURVE ( 3, ( #3792, #368, #1715, #4541 ),
 .UNSPECIFIED., .F., .T. ) 
 B_SPLINE_CURVE_WITH_KNOTS ( ( 4, 4 ),
 ( 0.000000000000000000, 1.570796326794893893 ),
 .UNSPECIFIED. ) 
 CURVE ( )  GEOMETRIC_REPRESENTATION_ITEM ( )  RATIONAL_B_SPLINE_CURVE ( ( 1.000000000000000000, 0.8047378541243654926, 0.8047378541243654926, 1.000000000000000000 ) ) 
 REPRESENTATION_ITEM ( '' )  );
#5264 = VECTOR ( 'NONE', #7868, 1000.000000000000000 ) ;
#5265 = VERTEX_POINT ( 'NONE', #7775 ) ;
#5266 = ORIENTED_EDGE ( 'NONE', *, *, #2020, .F. ) ;
#5267 = AXIS2_PLACEMENT_3D ( 'NONE', #7811, #2596, #4042 ) ;
#5268 = DIRECTION ( 'NONE',  ( -0.000000000000000000, 1.000000000000000000, -0.000000000000000000 ) ) ;
#5269 = VERTEX_POINT ( 'NONE', #3783 ) ;
#5270 = DIRECTION ( 'NONE',  ( 0.000000000000000000, -2.434699615406044823E-15, -1.000000000000000000 ) ) ;
#5271 = EDGE_CURVE ( 'NONE', #5383, #3828, #2429, .T. ) ;
#5272 = SURFACE_STYLE_USAGE ( .BOTH. , #2438 ) ;
#5273 = PRESENTATION_LAYER_ASSIGNMENT (  '', '', ( #6416 ) ) ;
#5274 = CARTESIAN_POINT ( 'NONE',  ( 33.54999999999998295, -72.10581084864197976, 15.15141316081601985 ) ) ;
#5275 = VECTOR ( 'NONE', #5244, 1000.000000000000000 ) ;
#5276 = CARTESIAN_POINT ( 'NONE',  ( -19.19999999999997442, -60.25000000000004263, -6.331132676734938514 ) ) ;
#5277 = CIRCLE ( 'NONE', #6125, 3.999999999999998224 ) ;
#5278 = LINE ( 'NONE', #2571, #3706 ) ;
#5279 = CARTESIAN_POINT ( 'NONE',  ( 43.50000000000000000, -56.50000000000004263, 9.084491678042205365 ) ) ;
#5280 = ORIENTED_EDGE ( 'NONE', *, *, #2819, .F. ) ;
#5281 = AXIS2_PLACEMENT_3D ( 'NONE', #6706, #549, #3285 ) ;
#5282 = CARTESIAN_POINT ( 'NONE',  ( 41.69999999999999574, -60.77133123440132323, 31.99999999999998579 ) ) ;
#5283 = CARTESIAN_POINT ( 'NONE',  ( 50.49999999999998579, 65.99999999999995737, 0.000000000000000000 ) ) ;
#5284 =( NAMED_UNIT ( * ) PLANE_ANGLE_UNIT ( ) SI_UNIT ( $, .RADIAN. ) );
#5285 = EDGE_CURVE ( 'NONE', #7866, #135, #8308, .T. ) ;
#5286 = EDGE_CURVE ( 'NONE', #6996, #2472, #5670, .T. ) ;
#5287 = UNCERTAINTY_MEASURE_WITH_UNIT (LENGTH_MEASURE( 1.000000000000000082E-05 ), #6086, 'distance_accuracy_value', 'NONE');
#5288 = VECTOR ( 'NONE', #4497, 999.9999999999998863 ) ;
#5289 = ORIENTED_EDGE ( 'NONE', *, *, #8177, .F. ) ;
#5290 = LINE ( 'NONE', #1186, #3625 ) ;
#5291 = VERTEX_POINT ( 'NONE', #942 ) ;
#5292 = DIRECTION ( 'NONE',  ( -1.000000000000000000, 0.000000000000000000, 0.000000000000000000 ) ) ;
#5293 = DIRECTION ( 'NONE',  ( 0.000000000000000000, 0.9899786446783979121, -0.1412171486779219554 ) ) ;
#5294 = LINE ( 'NONE', #6135, #6530 ) ;
#5295 = CARTESIAN_POINT ( 'NONE',  ( 36.49999999999999289, -58.00000000000002132, -1.000000000000000000 ) ) ;
#5296 = ORIENTED_EDGE ( 'NONE', *, *, #2645, .F. ) ;
#5297 = VECTOR ( 'NONE', #8098, 1000.000000000000114 ) ;
#5298 =( GEOMETRIC_REPRESENTATION_CONTEXT ( 3 ) GLOBAL_UNCERTAINTY_ASSIGNED_CONTEXT ( ( #3875 ) ) GLOBAL_UNIT_ASSIGNED_CONTEXT ( ( #6028, #3283, #4055 ) ) REPRESENTATION_CONTEXT ( 'NONE', 'WORKASPACE' ) );
#5299 = DIRECTION ( 'NONE',  ( 1.000000000000000000, 0.000000000000000000, 0.000000000000000000 ) ) ;
#5300 = VERTEX_POINT ( 'NONE', #1578 ) ;
#5301 = EDGE_CURVE ( 'NONE', #2239, #5610, #3054, .T. ) ;
#5302 = ORIENTED_EDGE ( 'NONE', *, *, #3661, .T. ) ;
#5303 = LINE ( 'NONE', #8030, #4469 ) ;
#5304 = DIRECTION ( 'NONE',  ( 0.000000000000000000, -1.000000000000000000, 0.000000000000000000 ) ) ;
#5305 = ORIENTED_EDGE ( 'NONE', *, *, #342, .T. ) ;
#5306 = LINE ( 'NONE', #8032, #3968 ) ;
#5307 = DIRECTION ( 'NONE',  ( 1.000000000000000000, 0.000000000000000000, 0.000000000000000000 ) ) ;
#5308 = CARTESIAN_POINT ( 'NONE',  ( 24.49999999999999645, 61.49999999999997158, 4.500000000000000000 ) ) ;
#5309 = ORIENTED_EDGE ( 'NONE', *, *, #753, .T. ) ;
#5310 = AXIS2_PLACEMENT_3D ( 'NONE', #7783, #6440, #1717 ) ;
#5311 = ORIENTED_EDGE ( 'NONE', *, *, #6672, .T. ) ;
#5312 = EDGE_CURVE ( 'NONE', #8232, #3722, #223, .T. ) ;
#5313 = EDGE_LOOP ( 'NONE', ( #275, #1917, #7323, #8858 ) ) ;
#5314 = DIRECTION ( 'NONE',  ( -1.000000000000000000, 0.000000000000000000, 0.000000000000000000 ) ) ;
#5315 = UNCERTAINTY_MEASURE_WITH_UNIT (LENGTH_MEASURE( 1.000000000000000082E-05 ), #5322, 'distance_accuracy_value', 'NONE');
#5316 = ORIENTED_EDGE ( 'NONE', *, *, #7912, .F. ) ;
#5317 = VECTOR ( 'NONE', #5126, 1000.000000000000000 ) ;
#5318 = CARTESIAN_POINT ( 'NONE',  ( 38.65000000000000568, 43.39850362162523112, -24.75092472089291107 ) ) ;
#5319 =( BOUNDED_CURVE ( )  B_SPLINE_CURVE ( 3, ( #6462, #1692, #2369, #2946 ),
 .UNSPECIFIED., .F., .T. ) 
 B_SPLINE_CURVE_WITH_KNOTS ( ( 4, 4 ),
 ( 5.765527428172918967, 6.283185307179586232 ),
 .UNSPECIFIED. ) 
 CURVE ( )  GEOMETRIC_REPRESENTATION_ITEM ( )  RATIONAL_B_SPLINE_CURVE ( ( 1.000000000000000000, 0.9777935815328785418, 0.9777935815328785418, 1.000000000000000000 ) ) 
 REPRESENTATION_ITEM ( '' )  );
#5320 = DIRECTION ( 'NONE',  ( 1.000000000000000000, 0.000000000000000000, 0.000000000000000000 ) ) ;
#5321 = EDGE_CURVE ( 'NONE', #8837, #7217, #897, .T. ) ;
#5322 =( LENGTH_UNIT ( ) NAMED_UNIT ( * ) SI_UNIT ( .MILLI., .METRE. ) );
#5323 = DIRECTION ( 'NONE',  ( 0.000000000000000000, 0.000000000000000000, 1.000000000000000000 ) ) ;
#5324 = SURFACE_STYLE_USAGE ( .BOTH. , #632 ) ;
#5325 =( LENGTH_UNIT ( ) NAMED_UNIT ( * ) SI_UNIT ( .MILLI., .METRE. ) );
#5326 = VERTEX_POINT ( 'NONE', #2261 ) ;
#5327 = AXIS2_PLACEMENT_3D ( 'NONE', #1575, #8346, #220 ) ;
#5328 = CYLINDRICAL_SURFACE ( 'NONE', #6236, 2.500000000000002220 ) ;
#5329 = DIRECTION ( 'NONE',  ( -1.000000000000000000, 0.000000000000000000, 0.000000000000000000 ) ) ;
#5330 = DIRECTION ( 'NONE',  ( -0.000000000000000000, -0.1412171486779217056, -0.9899786446783980232 ) ) ;
#5331 = AXIS2_PLACEMENT_3D ( 'NONE', #2207, #2159, #800 ) ;
#5332 = VERTEX_POINT ( 'NONE', #7732 ) ;
#5333 = CARTESIAN_POINT ( 'NONE',  ( 46.49999999999998579, 65.99999999999998579, 0.000000000000000000 ) ) ;
#5334 = ORIENTED_EDGE ( 'NONE', *, *, #1254, .F. ) ;
#5335 = CYLINDRICAL_SURFACE ( 'NONE', #6850, 6.250000000000012434 ) ;
#5336 = EDGE_CURVE ( 'NONE', #385, #647, #271, .T. ) ;
#5337 = EDGE_CURVE ( 'NONE', #4862, #8772, #4366, .T. ) ;
#5338 = CARTESIAN_POINT ( 'NONE',  ( -35.49999999999997868, 52.04522303281746787, 27.74466640128494532 ) ) ;
#5339 = ORIENTED_EDGE ( 'NONE', *, *, #5592, .T. ) ;
#5340 = ORIENTED_EDGE ( 'NONE', *, *, #1550, .F. ) ;
#5341 = LINE ( 'NONE', #5429, #3248 ) ;
#5342 = CIRCLE ( 'NONE', #3042, 3.000000000000002665 ) ;
#5343 = LINE ( 'NONE', #7438, #8179 ) ;
#5344 = CARTESIAN_POINT ( 'NONE',  ( 50.49999999999999289, -70.00000000000001421, 4.500000000000000000 ) ) ;
#5345 = ORIENTED_EDGE ( 'NONE', *, *, #7570, .F. ) ;
#5346 = PLANE ( 'NONE',  #233 ) ;
#5347 = ADVANCED_FACE ( 'NONE', ( #8532 ), #1706, .F. ) ;
#5348 = LINE ( 'NONE', #2637, #7857 ) ;
#5349 = DIRECTION ( 'NONE',  ( 0.000000000000000000, -0.9986295347545737222, 0.05233595624294712367 ) ) ;
#5350 = EDGE_CURVE ( 'NONE', #8325, #790, #8074, .T. ) ;
#5351 = ORIENTED_EDGE ( 'NONE', *, *, #2071, .T. ) ;
#5352 = CLOSED_SHELL ( 'NONE', ( #5904, #3009, #4973, #998, #909, #4881, #392, #4848, #8628, #1427, #3488, #1908, #353, #2479, #807, #5779, #5086, #2635, #7207, #462, #5969, #8081, #6493, #8295, #8410, #8228, #2295, #8106, #1158, #1560, #4001, #420, #1757, #1851, #3119, #8275, #5809, #3433, #2609, #1407, #7852, #1266, #5368, #5231, #4536, #867, #3324, #4367, #2034, #6391, #1032, #5934, #2406, #7465, #1275, #3138, #6068, #3880, #6886, #3293, #1395, #6983, #7768, #8239, #2019, #4056, #8388, #8095, #2692, #1187, #4427, #2008, #2357, #6021, #606, #7758, #559, #7356, #2830, #8484, #1957, #187, #5972, #6348, #3965, #4861, #1816, #5171, #938, #483, #6468, #5466, #6378, #4931, #1603, #4162, #6552, #2859, #7934, #2452, #2163, #3240, #833, #389, #3367, #1021, #6632, #3463 ) ) ;
#5353 = VERTEX_POINT ( 'NONE', #3911 ) ;
#5354 = ORIENTED_EDGE ( 'NONE', *, *, #5017, .T. ) ;
#5355 = CARTESIAN_POINT ( 'NONE',  ( 38.65000000000000568, -43.69486764395684020, -12.32734606595275118 ) ) ;
#5356 = ORIENTED_EDGE ( 'NONE', *, *, #1101, .F. ) ;
#5357 = COLOUR_RGB ( '',0.1019607843137254888, 0.1019607843137254888, 0.1019607843137254888 ) ;
#5358 = CARTESIAN_POINT ( 'NONE',  ( -36.15000000000000568, -39.83472008604428538, -30.39446486877612941 ) ) ;
#5359 = LINE ( 'NONE', #7955, #3921 ) ;
#5360 = FACE_OUTER_BOUND ( 'NONE', #2306, .T. ) ;
#5361 = ADVANCED_FACE ( 'NONE', ( #1881 ), #3222, .F. ) ;
#5362 = LINE ( 'NONE', #2022, #2060 ) ;
#5363 = DIRECTION ( 'NONE',  ( 0.000000000000000000, 0.000000000000000000, 1.000000000000000000 ) ) ;
#5364 = CARTESIAN_POINT ( 'NONE',  ( -43.50000000000000000, -61.00000000000004974, 10.94313326496945038 ) ) ;
#5365 = CYLINDRICAL_SURFACE ( 'NONE', #8427, 3.999999999999998224 ) ;
#5366 = DIRECTION ( 'NONE',  ( 0.000000000000000000, 1.000000000000000000, 0.000000000000000000 ) ) ;
#5367 = FACE_OUTER_BOUND ( 'NONE', #8814, .T. ) ;
#5368 = ADVANCED_FACE ( 'NONE', ( #4666 ), #2510, .T. ) ;
#5369 = FILL_AREA_STYLE ('',( #5990 ) ) ;
#5370 = COLOUR_RGB ( '',0.1019607843137254888, 0.1019607843137254888, 0.1019607843137254888 ) ;
#5371 = CARTESIAN_POINT ( 'NONE',  ( -9.480864938011854268E-15, 68.99999999999997158, 4.500000000000000000 ) ) ;
#5372 = CARTESIAN_POINT ( 'NONE',  ( 2.500000000000000444, 62.15058174320375883, 31.89999999999998437 ) ) ;
#5373 = DIRECTION ( 'NONE',  ( 0.000000000000000000, 0.000000000000000000, 1.000000000000000000 ) ) ;
#5374 = EDGE_LOOP ( 'NONE', ( #6338, #4170 ) ) ;
#5375 = CARTESIAN_POINT ( 'NONE',  ( -31.00000000000001066, -44.98889500829119470, 13.32281021062089010 ) ) ;
#5376 = ORIENTED_EDGE ( 'NONE', *, *, #6047, .F. ) ;
#5377 = DIRECTION ( 'NONE',  ( 0.000000000000000000, 0.000000000000000000, 1.000000000000000000 ) ) ;
#5378 = EDGE_CURVE ( 'NONE', #5694, #250, #8791, .T. ) ;
#5379 = CARTESIAN_POINT ( 'NONE',  ( 35.04999999999999005, -72.12151163551486377, 14.85182430038964796 ) ) ;
#5380 = FACE_OUTER_BOUND ( 'NONE', #6018, .T. ) ;
#5381 = ORIENTED_EDGE ( 'NONE', *, *, #88, .T. ) ;
#5382 = CARTESIAN_POINT ( 'NONE',  ( -43.50000000000002132, 72.99999999999997158, -1.000000000000000000 ) ) ;
#5383 = VERTEX_POINT ( 'NONE', #8659 ) ;
#5384 = EDGE_LOOP ( 'NONE', ( #45, #7517, #4033 ) ) ;
#5385 = VECTOR ( 'NONE', #7504, 1000.000000000000000 ) ;
#5386 = PRESENTATION_STYLE_ASSIGNMENT (( #7349 ) ) ;
#5387 = CARTESIAN_POINT ( 'NONE',  ( 38.44999999999998153, -51.11515718961152288, 31.79999999999997939 ) ) ;
#5388 = ORIENTED_EDGE ( 'NONE', *, *, #2089, .F. ) ;
#5389 = CARTESIAN_POINT ( 'NONE',  ( -19.19999999999997087, -47.75000000000001421, 12.91243641713850465 ) ) ;
#5390 = CARTESIAN_POINT ( 'NONE',  ( -5.493370263725178998E-16, -44.45518487432007504, -31.08118908553368342 ) ) ;
#5391 = DIRECTION ( 'NONE',  ( 0.000000000000000000, -0.05233595624294608284, -0.9986295347545738332 ) ) ;
#5392 = ORIENTED_EDGE ( 'NONE', *, *, #5517, .F. ) ;
#5393 = CIRCLE ( 'NONE', #5686, 2.500000000000002220 ) ;
#5394 = ORIENTED_EDGE ( 'NONE', *, *, #8197, .T. ) ;
#5395 = ADVANCED_FACE ( 'NONE', ( #4000 ), #6648, .F. ) ;
#5396 = ORIENTED_EDGE ( 'NONE', *, *, #5378, .F. ) ;
#5397 = EDGE_CURVE ( 'NONE', #3552, #4110, #7310, .T. ) ;
#5398 = DIRECTION ( 'NONE',  ( -1.000000000000000000, -0.000000000000000000, -0.000000000000000000 ) ) ;
#5399 = UNCERTAINTY_MEASURE_WITH_UNIT (LENGTH_MEASURE( 1.000000000000000082E-05 ), #6913, 'distance_accuracy_value', 'NONE');
#5400 = ORIENTED_EDGE ( 'NONE', *, *, #972, .T. ) ;
#5401 = AXIS2_PLACEMENT_3D ( 'NONE', #6536, #875, #7121 ) ;
#5402 = CARTESIAN_POINT ( 'NONE',  ( 26.44999999999998863, -57.75000000000000000, 13.19999999999999929 ) ) ;
#5403 = COLOUR_RGB ( '',0.4980392156862745168, 0.4980392156862745168, 0.4980392156862745168 ) ;
#5404 = DIRECTION ( 'NONE',  ( 0.000000000000000000, -0.05233595624295107190, -0.9986295347545733891 ) ) ;
#5405 = AXIS2_PLACEMENT_3D ( 'NONE', #774, #7644, #1984 ) ;
#5406 = AXIS2_PLACEMENT_3D ( 'NONE', #4052, #8754, #1928 ) ;
#5407 = EDGE_CURVE ( 'NONE', #2876, #2943, #1860, .T. ) ;
#5408 = FILL_AREA_STYLE ('',( #7455 ) ) ;
#5409 = VECTOR ( 'NONE', #1886, 1000.000000000000000 ) ;
#5410 = CARTESIAN_POINT ( 'NONE',  ( -45.20000000000000284, 59.19999999999996021, 44.00000000000000711 ) ) ;
#5411 = FILL_AREA_STYLE_COLOUR ( '', #85 ) ;
#5412 = VECTOR ( 'NONE', #3856, 1000.000000000000000 ) ;
#5413 = DIRECTION ( 'NONE',  ( 0.000000000000000000, -0.4694715627858940810, -0.8829475928589252121 ) ) ;
#5414 = VECTOR ( 'NONE', #8334, 1000.000000000000114 ) ;
#5415 = DIRECTION ( 'NONE',  ( 0.000000000000000000, -0.4694715627858940810, -0.8829475928589252121 ) ) ;
#5416 = EDGE_CURVE ( 'NONE', #2105, #5471, #6563, .T. ) ;
#5417 = ORIENTED_EDGE ( 'NONE', *, *, #434, .F. ) ;
#5418 = DIRECTION ( 'NONE',  ( 0.000000000000000000, 0.1470117858375538933, -0.9891347404802104393 ) ) ;
#5419 = ORIENTED_EDGE ( 'NONE', *, *, #8314, .T. ) ;
#5420 = COLOUR_RGB ( '',0.1019607843137254888, 0.1019607843137254888, 0.1019607843137254888 ) ;
#5421 = PLANE ( 'NONE',  #973 ) ;
#5422 = DIRECTION ( 'NONE',  ( -0.000000000000000000, 0.000000000000000000, -1.000000000000000000 ) ) ;
#5423 = ORIENTED_EDGE ( 'NONE', *, *, #3110, .F. ) ;
#5424 = DIRECTION ( 'NONE',  ( 0.000000000000000000, 0.1470117858375537823, -0.9891347404802103283 ) ) ;
#5425 = VECTOR ( 'NONE', #8158, 1000.000000000000000 ) ;
#5426 = CIRCLE ( 'NONE', #8002, 1.000000000000003997 ) ;
#5427 = EDGE_CURVE ( 'NONE', #7565, #3302, #1793, .T. ) ;
#5428 = EDGE_LOOP ( 'NONE', ( #8369, #6771 ) ) ;
#5429 = CARTESIAN_POINT ( 'NONE',  ( 43.50000000000000000, 20.16695995775648242, 20.47924533178016304 ) ) ;
#5430 = CARTESIAN_POINT ( 'NONE',  ( -33.99999999999999289, 45.19365809902219411, 26.72634123740464673 ) ) ;
#5431 = DIRECTION ( 'NONE',  ( 0.000000000000000000, 0.1470117858375539210, -0.9891347404802105503 ) ) ;
#5432 = ORIENTED_EDGE ( 'NONE', *, *, #804, .T. ) ;
#5433 = DIRECTION ( 'NONE',  ( -1.000000000000000000, 0.000000000000000000, 0.000000000000000000 ) ) ;
#5434 = STYLED_ITEM ( 'NONE', ( #6198 ), #7063 ) ;
#5435 = CARTESIAN_POINT ( 'NONE',  ( 28.99999999999999289, -50.55617398657856398, 9.967902644395069345 ) ) ;
#5436 = DIRECTION ( 'NONE',  ( 0.000000000000000000, -0.4694715627858940810, -0.8829475928589252121 ) ) ;
#5437 = EDGE_LOOP ( 'NONE', ( #4603, #6569 ) ) ;
#5438 = ORIENTED_EDGE ( 'NONE', *, *, #4789, .F. ) ;
#5439 = PRESENTATION_LAYER_ASSIGNMENT (  '', '', ( #8863 ) ) ;
#5440 = VERTEX_POINT ( 'NONE', #5308 ) ;
#5441 = CARTESIAN_POINT ( 'NONE',  ( 34.50000000000000711, -43.10021355321604375, -12.41217148677922744 ) ) ;
#5442 = ORIENTED_EDGE ( 'NONE', *, *, #6553, .T. ) ;
#5443 = DIRECTION ( 'NONE',  ( 1.000000000000000000, -0.000000000000000000, -0.000000000000000000 ) ) ;
#5444 = CARTESIAN_POINT ( 'NONE',  ( 50.49999999999999289, 68.47605736279788857, 28.99999999999998934 ) ) ;
#5445 =( LENGTH_UNIT ( ) NAMED_UNIT ( * ) SI_UNIT ( .MILLI., .METRE. ) );
#5446 = AXIS2_PLACEMENT_3D ( 'NONE', #7363, #3280, #500 ) ;
#5447 = EDGE_CURVE ( 'NONE', #4085, #2772, #8115, .T. ) ;
#5448 =( NAMED_UNIT ( * ) PLANE_ANGLE_UNIT ( ) SI_UNIT ( $, .RADIAN. ) );
#5449 = DIRECTION ( 'NONE',  ( -1.000000000000000000, 0.000000000000000000, 0.000000000000000000 ) ) ;
#5450 =( GEOMETRIC_REPRESENTATION_CONTEXT ( 3 ) GLOBAL_UNCERTAINTY_ASSIGNED_CONTEXT ( ( #8682 ) ) GLOBAL_UNIT_ASSIGNED_CONTEXT ( ( #2308, #5840, #7904 ) ) REPRESENTATION_CONTEXT ( 'NONE', 'WORKASPACE' ) );
#5451 = FILL_AREA_STYLE_COLOUR ( '', #672 ) ;
#5452 = DIRECTION ( 'NONE',  ( -0.000000000000000000, -0.1412171486779217056, -0.9899786446783980232 ) ) ;
#5453 = DIRECTION ( 'NONE',  ( -0.000000000000000000, -0.8829475928589253231, 0.4694715627858939144 ) ) ;
#5454 = FACE_OUTER_BOUND ( 'NONE', #5885, .T. ) ;
#5455 = SURFACE_SIDE_STYLE ('',( #3377 ) ) ;
#5456 = EDGE_CURVE ( 'NONE', #1047, #438, #6876, .T. ) ;
#5457 = FACE_OUTER_BOUND ( 'NONE', #5582, .T. ) ;
#5458 = CARTESIAN_POINT ( 'NONE',  ( 42.50000000000000000, -65.00000000000002842, 0.000000000000000000 ) ) ;
#5459 = UNCERTAINTY_MEASURE_WITH_UNIT (LENGTH_MEASURE( 1.000000000000000082E-05 ), #4819, 'distance_accuracy_value', 'NONE');
#5460 = VERTEX_POINT ( 'NONE', #3868 ) ;
#5461 = VECTOR ( 'NONE', #3174, 1000.000000000000000 ) ;
#5462 = ORIENTED_EDGE ( 'NONE', *, *, #37, .F. ) ;
#5463 = CARTESIAN_POINT ( 'NONE',  ( 34.64999999999999147, -69.44447162738498491, 24.71568235891385967 ) ) ;
#5464 = CARTESIAN_POINT ( 'NONE',  ( 29.49999999999999645, -71.95184441433913491, 20.00000000000000000 ) ) ;
#5465 = CARTESIAN_POINT ( 'NONE',  ( -17.99999999999999645, -56.50000000000004263, 1.000000000000000444 ) ) ;
#5466 = ADVANCED_FACE ( 'NONE', ( #6606 ), #5260, .T. ) ;
#5467 = ORIENTED_EDGE ( 'NONE', *, *, #2804, .T. ) ;
#5468 = DIRECTION ( 'NONE',  ( 0.7071067811865494601, -0.7000206128819610463, 0.09985560344998678506 ) ) ;
#5469 =( BOUNDED_CURVE ( )  B_SPLINE_CURVE ( 3, ( #6192, #8393, #134, #5623 ),
 .UNSPECIFIED., .F., .T. ) 
 B_SPLINE_CURVE_WITH_KNOTS ( ( 4, 4 ),
 ( 1.688401423874098306, 3.141592653589793116 ),
 .UNSPECIFIED. ) 
 CURVE ( )  GEOMETRIC_REPRESENTATION_ITEM ( )  RATIONAL_B_SPLINE_CURVE ( ( 1.000000000000000000, 0.8316269072103081861, 0.8316269072103081861, 1.000000000000000000 ) ) 
 REPRESENTATION_ITEM ( '' )  );
#5470 = AXIS2_PLACEMENT_3D ( 'NONE', #2256, #6958, #2304 ) ;
#5471 = VERTEX_POINT ( 'NONE', #6146 ) ;
#5472 = DIRECTION ( 'NONE',  ( -1.000000000000000000, -1.802310104910968887E-16, 0.000000000000000000 ) ) ;
#5473 = CARTESIAN_POINT ( 'NONE',  ( 30.89999999999999858, -72.27328590861941393, 11.95579864960138750 ) ) ;
#5474 = VERTEX_POINT ( 'NONE', #2199 ) ;
#5475 = CARTESIAN_POINT ( 'NONE',  ( 24.44999999999998508, -60.25000000000002132, 13.19999999999999929 ) ) ;
#5476 = LINE ( 'NONE', #7479, #6434 ) ;
#5477 = FACE_OUTER_BOUND ( 'NONE', #622, .T. ) ;
#5478 = EDGE_CURVE ( 'NONE', #1752, #990, #7575, .T. ) ;
#5479 = ORIENTED_EDGE ( 'NONE', *, *, #3050, .F. ) ;
#5480 = VERTEX_POINT ( 'NONE', #2007 ) ;
#5481 = MECHANICAL_DESIGN_GEOMETRIC_PRESENTATION_REPRESENTATION (  '', ( #5495 ), #4775 ) ;
#5482 = ORIENTED_EDGE ( 'NONE', *, *, #5933, .F. ) ;
#5483 = LINE ( 'NONE', #8206, #4681 ) ;
#5484 = UNCERTAINTY_MEASURE_WITH_UNIT (LENGTH_MEASURE( 1.000000000000000082E-05 ), #7050, 'distance_accuracy_value', 'NONE');
#5485 = ORIENTED_EDGE ( 'NONE', *, *, #8306, .T. ) ;
#5486 = DIRECTION ( 'NONE',  ( 0.000000000000000000, 0.7758451142123504729, -0.6309234175023342717 ) ) ;
#5487 = LINE ( 'NONE', #4225, #7528 ) ;
#5488 = CARTESIAN_POINT ( 'NONE',  ( -24.44999999999998508, -62.75000000000005684, 13.19999999999999929 ) ) ;
#5489 = EDGE_CURVE ( 'NONE', #7935, #2600, #7622, .T. ) ;
#5490 = ORIENTED_EDGE ( 'NONE', *, *, #49, .F. ) ;
#5491 = AXIS2_PLACEMENT_3D ( 'NONE', #3430, #4824, #6715 ) ;
#5492 = DIRECTION ( 'NONE',  ( -0.000000000000000000, -0.000000000000000000, -1.000000000000000000 ) ) ;
#5493 =( NAMED_UNIT ( * ) PLANE_ANGLE_UNIT ( ) SI_UNIT ( $, .RADIAN. ) );
#5494 = DIRECTION ( 'NONE',  ( 0.000000000000000000, -1.000000000000000000, 0.000000000000000000 ) ) ;
#5495 = STYLED_ITEM ( 'NONE', ( #6534 ), #6798 ) ;
#5496 =( NAMED_UNIT ( * ) PLANE_ANGLE_UNIT ( ) SI_UNIT ( $, .RADIAN. ) );
#5497 = CARTESIAN_POINT ( 'NONE',  ( -36.15000000000000568, -46.30323866289666057, 13.12746371235313525 ) ) ;
#5498 = PRESENTATION_STYLE_ASSIGNMENT (( #3471 ) ) ;
#5499 =( NAMED_UNIT ( * ) PLANE_ANGLE_UNIT ( ) SI_UNIT ( $, .RADIAN. ) );
#5500 = SURFACE_STYLE_FILL_AREA ( #5638 ) ;
#5501 = DIRECTION ( 'NONE',  ( -0.000000000000000000, 0.000000000000000000, 1.000000000000000000 ) ) ;
#5502 =( LENGTH_UNIT ( ) NAMED_UNIT ( * ) SI_UNIT ( .MILLI., .METRE. ) );
#5503 = VECTOR ( 'NONE', #297, 1000.000000000000114 ) ;
#5504 = CIRCLE ( 'NONE', #1631, 1.649999999999982148 ) ;
#5505 = EDGE_CURVE ( 'NONE', #3013, #1230, #6470, .T. ) ;
#5506 = ORIENTED_EDGE ( 'NONE', *, *, #8210, .T. ) ;
#5507 = EDGE_CURVE ( 'NONE', #2035, #7217, #1421, .T. ) ;
#5508 = VECTOR ( 'NONE', #7554, 1000.000000000000000 ) ;
#5509 = ORIENTED_EDGE ( 'NONE', *, *, #2020, .T. ) ;
#5510 = SURFACE_STYLE_USAGE ( .BOTH. , #6988 ) ;
#5511 = LINE ( 'NONE', #1453, #1541 ) ;
#5512 = SURFACE_STYLE_FILL_AREA ( #1359 ) ;
#5513 = ORIENTED_EDGE ( 'NONE', *, *, #8778, .T. ) ;
#5514 = DIRECTION ( 'NONE',  ( 0.000000000000000000, 0.000000000000000000, 1.000000000000000000 ) ) ;
#5515 = VECTOR ( 'NONE', #2298, 1000.000000000000114 ) ;
#5516 = ORIENTED_EDGE ( 'NONE', *, *, #4963, .T. ) ;
#5517 = EDGE_CURVE ( 'NONE', #137, #7006, #6284, .T. ) ;
#5518 = DIRECTION ( 'NONE',  ( 0.000000000000000000, 0.9486832980505139901, 0.3162277660168376636 ) ) ;
#5519 = DIRECTION ( 'NONE',  ( 0.000000000000000000, 0.000000000000000000, 1.000000000000000000 ) ) ;
#5520 = DIRECTION ( 'NONE',  ( 1.000000000000000000, 0.000000000000000000, 0.000000000000000000 ) ) ;
#5521 = ORIENTED_EDGE ( 'NONE', *, *, #4873, .T. ) ;
#5522 = COLOUR_RGB ( '',0.1019607843137254888, 0.1019607843137254888, 0.1019607843137254888 ) ;
#5523 = DIRECTION ( 'NONE',  ( 0.000000000000000000, 0.9899786446783979121, -0.1412171486779219554 ) ) ;
#5524 = LINE ( 'NONE', #750, #4788 ) ;
#5525 = DIRECTION ( 'NONE',  ( 0.000000000000000000, 0.9899786446783979121, -0.1412171486779215390 ) ) ;
#5526 = ORIENTED_EDGE ( 'NONE', *, *, #1436, .T. ) ;
#5527 =( GEOMETRIC_REPRESENTATION_CONTEXT ( 3 ) GLOBAL_UNCERTAINTY_ASSIGNED_CONTEXT ( ( #1945 ) ) GLOBAL_UNIT_ASSIGNED_CONTEXT ( ( #1304, #2789, #3474 ) ) REPRESENTATION_CONTEXT ( 'NONE', 'WORKASPACE' ) );
#5528 = ORIENTED_EDGE ( 'NONE', *, *, #5336, .T. ) ;
#5529 = EDGE_CURVE ( 'NONE', #299, #8299, #703, .T. ) ;
#5530 = CARTESIAN_POINT ( 'NONE',  ( 31.69999999999997797, -68.40386580794734073, 9.842721470718338139 ) ) ;
#5531 = CARTESIAN_POINT ( 'NONE',  ( -32.99999999999998579, -37.53124169095861618, -30.05210658467080620 ) ) ;
#5532 = ORIENTED_EDGE ( 'NONE', *, *, #6492, .T. ) ;
#5533 = FACE_BOUND ( 'NONE', #3183, .T. ) ;
#5534 = ORIENTED_EDGE ( 'NONE', *, *, #2653, .F. ) ;
#5535 = VECTOR ( 'NONE', #5304, 1000.000000000000000 ) ;
#5536 = CARTESIAN_POINT ( 'NONE',  ( 55.29999999999999716, -59.00000000000003553, 0.000000000000000000 ) ) ;
#5537 = APPLICATION_PROTOCOL_DEFINITION ( 'draft international standard', 'automotive_design', 1998, #4228 ) ;
#5538 = EDGE_CURVE ( 'NONE', #5649, #2051, #7887, .T. ) ;
#5539 = VECTOR ( 'NONE', #4559, 999.9999999999998863 ) ;
#5540 = DIRECTION ( 'NONE',  ( -0.000000000000000000, 0.000000000000000000, -1.000000000000000000 ) ) ;
#5541 = CARTESIAN_POINT ( 'NONE',  ( -36.15000000000000568, -42.10972998914877508, -30.73259197620250305 ) ) ;
#5542 = AXIS2_PLACEMENT_3D ( 'NONE', #276, #1488, #141 ) ;
#5543 = CARTESIAN_POINT ( 'NONE',  ( 40.19999999999998863, -45.61515718961151578, 31.79999999999997939 ) ) ;
#5544 = LINE ( 'NONE', #8269, #1670 ) ;
#5545 = DIRECTION ( 'NONE',  ( 0.000000000000000000, 1.000000000000000000, 0.000000000000000000 ) ) ;
#5546 = CARTESIAN_POINT ( 'NONE',  ( 16.19999999999999574, -63.50000000000002842, 10.19999999999999396 ) ) ;
#5547 = CIRCLE ( 'NONE', #8683, 2.300000000000004263 ) ;
#5548 = LINE ( 'NONE', #8272, #4193 ) ;
#5549 = VECTOR ( 'NONE', #8667, 1000.000000000000000 ) ;
#5550 =( NAMED_UNIT ( * ) SI_UNIT ( $, .STERADIAN. ) SOLID_ANGLE_UNIT ( ) );
#5551 = AXIS2_PLACEMENT_3D ( 'NONE', #2473, #5173, #1166 ) ;
#5552 =( NAMED_UNIT ( * ) SI_UNIT ( $, .STERADIAN. ) SOLID_ANGLE_UNIT ( ) );
#5553 = ORIENTED_EDGE ( 'NONE', *, *, #5987, .F. ) ;
#5554 = DIRECTION ( 'NONE',  ( 0.000000000000000000, 0.1470117858375539210, -0.9891347404802105503 ) ) ;
#5555 =( GEOMETRIC_REPRESENTATION_CONTEXT ( 3 ) GLOBAL_UNCERTAINTY_ASSIGNED_CONTEXT ( ( #4758 ) ) GLOBAL_UNIT_ASSIGNED_CONTEXT ( ( #4524, #3217, #5163 ) ) REPRESENTATION_CONTEXT ( 'NONE', 'WORKASPACE' ) );
#5556 = LINE ( 'NONE', #2085, #7241 ) ;
#5557 = DIRECTION ( 'NONE',  ( -1.000000000000000000, -3.390383253789350440E-15, -5.319617751707764012E-16 ) ) ;
#5558 = EDGE_CURVE ( 'NONE', #6471, #8188, #2765, .T. ) ;
#5559 = DIRECTION ( 'NONE',  ( 0.000000000000000000, -0.1470117858375538933, 0.9891347404802104393 ) ) ;
#5560 = ADVANCED_FACE ( 'NONE', ( #6774 ), #2682, .T. ) ;
#5561 = MECHANICAL_DESIGN_GEOMETRIC_PRESENTATION_REPRESENTATION (  '', ( #1827 ), #3843 ) ;
#5562 = VECTOR ( 'NONE', #3960, 1000.000000000000000 ) ;
#5563 = EDGE_LOOP ( 'NONE', ( #1707, #2336, #6625, #4782 ) ) ;
#5564 = CARTESIAN_POINT ( 'NONE',  ( 30.00000000000000000, -38.52037643143881951, -30.19911837050836567 ) ) ;
#5565 = LINE ( 'NONE', #4793, #3961 ) ;
#5566 = VERTEX_POINT ( 'NONE', #8871 ) ;
#5567 = DIRECTION ( 'NONE',  ( -0.000000000000000000, -0.000000000000000000, 1.000000000000000000 ) ) ;
#5568 = LINE ( 'NONE', #2721, #4887 ) ;
#5569 = VERTEX_POINT ( 'NONE', #3498 ) ;
#5570 = AXIS2_PLACEMENT_3D ( 'NONE', #5390, #3999, #613 ) ;
#5571 = STYLED_ITEM ( 'NONE', ( #2358 ), #8832 ) ;
#5572 = EDGE_CURVE ( 'NONE', #3658, #6494, #4847, .T. ) ;
#5573 = ORIENTED_EDGE ( 'NONE', *, *, #5944, .T. ) ;
#5574 = ORIENTED_EDGE ( 'NONE', *, *, #4144, .F. ) ;
#5575 = CARTESIAN_POINT ( 'NONE',  ( 50.49999999999998579, 65.99999999999995737, 0.000000000000000000 ) ) ;
#5576 = DIRECTION ( 'NONE',  ( 0.000000000000000000, 0.1470117858375539210, -0.9891347404802105503 ) ) ;
#5577 = DIRECTION ( 'NONE',  ( 1.000000000000000000, 0.000000000000000000, 0.000000000000000000 ) ) ;
#5578 = AXIS2_PLACEMENT_3D ( 'NONE', #2847, #2282, #8233 ) ;
#5579 = VERTEX_POINT ( 'NONE', #6233 ) ;
#5580 = LINE ( 'NONE', #7730, #4537 ) ;
#5581 = LINE ( 'NONE', #1384, #8588 ) ;
#5582 = EDGE_LOOP ( 'NONE', ( #1906, #8812, #4978, #3252 ) ) ;
#5583 = EDGE_CURVE ( 'NONE', #3123, #266, #1586, .T. ) ;
#5584 = DIRECTION ( 'NONE',  ( -0.000000000000000000, -0.1412171486779217056, -0.9899786446783980232 ) ) ;
#5585 = CARTESIAN_POINT ( 'NONE',  ( 39.19999999999998153, -48.61515718961152288, 31.89999999999998437 ) ) ;
#5586 = DIRECTION ( 'NONE',  ( 0.000000000000000000, -1.000000000000000000, -0.000000000000000000 ) ) ;
#5587 = DIRECTION ( 'NONE',  ( 0.7071067811865472397, -0.7071067811865479058, 0.000000000000000000 ) ) ;
#5588 = SURFACE_STYLE_USAGE ( .BOTH. , #2838 ) ;
#5589 = SURFACE_SIDE_STYLE ('',( #5500 ) ) ;
#5590 = LINE ( 'NONE', #5546, #3812 ) ;
#5591 = CARTESIAN_POINT ( 'NONE',  ( 46.89999999999999858, 58.99999999999995737, 0.000000000000000000 ) ) ;
#5592 = EDGE_CURVE ( 'NONE', #3229, #7776, #1723, .T. ) ;
#5593 = EDGE_CURVE ( 'NONE', #5891, #3563, #6745, .T. ) ;
#5594 = DIRECTION ( 'NONE',  ( 1.000000000000000000, -4.080396738202869349E-18, 2.745400408344395322E-17 ) ) ;
#5595 = AXIS2_PLACEMENT_3D ( 'NONE', #6431, #3607, #2384 ) ;
#5596 = CARTESIAN_POINT ( 'NONE',  ( -38.69999999999999574, 67.22866876559864124, 31.99999999999998579 ) ) ;
#5597 = ORIENTED_EDGE ( 'NONE', *, *, #8661, .T. ) ;
#5598 = CARTESIAN_POINT ( 'NONE',  ( -35.50000000000000000, -53.00000000000002132, -1.192081353202898958E-14 ) ) ;
#5599 = VERTEX_POINT ( 'NONE', #7480 ) ;
#5600 = CARTESIAN_POINT ( 'NONE',  ( 38.65000000000000568, -45.69957439943059541, -12.04138133987995829 ) ) ;
#5601 = FACE_OUTER_BOUND ( 'NONE', #7485, .T. ) ;
#5602 = LINE ( 'NONE', #4200, #206 ) ;
#5603 = ORIENTED_EDGE ( 'NONE', *, *, #4813, .F. ) ;
#5604 = DIRECTION ( 'NONE',  ( -1.000000000000000000, -1.810146235801888476E-15, 0.000000000000000000 ) ) ;
#5605 = AXIS2_PLACEMENT_3D ( 'NONE', #5178, #2974, #7911 ) ;
#5606 = ORIENTED_EDGE ( 'NONE', *, *, #1228, .F. ) ;
#5607 = DIRECTION ( 'NONE',  ( 0.000000000000000000, 0.000000000000000000, 1.000000000000000000 ) ) ;
#5608 = CARTESIAN_POINT ( 'NONE',  ( 42.49999999999995026, -73.00000000000002842, -1.000000000000000000 ) ) ;
#5609 = DIRECTION ( 'NONE',  ( 0.000000000000000000, 0.000000000000000000, -1.000000000000000000 ) ) ;
#5610 = VERTEX_POINT ( 'NONE', #1328 ) ;
#5611 = APPLICATION_CONTEXT ( 'automotive_design' ) ;
#5612 = EDGE_CURVE ( 'NONE', #2600, #1367, #5568, .T. ) ;
#5613 = ADVANCED_FACE ( 'NONE', ( #5477 ), #6860, .T. ) ;
#5614 = DIRECTION ( 'NONE',  ( 0.000000000000000000, -1.000000000000000000, 0.000000000000000000 ) ) ;
#5615 = DIRECTION ( 'NONE',  ( 0.000000000000000000, 0.1470117858375539210, -0.9891347404802104393 ) ) ;
#5616 = CARTESIAN_POINT ( 'NONE',  ( 38.65000000000000568, 44.82479682327223713, -14.75214040964108975 ) ) ;
#5617 = ORIENTED_EDGE ( 'NONE', *, *, #2346, .T. ) ;
#5618 = VECTOR ( 'NONE', #1651, 999.9999999999998863 ) ;
#5619 = VERTEX_POINT ( 'NONE', #2153 ) ;
#5620 = VERTEX_POINT ( 'NONE', #7523 ) ;
#5621 = DIRECTION ( 'NONE',  ( 0.000000000000000000, -0.9891347404802104393, -0.1470117858375540321 ) ) ;
#5622 = AXIS2_PLACEMENT_3D ( 'NONE', #880, #165, #3542 ) ;
#5623 = CARTESIAN_POINT ( 'NONE',  ( -43.49999999999999289, 68.47605736279788857, 31.99999999999998579 ) ) ;
#5624 = ORIENTED_EDGE ( 'NONE', *, *, #315, .T. ) ;
#5625 = EDGE_CURVE ( 'NONE', #3677, #299, #2000, .T. ) ;
#5626 = EDGE_CURVE ( 'NONE', #173, #8597, #2335, .T. ) ;
#5627 = CARTESIAN_POINT ( 'NONE',  ( -33.64999999999999858, -43.69486764395684020, -12.32734606595275118 ) ) ;
#5628 = SURFACE_STYLE_USAGE ( .BOTH. , #2872 ) ;
#5629 = ORIENTED_EDGE ( 'NONE', *, *, #1550, .T. ) ;
#5630 = CARTESIAN_POINT ( 'NONE',  ( -33.64999999999999858, -45.69957439943059541, -12.04138133987996007 ) ) ;
#5631 = CARTESIAN_POINT ( 'NONE',  ( -17.99999999999999645, -56.50000000000004263, -8.572527594031453468E-16 ) ) ;
#5632 = LINE ( 'NONE', #5804, #395 ) ;
#5633 = EDGE_CURVE ( 'NONE', #1157, #5891, #306, .T. ) ;
#5634 = CIRCLE ( 'NONE', #5491, 1.500000000000001998 ) ;
#5635 = DIRECTION ( 'NONE',  ( 0.000000000000000000, -1.000000000000000000, -1.215422028459299250E-16 ) ) ;
#5636 = DIRECTION ( 'NONE',  ( 0.000000000000000000, 0.9899786446783979121, -0.1412171486779224550 ) ) ;
#5637 = CARTESIAN_POINT ( 'NONE',  ( -36.15000000000000568, -44.02822875979217088, 13.46559081977951600 ) ) ;
#5638 = FILL_AREA_STYLE ('',( #2126 ) ) ;
#5639 = CARTESIAN_POINT ( 'NONE',  ( 26.24999999999999645, -25.57133123440134170, 21.00000000000000000 ) ) ;
#5640 = CARTESIAN_POINT ( 'NONE',  ( 43.50000000000000000, -66.00000000000002842, 10.20000000000000107 ) ) ;
#5641 = AXIS2_PLACEMENT_3D ( 'NONE', #7308, #7345, #8693 ) ;
#5642 = EDGE_LOOP ( 'NONE', ( #7848, #1377 ) ) ;
#5643 = EDGE_CURVE ( 'NONE', #2603, #7315, #7764, .T. ) ;
#5644 = ORIENTED_EDGE ( 'NONE', *, *, #2588, .F. ) ;
#5645 = DIRECTION ( 'NONE',  ( -0.000000000000000000, -0.1412171486779217056, -0.9899786446783980232 ) ) ;
#5646 = FACE_OUTER_BOUND ( 'NONE', #8735, .T. ) ;
#5647 = AXIS2_PLACEMENT_3D ( 'NONE', #5946, #8553, #1814 ) ;
#5648 = STYLED_ITEM ( 'NONE', ( #7878 ), #6786 ) ;
#5649 = VERTEX_POINT ( 'NONE', #2299 ) ;
#5650 = LINE ( 'NONE', #7125, #1046 ) ;
#5651 = MECHANICAL_DESIGN_GEOMETRIC_PRESENTATION_REPRESENTATION (  '', ( #7230 ), #1330 ) ;
#5652 = ORIENTED_EDGE ( 'NONE', *, *, #4671, .F. ) ;
#5653 = EDGE_CURVE ( 'NONE', #6190, #4513, #8479, .T. ) ;
#5654 = CARTESIAN_POINT ( 'NONE',  ( 55.29999999999999716, -56.00000000000003553, 20.59999999999999076 ) ) ;
#5655 = LINE ( 'NONE', #4304, #872 ) ;
#5656 = LINE ( 'NONE', #8381, #2518 ) ;
#5657 = ORIENTED_EDGE ( 'NONE', *, *, #8845, .F. ) ;
#5658 = CARTESIAN_POINT ( 'NONE',  ( -31.13375866546478932, 57.07249472080884800, 31.79999999999997939 ) ) ;
#5659 = SURFACE_STYLE_USAGE ( .BOTH. , #2249 ) ;
#5660 = ORIENTED_EDGE ( 'NONE', *, *, #199, .F. ) ;
#5661 = VECTOR ( 'NONE', #4264, 1000.000000000000000 ) ;
#5662 = ORIENTED_EDGE ( 'NONE', *, *, #7731, .F. ) ;
#5663 = EDGE_LOOP ( 'NONE', ( #1835, #566, #8707, #1521, #6389 ) ) ;
#5664 = DIRECTION ( 'NONE',  ( 1.000000000000000000, 0.000000000000000000, 0.000000000000000000 ) ) ;
#5665 = CARTESIAN_POINT ( 'NONE',  ( 40.99999999999999289, 43.47539201226638284, 23.94349957457747635 ) ) ;
#5666 = CARTESIAN_POINT ( 'NONE',  ( 43.50000000000000000, -61.00000000000004974, 4.500000000000000000 ) ) ;
#5667 = ORIENTED_EDGE ( 'NONE', *, *, #8150, .F. ) ;
#5668 = DIRECTION ( 'NONE',  ( -0.000000000000000000, -0.000000000000000000, 1.000000000000000000 ) ) ;
#5669 = CARTESIAN_POINT ( 'NONE',  ( -43.50000000000002132, -65.57133123440134170, 31.99999999999998579 ) ) ;
#5670 = LINE ( 'NONE', #4997, #1423 ) ;
#5671 = ORIENTED_EDGE ( 'NONE', *, *, #8447, .F. ) ;
#5672 = LINE ( 'NONE', #8352, #181 ) ;
#5673 = VECTOR ( 'NONE', #1444, 1000.000000000000114 ) ;
#5674 = VERTEX_POINT ( 'NONE', #5075 ) ;
#5675 = EDGE_CURVE ( 'NONE', #719, #2345, #3883, .T. ) ;
#5676 = EDGE_CURVE ( 'NONE', #7950, #8348, #6027, .T. ) ;
#5677 = LINE ( 'NONE', #6484, #5715 ) ;
#5678 = AXIS2_PLACEMENT_3D ( 'NONE', #3666, #3618, #7784 ) ;
#5679 = CARTESIAN_POINT ( 'NONE',  ( -33.64999999999999858, -45.69957439943059541, -12.04138133987996007 ) ) ;
#5680 = DIRECTION ( 'NONE',  ( 0.000000000000000000, 1.000000000000000000, 0.000000000000000000 ) ) ;
#5681 = CARTESIAN_POINT ( 'NONE',  ( -38.50000000000000000, -50.00000000000001421, -1.155618692349120047E-14 ) ) ;
#5682 = CYLINDRICAL_SURFACE ( 'NONE', #2319, 2.299999999999997602 ) ;
#5683 = LINE ( 'NONE', #8411, #4241 ) ;
#5684 = SURFACE_STYLE_USAGE ( .BOTH. , #6309 ) ;
#5685 = EDGE_CURVE ( 'NONE', #7866, #4050, #6467, .T. ) ;
#5686 = AXIS2_PLACEMENT_3D ( 'NONE', #6868, #2913, #1576 ) ;
#5687 = ORIENTED_EDGE ( 'NONE', *, *, #3110, .T. ) ;
#5688 = ORIENTED_EDGE ( 'NONE', *, *, #2775, .T. ) ;
#5689 = VECTOR ( 'NONE', #6306, 1000.000000000000000 ) ;
#5690 =( NAMED_UNIT ( * ) SI_UNIT ( $, .STERADIAN. ) SOLID_ANGLE_UNIT ( ) );
#5691 = MECHANICAL_DESIGN_GEOMETRIC_PRESENTATION_REPRESENTATION (  '', ( #1668 ), #7684 ) ;
#5692 = DIRECTION ( 'NONE',  ( -0.7071067811865461294, -0.6994238825007540461, -0.1039530306800790227 ) ) ;
#5693 = CARTESIAN_POINT ( 'NONE',  ( 26.44999999999998863, -60.25000000000002132, 13.19999999999999929 ) ) ;
#5694 = VERTEX_POINT ( 'NONE', #1568 ) ;
#5695 = CIRCLE ( 'NONE', #5542, 1.649999999999996136 ) ;
#5696 = PRESENTATION_STYLE_ASSIGNMENT (( #2941 ) ) ;
#5697 = ADVANCED_FACE ( 'NONE', ( #1697 ), #2375, .F. ) ;
#5698 = VECTOR ( 'NONE', #222, 1000.000000000000114 ) ;
#5699 = EDGE_LOOP ( 'NONE', ( #700, #3888, #8664, #7630 ) ) ;
#5700 = CARTESIAN_POINT ( 'NONE',  ( -42.70000000000000284, 57.00000000000000000, 44.00000000000000711 ) ) ;
#5701 = LINE ( 'NONE', #836, #6039 ) ;
#5702 = EDGE_LOOP ( 'NONE', ( #2462, #3031 ) ) ;
#5703 = MECHANICAL_DESIGN_GEOMETRIC_PRESENTATION_REPRESENTATION (  '', ( #5119 ), #5555 ) ;
#5704 = DIRECTION ( 'NONE',  ( 1.000000000000000000, -0.000000000000000000, 0.000000000000000000 ) ) ;
#5705 = LINE ( 'NONE', #7043, #5661 ) ;
#5706 = ORIENTED_EDGE ( 'NONE', *, *, #414, .T. ) ;
#5707 = CIRCLE ( 'NONE', #2968, 2.024999999999999023 ) ;
#5708 = EDGE_CURVE ( 'NONE', #1047, #2360, #7176, .T. ) ;
#5709 = VECTOR ( 'NONE', #2552, 1000.000000000000000 ) ;
#5710 = ORIENTED_EDGE ( 'NONE', *, *, #6756, .F. ) ;
#5711 = ORIENTED_EDGE ( 'NONE', *, *, #675, .T. ) ;
#5712 = CIRCLE ( 'NONE', #5401, 1.000000000000003997 ) ;
#5713 = CARTESIAN_POINT ( 'NONE',  ( 40.19999999999998863, -45.61515718961151578, 31.89999999999998437 ) ) ;
#5714 = VERTEX_POINT ( 'NONE', #1020 ) ;
#5715 = VECTOR ( 'NONE', #6972, 1000.000000000000000 ) ;
#5716 = DIRECTION ( 'NONE',  ( -1.000000000000000000, -2.413528314402512315E-15, 0.000000000000000000 ) ) ;
#5717 = ORIENTED_EDGE ( 'NONE', *, *, #7160, .F. ) ;
#5718 = FACE_OUTER_BOUND ( 'NONE', #1325, .T. ) ;
#5719 = VERTEX_POINT ( 'NONE', #3084 ) ;
#5720 = VECTOR ( 'NONE', #5111, 1000.000000000000000 ) ;
#5721 = STYLED_ITEM ( 'NONE', ( #7810 ), #8674 ) ;
#5722 = VERTEX_POINT ( 'NONE', #5826 ) ;
#5723 = PRESENTATION_STYLE_ASSIGNMENT (( #5764 ) ) ;
#5724 = SURFACE_STYLE_FILL_AREA ( #1438 ) ;
#5725 = EDGE_CURVE ( 'NONE', #3296, #6413, #4938, .T. ) ;
#5726 = CARTESIAN_POINT ( 'NONE',  ( 36.14999999999999147, -45.93570919830277433, 10.65462686115261448 ) ) ;
#5727 = EDGE_CURVE ( 'NONE', #3250, #2427, #2905, .T. ) ;
#5728 = MECHANICAL_DESIGN_GEOMETRIC_PRESENTATION_REPRESENTATION (  '', ( #4565 ), #267 ) ;
#5729 = LINE ( 'NONE', #8458, #5890 ) ;
#5730 = CARTESIAN_POINT ( 'NONE',  ( 38.19999999999998153, -45.61515718961151578, 31.79999999999997939 ) ) ;
#5731 = DIRECTION ( 'NONE',  ( 0.000000000000000000, -0.9891347404802105503, -0.1470117858375536157 ) ) ;
#5732 = DIRECTION ( 'NONE',  ( -0.000000000000000000, 0.000000000000000000, 1.000000000000000000 ) ) ;
#5733 = SURFACE_STYLE_FILL_AREA ( #960 ) ;
#5734 = AXIS2_PLACEMENT_3D ( 'NONE', #2361, #3159, #7829 ) ;
#5735 = UNCERTAINTY_MEASURE_WITH_UNIT (LENGTH_MEASURE( 1.000000000000000082E-05 ), #4594, 'distance_accuracy_value', 'NONE');
#5736 = ORIENTED_EDGE ( 'NONE', *, *, #6917, .T. ) ;
#5737 =( LENGTH_UNIT ( ) NAMED_UNIT ( * ) SI_UNIT ( .MILLI., .METRE. ) );
#5738 = ORIENTED_EDGE ( 'NONE', *, *, #4710, .T. ) ;
#5739 = DIRECTION ( 'NONE',  ( -0.000000000000000000, -0.9986295347545737222, 0.05233595624294713061 ) ) ;
#5740 = EDGE_CURVE ( 'NONE', #2967, #1514, #3291, .T. ) ;
#5741 = DIRECTION ( 'NONE',  ( 1.000000000000000000, -0.000000000000000000, -0.000000000000000000 ) ) ;
#5742 = LINE ( 'NONE', #1685, #1208 ) ;
#5743 = DIRECTION ( 'NONE',  ( 1.000000000000000000, 0.000000000000000000, 0.000000000000000000 ) ) ;
#5744 = AXIS2_PLACEMENT_3D ( 'NONE', #1124, #8045, #8800 ) ;
#5745 = CARTESIAN_POINT ( 'NONE',  ( 43.50000000000000000, -63.50000000000002842, 8.044105107084975614 ) ) ;
#5746 = VERTEX_POINT ( 'NONE', #3642 ) ;
#5747 = CARTESIAN_POINT ( 'NONE',  ( 50.49999999999999289, -59.00000000000003553, -1.511838516444868957E-14 ) ) ;
#5748 = LINE ( 'NONE', #3038, #4815 ) ;
#5749 = AXIS2_PLACEMENT_3D ( 'NONE', #3270, #5968, #8704 ) ;
#5750 = ORIENTED_EDGE ( 'NONE', *, *, #3325, .F. ) ;
#5751 = LINE ( 'NONE', #2417, #1061 ) ;
#5752 = SURFACE_STYLE_FILL_AREA ( #6419 ) ;
#5753 = VERTEX_POINT ( 'NONE', #6373 ) ;
#5754 = ORIENTED_EDGE ( 'NONE', *, *, #1518, .F. ) ;
#5755 = ORIENTED_EDGE ( 'NONE', *, *, #2988, .T. ) ;
#5756 = DIRECTION ( 'NONE',  ( 0.000000000000000000, 0.9891347404802103283, 0.1470117858375538933 ) ) ;
#5757 = SURFACE_STYLE_USAGE ( .BOTH. , #6383 ) ;
#5758 = EDGE_CURVE ( 'NONE', #1424, #576, #6521, .T. ) ;
#5759 = AXIS2_PLACEMENT_3D ( 'NONE', #5095, #2441, #6487 ) ;
#5760 = SURFACE_STYLE_USAGE ( .BOTH. , #3008 ) ;
#5761 = FILL_AREA_STYLE ('',( #5201 ) ) ;
#5762 = ORIENTED_EDGE ( 'NONE', *, *, #6204, .F. ) ;
#5763 = VECTOR ( 'NONE', #1743, 1000.000000000000114 ) ;
#5764 = SURFACE_STYLE_USAGE ( .BOTH. , #7019 ) ;
#5765 = EDGE_CURVE ( 'NONE', #873, #3344, #2498, .T. ) ;
#5766 = PLANE ( 'NONE',  #3691 ) ;
#5767 =( NAMED_UNIT ( * ) SI_UNIT ( $, .STERADIAN. ) SOLID_ANGLE_UNIT ( ) );
#5768 = CARTESIAN_POINT ( 'NONE',  ( 38.69999999999998863, -60.77133123440134455, 31.89999999999998437 ) ) ;
#5769 = DIRECTION ( 'NONE',  ( 0.000000000000000000, -0.9891347404802104393, -0.1470117858375541431 ) ) ;
#5770 = DIRECTION ( 'NONE',  ( 1.000000000000000000, 0.000000000000000000, 0.000000000000000000 ) ) ;
#5771 = CYLINDRICAL_SURFACE ( 'NONE', #8137, 4.149999999999994138 ) ;
#5772 = AXIS2_PLACEMENT_3D ( 'NONE', #2836, #7499, #6119 ) ;
#5773 = ORIENTED_EDGE ( 'NONE', *, *, #8581, .T. ) ;
#5774 = FACE_OUTER_BOUND ( 'NONE', #1595, .T. ) ;
#5775 = ORIENTED_EDGE ( 'NONE', *, *, #8447, .T. ) ;
#5776 = PLANE ( 'NONE',  #6955 ) ;
#5777 = AXIS2_PLACEMENT_3D ( 'NONE', #1556, #7883, #5902 ) ;
#5778 = LINE ( 'NONE', #2365, #4492 ) ;
#5779 = ADVANCED_FACE ( 'NONE', ( #5912 ), #4563, .F. ) ;
#5780 = EDGE_CURVE ( 'NONE', #6739, #7298, #7306, .T. ) ;
#5781 = ORIENTED_EDGE ( 'NONE', *, *, #7117, .T. ) ;
#5782 = AXIS2_PLACEMENT_3D ( 'NONE', #2178, #8460, #4918 ) ;
#5783 = CARTESIAN_POINT ( 'NONE',  ( 50.49999999999998579, -67.87468279989045072, 19.99999999999997868 ) ) ;
#5784 = LINE ( 'NONE', #8516, #373 ) ;
#5785 = VERTEX_POINT ( 'NONE', #5199 ) ;
#5786 = CARTESIAN_POINT ( 'NONE',  ( 38.99999999999999289, -58.00000000000002132, -1.000000000000000000 ) ) ;
#5787 = CARTESIAN_POINT ( 'NONE',  ( -29.50000000000000711, -71.95184441433912070, 20.00000000000001776 ) ) ;
#5788 = ORIENTED_EDGE ( 'NONE', *, *, #7127, .T. ) ;
#5789 = ORIENTED_EDGE ( 'NONE', *, *, #3671, .T. ) ;
#5790 = ADVANCED_FACE ( 'NONE', ( #8021 ), #1147, .T. ) ;
#5791 = VERTEX_POINT ( 'NONE', #3858 ) ;
#5792 = LINE ( 'NONE', #7182, #4545 ) ;
#5793 = LINE ( 'NONE', #3864, #2322 ) ;
#5794 = DIRECTION ( 'NONE',  ( -0.000000000000000000, 0.000000000000000000, -1.000000000000000000 ) ) ;
#5795 = EDGE_LOOP ( 'NONE', ( #3944, #8868, #2058, #8418 ) ) ;
#5796 = VECTOR ( 'NONE', #4965, 1000.000000000000000 ) ;
#5797 = PRESENTATION_STYLE_ASSIGNMENT (( #3007 ) ) ;
#5798 = DIRECTION ( 'NONE',  ( -1.000000000000000000, -0.000000000000000000, -0.000000000000000000 ) ) ;
#5799 = ORIENTED_EDGE ( 'NONE', *, *, #8738, .T. ) ;
#5800 = ORIENTED_EDGE ( 'NONE', *, *, #6402, .F. ) ;
#5801 = ADVANCED_FACE ( 'NONE', ( #5454 ), #6007, .T. ) ;
#5802 = ORIENTED_EDGE ( 'NONE', *, *, #208, .F. ) ;
#5803 = CARTESIAN_POINT ( 'NONE',  ( 46.45876991486272090, -71.95184441433913491, 20.00000000000000000 ) ) ;
#5804 = CARTESIAN_POINT ( 'NONE',  ( 29.49999999999999289, -65.57133123440134170, 20.00000000000000000 ) ) ;
#5805 = LINE ( 'NONE', #3149, #1231 ) ;
#5806 = CARTESIAN_POINT ( 'NONE',  ( 19.44999999999995310, -62.75000000000004263, 8.155575096830393278 ) ) ;
#5807 = LINE ( 'NONE', #8459, #1795 ) ;
#5808 = CARTESIAN_POINT ( 'NONE',  ( -44.23956160577834851, 43.75888728788965665, -0.000000000000000000 ) ) ;
#5809 = ADVANCED_FACE ( 'NONE', ( #1059 ), #7977, .F. ) ;
#5810 = SURFACE_STYLE_USAGE ( .BOTH. , #2525 ) ;
#5811 = AXIS2_PLACEMENT_3D ( 'NONE', #423, #511, #1269 ) ;
#5812 = DIRECTION ( 'NONE',  ( -1.000000000000000000, 0.000000000000000000, -0.000000000000000000 ) ) ;
#5813 = PRESENTATION_STYLE_ASSIGNMENT (( #8591 ) ) ;
#5814 = PLANE ( 'NONE',  #371 ) ;
#5815 = EDGE_LOOP ( 'NONE', ( #7577, #8144, #4999, #5467 ) ) ;
#5816 =( NAMED_UNIT ( * ) PLANE_ANGLE_UNIT ( ) SI_UNIT ( $, .RADIAN. ) );
#5817 = CARTESIAN_POINT ( 'NONE',  ( -36.50000000000002132, 62.99999999999997158, 0.000000000000000000 ) ) ;
#5818 = CYLINDRICAL_SURFACE ( 'NONE', #6070, 3.300000000000001599 ) ;
#5819 = ORIENTED_EDGE ( 'NONE', *, *, #512, .F. ) ;
#5820 = MECHANICAL_DESIGN_GEOMETRIC_PRESENTATION_REPRESENTATION (  '', ( #217 ), #8680 ) ;
#5821 = CYLINDRICAL_SURFACE ( 'NONE', #6752, 1.000000000000003997 ) ;
#5822 = CARTESIAN_POINT ( 'NONE',  ( 33.54999999999998295, -72.20567380211744535, 15.15664675644031334 ) ) ;
#5823 = ORIENTED_EDGE ( 'NONE', *, *, #687, .T. ) ;
#5824 = FACE_BOUND ( 'NONE', #5428, .T. ) ;
#5825 = DIRECTION ( 'NONE',  ( 0.000000000000000000, 0.000000000000000000, -1.000000000000000000 ) ) ;
#5826 = CARTESIAN_POINT ( 'NONE',  ( 45.20000000000000284, 57.00000000000002842, 0.000000000000000000 ) ) ;
#5827 = EDGE_CURVE ( 'NONE', #1255, #6905, #7503, .T. ) ;
#5828 = ORIENTED_EDGE ( 'NONE', *, *, #7307, .F. ) ;
#5829 = AXIS2_PLACEMENT_3D ( 'NONE', #7501, #3523, #678 ) ;
#5830 = CIRCLE ( 'NONE', #7980, 0.7500000000000006661 ) ;
#5831 = ORIENTED_EDGE ( 'NONE', *, *, #5271, .T. ) ;
#5832 = AXIS2_PLACEMENT_3D ( 'NONE', #1121, #4538, #5314 ) ;
#5833 = ORIENTED_EDGE ( 'NONE', *, *, #7996, .F. ) ;
#5834 = DIRECTION ( 'NONE',  ( -1.000000000000000000, 0.000000000000000000, 0.000000000000000000 ) ) ;
#5835 = DIRECTION ( 'NONE',  ( -1.000000000000000000, 2.368743718123199160E-16, -3.378933834787557601E-17 ) ) ;
#5836 = FILL_AREA_STYLE ('',( #3093 ) ) ;
#5837 = ORIENTED_EDGE ( 'NONE', *, *, #6204, .T. ) ;
#5838 = AXIS2_PLACEMENT_3D ( 'NONE', #3449, #1695, #2416 ) ;
#5839 = CARTESIAN_POINT ( 'NONE',  ( 0.000000000000000000, 0.000000000000000000, 31.79999999999997939 ) ) ;
#5840 =( NAMED_UNIT ( * ) PLANE_ANGLE_UNIT ( ) SI_UNIT ( $, .RADIAN. ) );
#5841 = EDGE_CURVE ( 'NONE', #4069, #4217, #7892, .T. ) ;
#5842 = VECTOR ( 'NONE', #3637, 1000.000000000000227 ) ;
#5843 = EDGE_LOOP ( 'NONE', ( #7320, #744, #8747, #2815 ) ) ;
#5844 = STYLED_ITEM ( 'NONE', ( #4071 ), #3748 ) ;
#5845 = EDGE_LOOP ( 'NONE', ( #6285, #7208, #8260, #7886, #1451, #1063, #5687, #1355 ) ) ;
#5846 = DIRECTION ( 'NONE',  ( 0.000000000000000000, -1.000000000000000000, -1.215422028459298757E-16 ) ) ;
#5847 = VECTOR ( 'NONE', #8538, 1000.000000000000000 ) ;
#5848 = LINE ( 'NONE', #366, #5288 ) ;
#5849 = CARTESIAN_POINT ( 'NONE',  ( 40.99999999999999289, -62.46446609406730488, 8.198013045585446079 ) ) ;
#5850 = FACE_OUTER_BOUND ( 'NONE', #1106, .T. ) ;
#5851 = CARTESIAN_POINT ( 'NONE',  ( 17.99999999999999645, -56.50000000000004263, 1.000000000000000444 ) ) ;
#5852 = CIRCLE ( 'NONE', #2984, 2.000000000000002665 ) ;
#5853 = DIRECTION ( 'NONE',  ( 1.000000000000000000, 0.000000000000000000, 0.000000000000000000 ) ) ;
#5854 = DIRECTION ( 'NONE',  ( -1.589059672650511298E-16, 1.000000000000000000, 0.000000000000000000 ) ) ;
#5855 = FACE_BOUND ( 'NONE', #1005, .T. ) ;
#5856 = SURFACE_STYLE_FILL_AREA ( #5018 ) ;
#5857 = FACE_OUTER_BOUND ( 'NONE', #393, .T. ) ;
#5858 = EDGE_CURVE ( 'NONE', #3631, #5153, #4482, .T. ) ;
#5859 = ORIENTED_EDGE ( 'NONE', *, *, #3204, .T. ) ;
#5860 = LINE ( 'NONE', #7921, #8087 ) ;
#5861 = DIRECTION ( 'NONE',  ( 0.000000000000000000, -1.000000000000000000, -1.215422028459298757E-16 ) ) ;
#5862 = DIRECTION ( 'NONE',  ( 0.000000000000000000, 0.000000000000000000, -1.000000000000000000 ) ) ;
#5863 = CIRCLE ( 'NONE', #1566, 4.000000000000000000 ) ;
#5864 = EDGE_LOOP ( 'NONE', ( #2012, #1148, #3512, #7484 ) ) ;
#5865 = CARTESIAN_POINT ( 'NONE',  ( -46.50000000000002132, -70.00000000000002842, 4.500000000000000000 ) ) ;
#5866 = VERTEX_POINT ( 'NONE', #4517 ) ;
#5867 = DIRECTION ( 'NONE',  ( 0.000000000000000000, -0.1412171486779216500, -0.9899786446783980232 ) ) ;
#5868 = EDGE_CURVE ( 'NONE', #7604, #4404, #3130, .T. ) ;
#5869 = CARTESIAN_POINT ( 'NONE',  ( 39.19999999999998153, -45.61515718961151578, 31.89999999999998437 ) ) ;
#5870 = COLOUR_RGB ( '',0.1019607843137254888, 0.1019607843137254888, 0.1019607843137254888 ) ;
#5871 = LINE ( 'NONE', #5787, #7234 ) ;
#5872 = CARTESIAN_POINT ( 'NONE',  ( 43.50000000000000000, 36.70005030302942117, 15.35411863724442227 ) ) ;
#5873 = ORIENTED_EDGE ( 'NONE', *, *, #4777, .F. ) ;
#5874 = EDGE_LOOP ( 'NONE', ( #3314, #926, #3643, #33 ) ) ;
#5875 = VECTOR ( 'NONE', #2469, 1000.000000000000000 ) ;
#5876 = VERTEX_POINT ( 'NONE', #3473 ) ;
#5877 = DIRECTION ( 'NONE',  ( -0.000000000000000000, -0.000000000000000000, 1.000000000000000000 ) ) ;
#5878 = FACE_OUTER_BOUND ( 'NONE', #1968, .T. ) ;
#5879 = FACE_BOUND ( 'NONE', #1644, .T. ) ;
#5880 = EDGE_LOOP ( 'NONE', ( #6861, #2015, #4580, #704 ) ) ;
#5881 = CARTESIAN_POINT ( 'NONE',  ( 38.50000000000000000, -66.00000000000002842, 10.20000000000000107 ) ) ;
#5882 = CARTESIAN_POINT ( 'NONE',  ( 38.65000000000000568, -43.69486764395684020, -12.32734606595275118 ) ) ;
#5883 = CARTESIAN_POINT ( 'NONE',  ( 50.49999999999999289, 58.99999999999995737, 0.000000000000000000 ) ) ;
#5884 = ORIENTED_EDGE ( 'NONE', *, *, #3915, .F. ) ;
#5885 = EDGE_LOOP ( 'NONE', ( #2825, #4852, #7512, #4800 ) ) ;
#5886 = ADVANCED_FACE ( 'NONE', ( #731 ), #6881, .F. ) ;
#5887 = ORIENTED_EDGE ( 'NONE', *, *, #7778, .T. ) ;
#5888 = ADVANCED_FACE ( 'NONE', ( #7746 ), #8169, .F. ) ;
#5889 = CARTESIAN_POINT ( 'NONE',  ( 19.19999999999997442, -60.25000000000001421, 13.19999999999999929 ) ) ;
#5890 = VECTOR ( 'NONE', #4375, 1000.000000000000114 ) ;
#5891 = VERTEX_POINT ( 'NONE', #3617 ) ;
#5892 = DIRECTION ( 'NONE',  ( 0.000000000000000000, 0.9899786446783981342, -0.1412171486779209839 ) ) ;
#5893 = PLANE ( 'NONE',  #5310 ) ;
#5894 = CIRCLE ( 'NONE', #2175, 2.500000000000002220 ) ;
#5895 = CYLINDRICAL_SURFACE ( 'NONE', #3501, 2.500000000000002220 ) ;
#5896 =( LENGTH_UNIT ( ) NAMED_UNIT ( * ) SI_UNIT ( .MILLI., .METRE. ) );
#5897 = FACE_BOUND ( 'NONE', #1879, .T. ) ;
#5898 = CYLINDRICAL_SURFACE ( 'NONE', #8014, 1.500000000000001998 ) ;
#5899 = FILL_AREA_STYLE_COLOUR ( '', #2805 ) ;
#5900 = VERTEX_POINT ( 'NONE', #7068 ) ;
#5901 = FACE_OUTER_BOUND ( 'NONE', #1376, .T. ) ;
#5902 = DIRECTION ( 'NONE',  ( 0.000000000000000000, 0.4694715627858938589, 0.8829475928589253231 ) ) ;
#5903 = PRESENTATION_LAYER_ASSIGNMENT (  '', '', ( #884 ) ) ;
#5904 = ADVANCED_FACE ( 'NONE', ( #819 ), #7598, .F. ) ;
#5905 = ORIENTED_EDGE ( 'NONE', *, *, #832, .F. ) ;
#5906 = DIRECTION ( 'NONE',  ( -0.000000000000000000, 3.083952846180990774E-16, -1.000000000000000000 ) ) ;
#5907 = DIRECTION ( 'NONE',  ( 0.000000000000000000, -0.1470117858375538933, 0.9891347404802104393 ) ) ;
#5908 = EDGE_LOOP ( 'NONE', ( #4302, #8064, #4091 ) ) ;
#5909 = DIRECTION ( 'NONE',  ( 0.000000000000000000, 0.000000000000000000, 1.000000000000000000 ) ) ;
#5910 =( LENGTH_UNIT ( ) NAMED_UNIT ( * ) SI_UNIT ( .MILLI., .METRE. ) );
#5911 = CIRCLE ( 'NONE', #1033, 1.000000000000000000 ) ;
#5912 = FACE_OUTER_BOUND ( 'NONE', #1742, .T. ) ;
#5913 = ORIENTED_EDGE ( 'NONE', *, *, #6584, .T. ) ;
#5914 = PLANE ( 'NONE',  #7211 ) ;
#5915 = ORIENTED_EDGE ( 'NONE', *, *, #634, .F. ) ;
#5916 = EDGE_CURVE ( 'NONE', #1604, #3987, #58, .T. ) ;
#5917 = STYLED_ITEM ( 'NONE', ( #3213 ), #569 ) ;
#5918 = VERTEX_POINT ( 'NONE', #6350 ) ;
#5919 = CARTESIAN_POINT ( 'NONE',  ( 36.14999999999999147, 46.91087036997117821, -17.50175809731980436 ) ) ;
#5920 = DIRECTION ( 'NONE',  ( -2.775557561562890735E-17, -0.1470117858375538933, 0.9891347404802104393 ) ) ;
#5921 = VERTEX_POINT ( 'NONE', #2176 ) ;
#5922 = LINE ( 'NONE', #2680, #2524 ) ;
#5923 = DIRECTION ( 'NONE',  ( 0.000000000000000000, 0.000000000000000000, -1.000000000000000000 ) ) ;
#5924 = CARTESIAN_POINT ( 'NONE',  ( 0.000000000000000000, 62.15058174320375883, 31.79999999999997939 ) ) ;
#5925 = ORIENTED_EDGE ( 'NONE', *, *, #4144, .T. ) ;
#5926 = COLOUR_RGB ( '',0.4980392156862745168, 0.4980392156862745168, 0.4980392156862745168 ) ;
#5927 = ORIENTED_EDGE ( 'NONE', *, *, #1064, .F. ) ;
#5928 = ORIENTED_EDGE ( 'NONE', *, *, #4323, .T. ) ;
#5929 = VECTOR ( 'NONE', #1127, 1000.000000000000000 ) ;
#5930 = CARTESIAN_POINT ( 'NONE',  ( 30.89999999999999858, -72.12151163551486377, 14.85182430038964618 ) ) ;
#5931 = ORIENTED_EDGE ( 'NONE', *, *, #585, .T. ) ;
#5932 = LINE ( 'NONE', #2477, #5156 ) ;
#5933 = EDGE_CURVE ( 'NONE', #2414, #6376, #6612, .T. ) ;
#5934 = ADVANCED_FACE ( 'NONE', ( #4330 ), #910, .T. ) ;
#5935 = CARTESIAN_POINT ( 'NONE',  ( 44.23956160577819219, 43.75888728788984139, -0.000000000000000000 ) ) ;
#5936 = FACE_OUTER_BOUND ( 'NONE', #6856, .T. ) ;
#5937 = SURFACE_SIDE_STYLE ('',( #461 ) ) ;
#5938 = LINE ( 'NONE', #463, #7132 ) ;
#5939 = DIRECTION ( 'NONE',  ( -0.000000000000000000, -0.000000000000000000, 1.000000000000000000 ) ) ;
#5940 = CYLINDRICAL_SURFACE ( 'NONE', #1982, 2.000000000000002665 ) ;
#5941 = DIRECTION ( 'NONE',  ( -1.000000000000000000, 0.000000000000000000, 0.000000000000000000 ) ) ;
#5942 = ORIENTED_EDGE ( 'NONE', *, *, #2750, .T. ) ;
#5943 = DIRECTION ( 'NONE',  ( 0.000000000000000000, -0.3162277660168357762, 0.9486832980505145452 ) ) ;
#5944 = EDGE_CURVE ( 'NONE', #5719, #3170, #6255, .T. ) ;
#5945 = DIRECTION ( 'NONE',  ( -0.7071067811865472397, 0.7071067811865479058, 0.000000000000000000 ) ) ;
#5946 = CARTESIAN_POINT ( 'NONE',  ( -36.15000000000000568, 49.18588027307566790, -17.16363098989343072 ) ) ;
#5947 = VECTOR ( 'NONE', #2450, 1000.000000000000000 ) ;
#5948 = EDGE_LOOP ( 'NONE', ( #6377, #1781, #1122, #2683 ) ) ;
#5949 = LINE ( 'NONE', #8857, #4914 ) ;
#5950 =( NAMED_UNIT ( * ) PLANE_ANGLE_UNIT ( ) SI_UNIT ( $, .RADIAN. ) );
#5951 = ORIENTED_EDGE ( 'NONE', *, *, #2162, .F. ) ;
#5952 = DIRECTION ( 'NONE',  ( 1.000000000000000000, 0.000000000000000000, 0.000000000000000000 ) ) ;
#5953 =( NAMED_UNIT ( * ) PLANE_ANGLE_UNIT ( ) SI_UNIT ( $, .RADIAN. ) );
#5954 = DIRECTION ( 'NONE',  ( 0.000000000000000000, 0.000000000000000000, 1.000000000000000000 ) ) ;
#5955 = EDGE_CURVE ( 'NONE', #5107, #4085, #4916, .T. ) ;
#5956 = ORIENTED_EDGE ( 'NONE', *, *, #4333, .T. ) ;
#5957 = CARTESIAN_POINT ( 'NONE',  ( -19.19999999999998153, -66.00000000000002842, 10.20000000000000107 ) ) ;
#5958 = VERTEX_POINT ( 'NONE', #2883 ) ;
#5959 = AXIS2_PLACEMENT_3D ( 'NONE', #5679, #8404, #2223 ) ;
#5960 = ORIENTED_EDGE ( 'NONE', *, *, #1074, .F. ) ;
#5961 = LINE ( 'NONE', #6599, #386 ) ;
#5962 = CARTESIAN_POINT ( 'NONE',  ( -31.13375866546478932, -53.61515718961152288, 31.89999999999998437 ) ) ;
#5963 = ORIENTED_EDGE ( 'NONE', *, *, #5625, .F. ) ;
#5964 =( GEOMETRIC_REPRESENTATION_CONTEXT ( 3 ) GLOBAL_UNCERTAINTY_ASSIGNED_CONTEXT ( ( #2688 ) ) GLOBAL_UNIT_ASSIGNED_CONTEXT ( ( #2651, #3372, #6200 ) ) REPRESENTATION_CONTEXT ( 'NONE', 'WORKASPACE' ) );
#5965 = PLANE ( 'NONE',  #5262 ) ;
#5966 = MECHANICAL_DESIGN_GEOMETRIC_PRESENTATION_REPRESENTATION (  '', ( #3102 ), #8113 ) ;
#5967 = DIRECTION ( 'NONE',  ( 0.000000000000000000, -0.000000000000000000, -1.000000000000000000 ) ) ;
#5968 = DIRECTION ( 'NONE',  ( -0.000000000000000000, -0.1412171486779217056, -0.9899786446783980232 ) ) ;
#5969 = ADVANCED_FACE ( 'NONE', ( #1494 ), #6206, .T. ) ;
#5970 = ORIENTED_EDGE ( 'NONE', *, *, #8046, .F. ) ;
#5971 = AXIS2_PLACEMENT_3D ( 'NONE', #5358, #4715, #6700 ) ;
#5972 = ADVANCED_FACE ( 'NONE', ( #192 ), #5682, .F. ) ;
#5973 = STYLED_ITEM ( 'NONE', ( #7095 ), #7786 ) ;
#5974 = ORIENTED_EDGE ( 'NONE', *, *, #2191, .F. ) ;
#5975 = ORIENTED_EDGE ( 'NONE', *, *, #8037, .T. ) ;
#5976 = VECTOR ( 'NONE', #8281, 1000.000000000000000 ) ;
#5977 = LINE ( 'NONE', #4582, #5264 ) ;
#5978 = ORIENTED_EDGE ( 'NONE', *, *, #5933, .T. ) ;
#5979 = DIRECTION ( 'NONE',  ( 1.000000000000000000, -0.000000000000000000, -0.000000000000000000 ) ) ;
#5980 = DIRECTION ( 'NONE',  ( -1.000000000000000000, -0.000000000000000000, -0.000000000000000000 ) ) ;
#5981 = AXIS2_PLACEMENT_3D ( 'NONE', #7959, #7328, #4503 ) ;
#5982 = LINE ( 'NONE', #4675, #557 ) ;
#5983 = VECTOR ( 'NONE', #2138, 1000.000000000000000 ) ;
#5984 = FACE_OUTER_BOUND ( 'NONE', #5663, .T. ) ;
#5985 = DIRECTION ( 'NONE',  ( 1.000000000000000000, 0.000000000000000000, -0.000000000000000000 ) ) ;
#5986 = VECTOR ( 'NONE', #7544, 999.9999999999998863 ) ;
#5987 = EDGE_CURVE ( 'NONE', #266, #3123, #1435, .T. ) ;
#5988 = LINE ( 'NONE', #4595, #6276 ) ;
#5989 = ADVANCED_FACE ( 'NONE', ( #2839 ), #8409, .F. ) ;
#5990 = FILL_AREA_STYLE_COLOUR ( '', #2658 ) ;
#5991 = ORIENTED_EDGE ( 'NONE', *, *, #3528, .F. ) ;
#5992 = AXIS2_PLACEMENT_3D ( 'NONE', #476, #4440, #2456 ) ;
#5993 = VECTOR ( 'NONE', #3877, 1000.000000000000000 ) ;
#5994 = FACE_OUTER_BOUND ( 'NONE', #8290, .T. ) ;
#5995 = CARTESIAN_POINT ( 'NONE',  ( 38.99999999999997868, 63.00000000000000000, -1.000000000000000000 ) ) ;
#5996 = CARTESIAN_POINT ( 'NONE',  ( 38.65000000000000568, 44.82479682327223713, -14.75214040964108975 ) ) ;
#5997 = UNCERTAINTY_MEASURE_WITH_UNIT (LENGTH_MEASURE( 1.000000000000000082E-05 ), #4644, 'distance_accuracy_value', 'NONE');
#5998 = AXIS2_PLACEMENT_3D ( 'NONE', #8219, #6071, #4814 ) ;
#5999 = EDGE_CURVE ( 'NONE', #576, #4047, #282, .T. ) ;
#6000 = ORIENTED_EDGE ( 'NONE', *, *, #3389, .T. ) ;
#6001 = EDGE_CURVE ( 'NONE', #3098, #2772, #3021, .T. ) ;
#6002 = DIRECTION ( 'NONE',  ( -3.469446951953600384E-15, -0.9891347404802104393, -0.1470117858375531439 ) ) ;
#6003 = EDGE_LOOP ( 'NONE', ( #6010, #8828, #20, #3363 ) ) ;
#6004 = FILL_AREA_STYLE ('',( #3254 ) ) ;
#6005 = CARTESIAN_POINT ( 'NONE',  ( -50.50000000000002132, 65.99999999999997158, 0.000000000000000000 ) ) ;
#6006 = CARTESIAN_POINT ( 'NONE',  ( -42.50000000000000711, -65.00000000000002842, 0.000000000000000000 ) ) ;
#6007 = PLANE ( 'NONE',  #7894 ) ;
#6008 = VECTOR ( 'NONE', #1983, 1000.000000000000114 ) ;
#6009 = DIRECTION ( 'NONE',  ( 1.000000000000000000, 0.000000000000000000, 0.000000000000000000 ) ) ;
#6010 = ORIENTED_EDGE ( 'NONE', *, *, #8274, .T. ) ;
#6011 = ORIENTED_EDGE ( 'NONE', *, *, #3499, .T. ) ;
#6012 = EDGE_CURVE ( 'NONE', #1829, #6358, #7454, .T. ) ;
#6013 = CARTESIAN_POINT ( 'NONE',  ( -48.63025441792478887, -70.18776583580661566, 19.99999999999997868 ) ) ;
#6014 = CARTESIAN_POINT ( 'NONE',  ( -36.15000000000000568, -39.83472008604428538, -30.39446486877612941 ) ) ;
#6015 = CARTESIAN_POINT ( 'NONE',  ( 1.420106199622615831E-13, -37.53124169095850249, -30.05210658467078844 ) ) ;
#6016 = ORIENTED_EDGE ( 'NONE', *, *, #5037, .F. ) ;
#6017 = FACE_OUTER_BOUND ( 'NONE', #5795, .T. ) ;
#6018 = EDGE_LOOP ( 'NONE', ( #4621, #6150, #2933, #8662 ) ) ;
#6019 = VERTEX_POINT ( 'NONE', #238 ) ;
#6020 = ORIENTED_EDGE ( 'NONE', *, *, #6327, .F. ) ;
#6021 = ADVANCED_FACE ( 'NONE', ( #327 ), #7198, .F. ) ;
#6022 = LINE ( 'NONE', #1970, #6556 ) ;
#6023 = ORIENTED_EDGE ( 'NONE', *, *, #5124, .F. ) ;
#6024 = CARTESIAN_POINT ( 'NONE',  ( -30.00000000000000711, -44.62136554369732266, 10.84997335942038532 ) ) ;
#6025 = DIRECTION ( 'NONE',  ( -0.000000000000000000, -0.1412171486779217056, -0.9899786446783980232 ) ) ;
#6026 = CARTESIAN_POINT ( 'NONE',  ( 46.89999999999999858, -59.00000000000003553, 22.49999999999998579 ) ) ;
#6027 = CIRCLE ( 'NONE', #7319, 2.000000000000002665 ) ;
#6028 =( LENGTH_UNIT ( ) NAMED_UNIT ( * ) SI_UNIT ( .MILLI., .METRE. ) );
#6029 = EDGE_CURVE ( 'NONE', #5087, #5958, #6442, .T. ) ;
#6030 = CARTESIAN_POINT ( 'NONE',  ( -42.70000000000000284, 59.19999999999996021, 4.499999999999997335 ) ) ;
#6031 = CARTESIAN_POINT ( 'NONE',  ( -32.99999999999999289, -43.01062552733078093, 13.61683378229601082 ) ) ;
#6032 = LINE ( 'NONE', #2613, #3906 ) ;
#6033 = DIRECTION ( 'NONE',  ( 0.000000000000000000, -0.4694715627858927487, -0.8829475928589258782 ) ) ;
#6034 = CARTESIAN_POINT ( 'NONE',  ( 50.49999999999999289, 55.99999999999995737, 25.50000000000000000 ) ) ;
#6035 = STYLED_ITEM ( 'NONE', ( #521 ), #5801 ) ;
#6036 = CARTESIAN_POINT ( 'NONE',  ( 42.70000000000000284, 57.00000000000002842, 44.00000000000000711 ) ) ;
#6037 = DIRECTION ( 'NONE',  ( 0.000000000000000000, 0.9899786446783979121, -0.1412171486779219554 ) ) ;
#6038 = FACE_OUTER_BOUND ( 'NONE', #410, .T. ) ;
#6039 = VECTOR ( 'NONE', #747, 1000.000000000000000 ) ;
#6040 = ORIENTED_EDGE ( 'NONE', *, *, #1207, .T. ) ;
#6041 = CYLINDRICAL_SURFACE ( 'NONE', #40, 2.500000000000002220 ) ;
#6042 = VERTEX_POINT ( 'NONE', #3836 ) ;
#6043 = CARTESIAN_POINT ( 'NONE',  ( 31.13375866546478932, 57.07249472080884800, 31.79999999999997939 ) ) ;
#6044 = LINE ( 'NONE', #1951, #5412 ) ;
#6045 = CARTESIAN_POINT ( 'NONE',  ( 28.99999999999999289, -43.46605013383987881, -30.93417729969612751 ) ) ;
#6046 = ORIENTED_EDGE ( 'NONE', *, *, #406, .T. ) ;
#6047 = EDGE_CURVE ( 'NONE', #5694, #6460, #2398, .T. ) ;
#6048 = EDGE_CURVE ( 'NONE', #3904, #2009, #5729, .T. ) ;
#6049 = ORIENTED_EDGE ( 'NONE', *, *, #3840, .F. ) ;
#6050 = EDGE_LOOP ( 'NONE', ( #6938, #1698, #5800, #3271 ) ) ;
#6051 = PRESENTATION_LAYER_ASSIGNMENT (  '', '', ( #8193 ) ) ;
#6052 = VECTOR ( 'NONE', #7426, 1000.000000000000000 ) ;
#6053 = CARTESIAN_POINT ( 'NONE',  ( -24.44999999999998508, -62.75000000000005684, 13.19999999999999929 ) ) ;
#6054 = ORIENTED_EDGE ( 'NONE', *, *, #6630, .F. ) ;
#6055 = FACE_OUTER_BOUND ( 'NONE', #8243, .T. ) ;
#6056 = CARTESIAN_POINT ( 'NONE',  ( -42.70000000000000284, 59.19999999999996021, 44.00000000000000711 ) ) ;
#6057 = DIRECTION ( 'NONE',  ( -0.000000000000000000, -0.9986295347545737222, 0.05233595624294713061 ) ) ;
#6058 = VERTEX_POINT ( 'NONE', #7111 ) ;
#6059 = EDGE_CURVE ( 'NONE', #1278, #7715, #3023, .T. ) ;
#6060 = AXIS2_PLACEMENT_3D ( 'NONE', #2310, #6638, #5299 ) ;
#6061 = VERTEX_POINT ( 'NONE', #7676 ) ;
#6062 = VERTEX_POINT ( 'NONE', #7051 ) ;
#6063 = LINE ( 'NONE', #2108, #8830 ) ;
#6064 = EDGE_LOOP ( 'NONE', ( #7450, #2200, #6964, #8744, #3949, #5289, #2419, #4128, #4457, #757, #4658, #6415, #4195, #2183, #6811, #1614, #7807, #1035, #8258, #1024, #4840, #4307, #8307, #362, #6172, #7703, #4445, #5200, #6501, #5831, #1583, #1920, #5035, #929, #4803, #7166, #184, #4458, #8382, #3319 ) ) ;
#6065 = CONICAL_SURFACE ( 'NONE', #2201, 1.649999999999982148, 1.029744258676648538 ) ;
#6066 = LINE ( 'NONE', #7405, #2482 ) ;
#6067 = FACE_BOUND ( 'NONE', #2370, .T. ) ;
#6068 = ADVANCED_FACE ( 'NONE', ( #8441 ), #7726, .T. ) ;
#6069 = DIRECTION ( 'NONE',  ( 0.000000000000000000, 0.8829475928589253231, -0.4694715627858938589 ) ) ;
#6070 = AXIS2_PLACEMENT_3D ( 'NONE', #7966, #2537, #3803 ) ;
#6071 = DIRECTION ( 'NONE',  ( 0.000000000000000000, 0.000000000000000000, 1.000000000000000000 ) ) ;
#6072 = CARTESIAN_POINT ( 'NONE',  ( -48.84314575050764518, 68.99999999999997158, 4.500000000000000000 ) ) ;
#6073 = DIRECTION ( 'NONE',  ( 0.000000000000000000, 0.9899786446783981342, -0.1412171486779209839 ) ) ;
#6074 = FACE_OUTER_BOUND ( 'NONE', #4087, .T. ) ;
#6075 = PRESENTATION_LAYER_ASSIGNMENT (  '', '', ( #6787 ) ) ;
#6076 = DIRECTION ( 'NONE',  ( 0.000000000000000000, 0.000000000000000000, -1.000000000000000000 ) ) ;
#6077 = EDGE_CURVE ( 'NONE', #8483, #440, #3606, .T. ) ;
#6078 = CARTESIAN_POINT ( 'NONE',  ( -2.500000000000000444, 62.15058174320375883, 31.79999999999997939 ) ) ;
#6079 = DIRECTION ( 'NONE',  ( -1.000000000000000000, 0.000000000000000000, 0.000000000000000000 ) ) ;
#6080 = CIRCLE ( 'NONE', #2226, 3.000000000000002665 ) ;
#6081 = UNCERTAINTY_MEASURE_WITH_UNIT (LENGTH_MEASURE( 1.000000000000000082E-05 ), #4062, 'distance_accuracy_value', 'NONE');
#6082 = ORIENTED_EDGE ( 'NONE', *, *, #3168, .T. ) ;
#6083 = DIRECTION ( 'NONE',  ( 0.000000000000000000, -0.000000000000000000, -1.000000000000000000 ) ) ;
#6084 = ORIENTED_EDGE ( 'NONE', *, *, #1044, .T. ) ;
#6085 = LINE ( 'NONE', #1274, #5297 ) ;
#6086 =( LENGTH_UNIT ( ) NAMED_UNIT ( * ) SI_UNIT ( .MILLI., .METRE. ) );
#6087 = EDGE_LOOP ( 'NONE', ( #8191, #6101, #7995, #7379 ) ) ;
#6088 = AXIS2_PLACEMENT_3D ( 'NONE', #6219, #159, #71 ) ;
#6089 =( NAMED_UNIT ( * ) PLANE_ANGLE_UNIT ( ) SI_UNIT ( $, .RADIAN. ) );
#6090 = EDGE_LOOP ( 'NONE', ( #1885, #7680, #6186, #3942 ) ) ;
#6091 = VERTEX_POINT ( 'NONE', #5665 ) ;
#6092 = DIRECTION ( 'NONE',  ( 1.000000000000000000, 0.000000000000000000, 0.000000000000000000 ) ) ;
#6093 = DIRECTION ( 'NONE',  ( 2.392722035830078972E-16, 0.9899786446783979121, -0.1412171486779217333 ) ) ;
#6094 = VERTEX_POINT ( 'NONE', #2958 ) ;
#6095 = EDGE_CURVE ( 'NONE', #3296, #385, #7420, .T. ) ;
#6096 = CARTESIAN_POINT ( 'NONE',  ( 46.49999999999998579, 65.99999999999998579, 4.500000000000000000 ) ) ;
#6097 = CARTESIAN_POINT ( 'NONE',  ( -29.50000000000000000, -41.12317347172513138, 1.447529538718347109 ) ) ;
#6098 = DIRECTION ( 'NONE',  ( -0.000000000000000000, -0.000000000000000000, -1.000000000000000000 ) ) ;
#6099 = ORIENTED_EDGE ( 'NONE', *, *, #4710, .F. ) ;
#6100 = CIRCLE ( 'NONE', #7381, 2.500000000000000444 ) ;
#6101 = ORIENTED_EDGE ( 'NONE', *, *, #7290, .T. ) ;
#6102 = ORIENTED_EDGE ( 'NONE', *, *, #5725, .F. ) ;
#6103 = LINE ( 'NONE', #5355, #8259 ) ;
#6104 = UNCERTAINTY_MEASURE_WITH_UNIT (LENGTH_MEASURE( 1.000000000000000082E-05 ), #418, 'distance_accuracy_value', 'NONE');
#6105 = ORIENTED_EDGE ( 'NONE', *, *, #5312, .T. ) ;
#6106 = AXIS2_PLACEMENT_3D ( 'NONE', #6668, #3287, #5941 ) ;
#6107 = ADVANCED_FACE ( 'NONE', ( #7580 ), #894, .F. ) ;
#6108 = VECTOR ( 'NONE', #8600, 1000.000000000000000 ) ;
#6109 = DIRECTION ( 'NONE',  ( -0.000000000000000000, -0.8829475928589252121, 0.4694715627858938589 ) ) ;
#6110 = VECTOR ( 'NONE', #7542, 1000.000000000000000 ) ;
#6111 =( NAMED_UNIT ( * ) SI_UNIT ( $, .STERADIAN. ) SOLID_ANGLE_UNIT ( ) );
#6112 = AXIS2_PLACEMENT_3D ( 'NONE', #1620, #2467, #1792 ) ;
#6113 = DIRECTION ( 'NONE',  ( -1.000000000000000000, -2.564458824849827677E-18, -8.324947740410490209E-29 ) ) ;
#6114 = CARTESIAN_POINT ( 'NONE',  ( -22.69999999999999929, 61.49999999999997868, 4.500000000000000000 ) ) ;
#6115 = VECTOR ( 'NONE', #8708, 1000.000000000000000 ) ;
#6116 = CARTESIAN_POINT ( 'NONE',  ( -33.64999999999999858, 43.39850362162523112, -24.75092472089291107 ) ) ;
#6117 = EDGE_CURVE ( 'NONE', #2620, #124, #8606, .T. ) ;
#6118 = LINE ( 'NONE', #676, #4099 ) ;
#6119 = DIRECTION ( 'NONE',  ( -1.000000000000000000, 0.000000000000000000, 0.000000000000000000 ) ) ;
#6120 = LINE ( 'NONE', #3925, #3136 ) ;
#6121 = AXIS2_PLACEMENT_3D ( 'NONE', #6144, #8869, #2719 ) ;
#6122 = SURFACE_SIDE_STYLE ('',( #6975 ) ) ;
#6123 = FILL_AREA_STYLE_COLOUR ( '', #8389 ) ;
#6124 = SURFACE_SIDE_STYLE ('',( #6796 ) ) ;
#6125 = AXIS2_PLACEMENT_3D ( 'NONE', #879, #121, #5518 ) ;
#6126 = FACE_OUTER_BOUND ( 'NONE', #2639, .T. ) ;
#6127 = AXIS2_PLACEMENT_3D ( 'NONE', #1900, #7920, #3972 ) ;
#6128 = ORIENTED_EDGE ( 'NONE', *, *, #6985, .T. ) ;
#6129 = ADVANCED_FACE ( 'NONE', ( #758 ), #3602, .T. ) ;
#6130 = DIRECTION ( 'NONE',  ( -0.000000000000000000, 1.000000000000000000, -0.000000000000000000 ) ) ;
#6131 = ORIENTED_EDGE ( 'NONE', *, *, #7922, .F. ) ;
#6132 = VECTOR ( 'NONE', #1037, 999.9999999999998863 ) ;
#6133 = CARTESIAN_POINT ( 'NONE',  ( 50.49999999999998579, 65.99999999999998579, 0.000000000000000000 ) ) ;
#6134 = CARTESIAN_POINT ( 'NONE',  ( -36.50000000000002132, 62.99999999999997158, -1.000000000000000000 ) ) ;
#6135 = CARTESIAN_POINT ( 'NONE',  ( -29.50000000000000355, -71.95184441433913491, 20.00000000000000000 ) ) ;
#6136 = ORIENTED_EDGE ( 'NONE', *, *, #6602, .T. ) ;
#6137 = DIRECTION ( 'NONE',  ( -0.7071067811865479058, 0.7071067811865472397, 0.000000000000000000 ) ) ;
#6138 = VECTOR ( 'NONE', #7258, 999.9999999999998863 ) ;
#6139 = AXIS2_PLACEMENT_3D ( 'NONE', #3292, #2661, #5415 ) ;
#6140 = ORIENTED_EDGE ( 'NONE', *, *, #2444, .T. ) ;
#6141 = EDGE_CURVE ( 'NONE', #2264, #6649, #848, .T. ) ;
#6142 = DIRECTION ( 'NONE',  ( -0.000000000000000000, -0.1412171486779216778, -0.9899786446783979121 ) ) ;
#6143 = ORIENTED_EDGE ( 'NONE', *, *, #1739, .T. ) ;
#6144 = CARTESIAN_POINT ( 'NONE',  ( 38.50000000000000000, -61.00000000000004974, 4.500000000000000000 ) ) ;
#6145 = LINE ( 'NONE', #6735, #1111 ) ;
#6146 = CARTESIAN_POINT ( 'NONE',  ( 38.69999999999996732, -63.77133123440134455, 31.89999999999998437 ) ) ;
#6147 = ORIENTED_EDGE ( 'NONE', *, *, #3422, .T. ) ;
#6148 = VERTEX_POINT ( 'NONE', #174 ) ;
#6149 = AXIS2_PLACEMENT_3D ( 'NONE', #4197, #8547, #8505 ) ;
#6150 = ORIENTED_EDGE ( 'NONE', *, *, #7757, .T. ) ;
#6151 = LINE ( 'NONE', #2, #8552 ) ;
#6152 = FACE_OUTER_BOUND ( 'NONE', #2390, .T. ) ;
#6153 = EDGE_LOOP ( 'NONE', ( #7163, #8578, #8748, #8296 ) ) ;
#6154 = CARTESIAN_POINT ( 'NONE',  ( -22.98553390593270507, -62.75000000000007105, 8.155575096830393278 ) ) ;
#6155 = SURFACE_STYLE_FILL_AREA ( #4277 ) ;
#6156 = VECTOR ( 'NONE', #8000, 1000.000000000000000 ) ;
#6157 =( LENGTH_UNIT ( ) NAMED_UNIT ( * ) SI_UNIT ( .MILLI., .METRE. ) );
#6158 = EDGE_CURVE ( 'NONE', #978, #7309, #4897, .T. ) ;
#6159 = EDGE_CURVE ( 'NONE', #8508, #452, #5039, .T. ) ;
#6160 = DIRECTION ( 'NONE',  ( -0.8637789008984340100, -0.000000000000000000, -0.5038710255240851366 ) ) ;
#6161 = AXIS2_PLACEMENT_3D ( 'NONE', #534, #3952, #1163 ) ;
#6162 = DIRECTION ( 'NONE',  ( -1.000000000000000000, 0.000000000000000000, 0.000000000000000000 ) ) ;
#6163 =( NAMED_UNIT ( * ) SI_UNIT ( $, .STERADIAN. ) SOLID_ANGLE_UNIT ( ) );
#6164 = CARTESIAN_POINT ( 'NONE',  ( -35.50000000000000000, -50.00000000000001421, -1.155618692349120047E-14 ) ) ;
#6165 = SURFACE_STYLE_FILL_AREA ( #12 ) ;
#6166 = CARTESIAN_POINT ( 'NONE',  ( 36.14999999999999147, 43.08489116081717896, 23.88546074003531672 ) ) ;
#6167 = DIRECTION ( 'NONE',  ( -0.7035369334455652268, 0.7106586967581627334, 8.551376589097753998E-17 ) ) ;
#6168 = CARTESIAN_POINT ( 'NONE',  ( 38.49999999999997158, -60.57133123440132749, 31.99999999999998579 ) ) ;
#6169 = AXIS2_PLACEMENT_3D ( 'NONE', #614, #8159, #2814 ) ;
#6170 = SURFACE_STYLE_FILL_AREA ( #4021 ) ;
#6171 = CARTESIAN_POINT ( 'NONE',  ( 28.99999999999999289, -49.56703924609836065, 10.11491443023260928 ) ) ;
#6172 = ORIENTED_EDGE ( 'NONE', *, *, #2942, .F. ) ;
#6173 = FACE_OUTER_BOUND ( 'NONE', #5214, .T. ) ;
#6174 = AXIS2_PLACEMENT_3D ( 'NONE', #4875, #775, #862 ) ;
#6175 = VERTEX_POINT ( 'NONE', #89 ) ;
#6176 = PLANE ( 'NONE',  #8576 ) ;
#6177 = ORIENTED_EDGE ( 'NONE', *, *, #6682, .T. ) ;
#6178 = EDGE_CURVE ( 'NONE', #5569, #1193, #7902, .T. ) ;
#6179 = AXIS2_PLACEMENT_3D ( 'NONE', #4345, #7084, #927 ) ;
#6180 = ORIENTED_EDGE ( 'NONE', *, *, #5257, .T. ) ;
#6181 = DIRECTION ( 'NONE',  ( 1.000000000000000000, 0.000000000000000000, 0.000000000000000000 ) ) ;
#6182 = LINE ( 'NONE', #4890, #446 ) ;
#6183 = ORIENTED_EDGE ( 'NONE', *, *, #4312, .T. ) ;
#6184 = LINE ( 'NONE', #214, #6661 ) ;
#6185 = DIRECTION ( 'NONE',  ( 0.000000000000000000, 0.000000000000000000, 1.000000000000000000 ) ) ;
#6186 = ORIENTED_EDGE ( 'NONE', *, *, #2527, .F. ) ;
#6187 = EDGE_CURVE ( 'NONE', #1230, #3013, #730, .T. ) ;
#6188 = ORIENTED_EDGE ( 'NONE', *, *, #7922, .T. ) ;
#6189 = AXIS2_PLACEMENT_3D ( 'NONE', #2572, #5366, #1855 ) ;
#6190 = VERTEX_POINT ( 'NONE', #7628 ) ;
#6191 = LINE ( 'NONE', #1292, #7398 ) ;
#6192 = CARTESIAN_POINT ( 'NONE',  ( -45.04466517458418906, 71.45533482541580383, 29.35200255785567336 ) ) ;
#6193 = ORIENTED_EDGE ( 'NONE', *, *, #4183, .T. ) ;
#6194 = EDGE_LOOP ( 'NONE', ( #1842, #1381, #3492, #1998 ) ) ;
#6195 = CIRCLE ( 'NONE', #3322, 4.000000000000003553 ) ;
#6196 = LINE ( 'NONE', #811, #754 ) ;
#6197 = ORIENTED_EDGE ( 'NONE', *, *, #7716, .F. ) ;
#6198 = PRESENTATION_STYLE_ASSIGNMENT (( #4720 ) ) ;
#6199 = AXIS2_PLACEMENT_3D ( 'NONE', #3619, #1498, #7694 ) ;
#6200 =( NAMED_UNIT ( * ) SI_UNIT ( $, .STERADIAN. ) SOLID_ANGLE_UNIT ( ) );
#6201 = CARTESIAN_POINT ( 'NONE',  ( 34.64999999999999147, -68.41723374252731560, 26.43463038835312418 ) ) ;
#6202 = PLANE ( 'NONE',  #7526 ) ;
#6203 = PRESENTATION_STYLE_ASSIGNMENT (( #1393 ) ) ;
#6204 = EDGE_CURVE ( 'NONE', #8420, #6905, #5253, .T. ) ;
#6205 = EDGE_CURVE ( 'NONE', #8611, #2620, #3739, .T. ) ;
#6206 = PLANE ( 'NONE',  #6319 ) ;
#6207 = CARTESIAN_POINT ( 'NONE',  ( 50.49999999999999289, 72.99999999999997158, 0.000000000000000000 ) ) ;
#6208 = CARTESIAN_POINT ( 'NONE',  ( 45.04466517458415353, 71.45533482541580383, 29.35200255785565560 ) ) ;
#6209 = AXIS2_PLACEMENT_3D ( 'NONE', #7081, #1557, #4342 ) ;
#6210 = VECTOR ( 'NONE', #1539, 1000.000000000000114 ) ;
#6211 = FILL_AREA_STYLE ('',( #3477 ) ) ;
#6212 = DIRECTION ( 'NONE',  ( -0.000000000000000000, -0.1470117858375537823, 0.9891347404802103283 ) ) ;
#6213 = ORIENTED_EDGE ( 'NONE', *, *, #5538, .F. ) ;
#6214 = VECTOR ( 'NONE', #914, 1000.000000000000000 ) ;
#6215 = ORIENTED_EDGE ( 'NONE', *, *, #7007, .F. ) ;
#6216 = FACE_OUTER_BOUND ( 'NONE', #7030, .T. ) ;
#6217 = EDGE_CURVE ( 'NONE', #4534, #4995, #3777, .T. ) ;
#6218 = DIRECTION ( 'NONE',  ( 0.000000000000000000, 1.000000000000000000, 0.000000000000000000 ) ) ;
#6219 = CARTESIAN_POINT ( 'NONE',  ( -33.64999999999999858, 43.39850362162523112, -24.75092472089291107 ) ) ;
#6220 = ORIENTED_EDGE ( 'NONE', *, *, #856, .F. ) ;
#6221 =( BOUNDED_CURVE ( )  B_SPLINE_CURVE ( 3, ( #7898, #1663, #6767, #610 ),
 .UNSPECIFIED., .F., .T. ) 
 B_SPLINE_CURVE_WITH_KNOTS ( ( 4, 4 ),
 ( 3.023987556510593144, 3.089232776029959382 ),
 .UNSPECIFIED. ) 
 CURVE ( )  GEOMETRIC_REPRESENTATION_ITEM ( )  RATIONAL_B_SPLINE_CURVE ( ( 1.000000000000000000, 0.9996452865706905166, 0.9996452865706905166, 1.000000000000000000 ) ) 
 REPRESENTATION_ITEM ( '' )  );
#6222 = DIRECTION ( 'NONE',  ( 0.000000000000000000, 0.9891347404802103283, 0.1470117858375538933 ) ) ;
#6223 = VECTOR ( 'NONE', #1932, 1000.000000000000000 ) ;
#6224 = VERTEX_POINT ( 'NONE', #4450 ) ;
#6225 = DIRECTION ( 'NONE',  ( 1.000000000000000000, 0.000000000000000000, 0.000000000000000000 ) ) ;
#6226 = FACE_OUTER_BOUND ( 'NONE', #6356, .T. ) ;
#6227 = VERTEX_POINT ( 'NONE', #8486 ) ;
#6228 = APPLICATION_CONTEXT ( 'automotive_design' ) ;
#6229 = EDGE_CURVE ( 'NONE', #3259, #2730, #5793, .T. ) ;
#6230 = PRESENTATION_LAYER_ASSIGNMENT (  '', '', ( #630 ) ) ;
#6231 = DIRECTION ( 'NONE',  ( 0.000000000000000000, -0.000000000000000000, -1.000000000000000000 ) ) ;
#6232 = LINE ( 'NONE', #2949, #6523 ) ;
#6233 = CARTESIAN_POINT ( 'NONE',  ( 42.49999999999995026, -73.00000000000002842, -1.000000000000000000 ) ) ;
#6234 = ORIENTED_EDGE ( 'NONE', *, *, #7525, .T. ) ;
#6235 = ORIENTED_EDGE ( 'NONE', *, *, #3840, .T. ) ;
#6236 = AXIS2_PLACEMENT_3D ( 'NONE', #6036, #1858, #4597 ) ;
#6237 = VERTEX_POINT ( 'NONE', #7313 ) ;
#6238 = FILL_AREA_STYLE ('',( #3695 ) ) ;
#6239 = CARTESIAN_POINT ( 'NONE',  ( -24.49999999999999645, 0.000000000000000000, 4.500000000000000000 ) ) ;
#6240 = DIRECTION ( 'NONE',  ( 1.000000000000000000, 0.000000000000000000, -0.000000000000000000 ) ) ;
#6241 = ORIENTED_EDGE ( 'NONE', *, *, #4760, .F. ) ;
#6242 = ADVANCED_FACE ( 'NONE', ( #1155 ), #5209, .T. ) ;
#6243 = CARTESIAN_POINT ( 'NONE',  ( 46.89999999999999858, 58.99999999999995737, 22.50000000000000000 ) ) ;
#6244 = SURFACE_SIDE_STYLE ('',( #4716 ) ) ;
#6245 = EDGE_CURVE ( 'NONE', #6148, #3352, #8653, .T. ) ;
#6246 = DIRECTION ( 'NONE',  ( 0.000000000000000000, 0.1412171486779212892, 0.9899786446783980232 ) ) ;
#6247 = ORIENTED_EDGE ( 'NONE', *, *, #6012, .F. ) ;
#6248 = VECTOR ( 'NONE', #7390, 1000.000000000000000 ) ;
#6249 = CARTESIAN_POINT ( 'NONE',  ( 34.00000000000000711, 3.558868336046677960, -23.94502106020632226 ) ) ;
#6250 = ORIENTED_EDGE ( 'NONE', *, *, #1373, .T. ) ;
#6251 = AXIS2_PLACEMENT_3D ( 'NONE', #7545, #7456, #2492 ) ;
#6252 = DIRECTION ( 'NONE',  ( 0.000000000000000000, -7.638175199916774264E-16, 1.000000000000000000 ) ) ;
#6253 = AXIS2_PLACEMENT_3D ( 'NONE', #2221, #234, #815 ) ;
#6254 = CARTESIAN_POINT ( 'NONE',  ( -26.25000000000000355, -65.57133123440134170, 20.00000000000000000 ) ) ;
#6255 = LINE ( 'NONE', #6927, #1289 ) ;
#6256 = FACE_OUTER_BOUND ( 'NONE', #4008, .T. ) ;
#6257 = COLOUR_RGB ( '',0.1019607843137254888, 0.1019607843137254888, 0.1019607843137254888 ) ;
#6258 = CARTESIAN_POINT ( 'NONE',  ( -39.50000000000000711, -58.00000000000002132, 0.000000000000000000 ) ) ;
#6259 = VECTOR ( 'NONE', #8043, 1000.000000000000000 ) ;
#6260 = FILL_AREA_STYLE ('',( #4967 ) ) ;
#6261 = VECTOR ( 'NONE', #8751, 1000.000000000000000 ) ;
#6262 = ADVANCED_FACE ( 'NONE', ( #5122 ), #7941, .F. ) ;
#6263 = ADVANCED_FACE ( 'NONE', ( #7141 ), #442, .T. ) ;
#6264 = ORIENTED_EDGE ( 'NONE', *, *, #1268, .F. ) ;
#6265 = CIRCLE ( 'NONE', #8835, 2.500000000000015987 ) ;
#6266 = DIRECTION ( 'NONE',  ( 0.000000000000000000, 0.000000000000000000, 1.000000000000000000 ) ) ;
#6267 = ORIENTED_EDGE ( 'NONE', *, *, #6457, .T. ) ;
#6268 = CARTESIAN_POINT ( 'NONE',  ( 50.49999999999998579, 65.99999999999995737, 31.99999999999998579 ) ) ;
#6269 = VECTOR ( 'NONE', #1787, 1000.000000000000000 ) ;
#6270 = CYLINDRICAL_SURFACE ( 'NONE', #6088, 1.649999999999988809 ) ;
#6271 = ORIENTED_EDGE ( 'NONE', *, *, #695, .F. ) ;
#6272 = FACE_OUTER_BOUND ( 'NONE', #8549, .T. ) ;
#6273 = CIRCLE ( 'NONE', #3401, 3.000000000000006217 ) ;
#6274 = EDGE_CURVE ( 'NONE', #6413, #523, #6474, .T. ) ;
#6275 = EDGE_CURVE ( 'NONE', #4046, #740, #7899, .T. ) ;
#6276 = VECTOR ( 'NONE', #3884, 999.9999999999998863 ) ;
#6277 = EDGE_LOOP ( 'NONE', ( #526, #52, #3457, #795 ) ) ;
#6278 = DIRECTION ( 'NONE',  ( -1.000000000000000000, 0.000000000000000000, 0.000000000000000000 ) ) ;
#6279 = DIRECTION ( 'NONE',  ( 0.000000000000000000, 2.434699615406044823E-15, 1.000000000000000000 ) ) ;
#6280 = CARTESIAN_POINT ( 'NONE',  ( 43.50000000000000000, 55.49999999999997868, 4.500000000000000000 ) ) ;
#6281 = ORIENTED_EDGE ( 'NONE', *, *, #7854, .T. ) ;
#6282 = CARTESIAN_POINT ( 'NONE',  ( -28.99999999999999289, -44.45518487432007504, -31.08118908553368342 ) ) ;
#6283 = FACE_BOUND ( 'NONE', #5642, .T. ) ;
#6284 = LINE ( 'NONE', #4798, #430 ) ;
#6285 = ORIENTED_EDGE ( 'NONE', *, *, #37, .T. ) ;
#6286 = CIRCLE ( 'NONE', #4851, 1.649999999999982148 ) ;
#6287 = VERTEX_POINT ( 'NONE', #1788 ) ;
#6288 = ADVANCED_FACE ( 'NONE', ( #3052 ), #3028, .F. ) ;
#6289 = ORIENTED_EDGE ( 'NONE', *, *, #279, .T. ) ;
#6290 = SURFACE_STYLE_USAGE ( .BOTH. , #3556 ) ;
#6291 = CARTESIAN_POINT ( 'NONE',  ( -38.49999999999999289, -63.50000000000002842, 8.044105107084975614 ) ) ;
#6292 = AXIS2_PLACEMENT_3D ( 'NONE', #69, #1452, #2891 ) ;
#6293 = MECHANICAL_DESIGN_GEOMETRIC_PRESENTATION_REPRESENTATION (  '', ( #7293 ), #3420 ) ;
#6294 = ORIENTED_EDGE ( 'NONE', *, *, #8023, .F. ) ;
#6295 = DIRECTION ( 'NONE',  ( -0.000000000000000000, -0.1470117858375538933, 0.9891347404802104393 ) ) ;
#6296 = LINE ( 'NONE', #713, #1947 ) ;
#6297 = FACE_BOUND ( 'NONE', #5702, .T. ) ;
#6298 = ORIENTED_EDGE ( 'NONE', *, *, #6916, .T. ) ;
#6299 = DIRECTION ( 'NONE',  ( 1.000000000000000000, -0.000000000000000000, 0.000000000000000000 ) ) ;
#6300 = AXIS2_PLACEMENT_3D ( 'NONE', #3199, #8764, #1132 ) ;
#6301 = ADVANCED_FACE ( 'NONE', ( #5878 ), #3907, .F. ) ;
#6302 = DIRECTION ( 'NONE',  ( -0.000000000000000000, -0.1470117858375538933, 0.9891347404802104393 ) ) ;
#6303 = DIRECTION ( 'NONE',  ( -0.000000000000000000, -0.000000000000000000, 1.000000000000000000 ) ) ;
#6304 = VECTOR ( 'NONE', #584, 1000.000000000000000 ) ;
#6305 = CARTESIAN_POINT ( 'NONE',  ( 50.49999999999999289, -73.00000000000002842, 0.000000000000000000 ) ) ;
#6306 = DIRECTION ( 'NONE',  ( 0.000000000000000000, 1.000000000000000000, 0.000000000000000000 ) ) ;
#6307 = CARTESIAN_POINT ( 'NONE',  ( -43.50000000000000000, 0.000000000000000000, 0.000000000000000000 ) ) ;
#6308 = CARTESIAN_POINT ( 'NONE',  ( 27.91446609406726154, -57.74999999999999289, 8.898708361799847921 ) ) ;
#6309 = SURFACE_SIDE_STYLE ('',( #2131 ) ) ;
#6310 = EDGE_CURVE ( 'NONE', #5332, #7765, #8108, .T. ) ;
#6311 = COLOUR_RGB ( '',0.1019607843137254888, 0.1019607843137254888, 0.1019607843137254888 ) ;
#6312 = SURFACE_STYLE_USAGE ( .BOTH. , #6449 ) ;
#6313 = CARTESIAN_POINT ( 'NONE',  ( -43.50000000000000000, 44.13214510897572751, 26.56857211458450863 ) ) ;
#6314 = ORIENTED_EDGE ( 'NONE', *, *, #8377, .T. ) ;
#6315 = CYLINDRICAL_SURFACE ( 'NONE', #6568, 2.500000000000002220 ) ;
#6316 =( NAMED_UNIT ( * ) PLANE_ANGLE_UNIT ( ) SI_UNIT ( $, .RADIAN. ) );
#6317 = ORIENTED_EDGE ( 'NONE', *, *, #7716, .T. ) ;
#6318 = DIRECTION ( 'NONE',  ( -1.962615573354714952E-17, -0.1470117858375537823, 0.9891347404802103283 ) ) ;
#6319 = AXIS2_PLACEMENT_3D ( 'NONE', #6307, #105, #2227 ) ;
#6320 = VERTEX_POINT ( 'NONE', #4703 ) ;
#6321 = CARTESIAN_POINT ( 'NONE',  ( -50.50000000000000000, -65.70209229852552824, 19.99999999999997868 ) ) ;
#6322 = CARTESIAN_POINT ( 'NONE',  ( -50.50000000000002132, 65.99999999999995737, 19.99999999999997513 ) ) ;
#6323 = CARTESIAN_POINT ( 'NONE',  ( -45.20000000000000284, 57.00000000000000000, 0.000000000000000000 ) ) ;
#6324 = ORIENTED_EDGE ( 'NONE', *, *, #4073, .T. ) ;
#6325 = ADVANCED_FACE ( 'NONE', ( #8785, #4079 ), #2632, .F. ) ;
#6326 = CYLINDRICAL_SURFACE ( 'NONE', #489, 3.999999999999998224 ) ;
#6327 = EDGE_CURVE ( 'NONE', #7385, #1514, #5303, .T. ) ;
#6328 = VERTEX_POINT ( 'NONE', #1961 ) ;
#6329 = VECTOR ( 'NONE', #8742, 1000.000000000000000 ) ;
#6330 = EDGE_LOOP ( 'NONE', ( #8330, #2512, #6804, #7311 ) ) ;
#6331 = ORIENTED_EDGE ( 'NONE', *, *, #2433, .F. ) ;
#6332 = CARTESIAN_POINT ( 'NONE',  ( 26.44999999999998863, -60.25000000000002132, -30.80000000000000426 ) ) ;
#6333 = DIRECTION ( 'NONE',  ( 0.000000000000000000, 0.000000000000000000, 1.000000000000000000 ) ) ;
#6334 = ORIENTED_EDGE ( 'NONE', *, *, #5150, .F. ) ;
#6335 = CARTESIAN_POINT ( 'NONE',  ( 0.000000000000000000, -57.50000000000004263, 1.000000000000000000 ) ) ;
#6336 = CARTESIAN_POINT ( 'NONE',  ( -41.70000000000002416, 64.22866876559862703, 31.89999999999998437 ) ) ;
#6337 = EDGE_CURVE ( 'NONE', #717, #5291, #5343, .T. ) ;
#6338 = ORIENTED_EDGE ( 'NONE', *, *, #720, .F. ) ;
#6339 = DIRECTION ( 'NONE',  ( -1.000000000000000000, 0.000000000000000000, 0.000000000000000000 ) ) ;
#6340 = ORIENTED_EDGE ( 'NONE', *, *, #5407, .T. ) ;
#6341 = SHAPE_DEFINITION_REPRESENTATION ( #2287, #2887 ) ;
#6342 = ORIENTED_EDGE ( 'NONE', *, *, #8524, .F. ) ;
#6343 = FACE_OUTER_BOUND ( 'NONE', #7235, .T. ) ;
#6344 = CARTESIAN_POINT ( 'NONE',  ( 36.14999999999999147, 44.99237159932778241, 26.69642469866221646 ) ) ;
#6345 = VECTOR ( 'NONE', #7505, 1000.000000000000114 ) ;
#6346 = CARTESIAN_POINT ( 'NONE',  ( -42.49999999999995737, -73.00000000000002842, -1.000000000000000000 ) ) ;
#6347 = CARTESIAN_POINT ( 'NONE',  ( 38.50000000000000000, -63.50000000000004263, 0.000000000000000000 ) ) ;
#6348 = ADVANCED_FACE ( 'NONE', ( #7350 ), #4120, .F. ) ;
#6349 = CARTESIAN_POINT ( 'NONE',  ( 36.14999999999999147, 40.80988125771268926, 23.54733363260893952 ) ) ;
#6350 = CARTESIAN_POINT ( 'NONE',  ( 26.44999999999998863, -62.75000000000002842, 13.19999999999999929 ) ) ;
#6351 = CARTESIAN_POINT ( 'NONE',  ( 33.00000000000000000, -37.53124169095859486, -30.05210658467080265 ) ) ;
#6352 = DIRECTION ( 'NONE',  ( -1.000000000000000000, 0.000000000000000000, 0.000000000000000000 ) ) ;
#6353 = COLOUR_RGB ( '',0.2980392156862745057, 0.2980392156862745057, 0.2980392156862745057 ) ;
#6354 = DIRECTION ( 'NONE',  ( 8.659560562354940254E-17, -0.7998762163319506069, -0.6001650094319750384 ) ) ;
#6355 = UNCERTAINTY_MEASURE_WITH_UNIT (LENGTH_MEASURE( 1.000000000000000082E-05 ), #1276, 'distance_accuracy_value', 'NONE');
#6356 = EDGE_LOOP ( 'NONE', ( #7804, #41, #3509, #1519, #3161, #6271, #4844, #6011, #4402, #8387, #5192, #3215 ) ) ;
#6357 =( NAMED_UNIT ( * ) SI_UNIT ( $, .STERADIAN. ) SOLID_ANGLE_UNIT ( ) );
#6358 = VERTEX_POINT ( 'NONE', #5430 ) ;
#6359 = CARTESIAN_POINT ( 'NONE',  ( 43.49999999999998579, 72.99999999999997158, 0.000000000000000000 ) ) ;
#6360 = EDGE_CURVE ( 'NONE', #2190, #27, #1199, .T. ) ;
#6361 = CARTESIAN_POINT ( 'NONE',  ( -41.42893218813452449, -66.00000000000002842, 10.20000000000000107 ) ) ;
#6362 = EDGE_CURVE ( 'NONE', #1424, #1857, #6687, .T. ) ;
#6363 = MECHANICAL_DESIGN_GEOMETRIC_PRESENTATION_REPRESENTATION (  '', ( #884 ), #741 ) ;
#6364 = CARTESIAN_POINT ( 'NONE',  ( 35.04999999999998295, -72.38884964896776353, 11.66144338479930909 ) ) ;
#6365 = VERTEX_POINT ( 'NONE', #5473 ) ;
#6366 = PRODUCT_DEFINITION_SHAPE ( 'NONE', 'NONE',  #8874 ) ;
#6367 = CARTESIAN_POINT ( 'NONE',  ( -24.44999999999998508, -60.25000000000004974, -30.80000000000000426 ) ) ;
#6368 = ORIENTED_EDGE ( 'NONE', *, *, #5301, .T. ) ;
#6369 = DIRECTION ( 'NONE',  ( 0.000000000000000000, -2.434699615406044823E-15, -1.000000000000000000 ) ) ;
#6370 = ORIENTED_EDGE ( 'NONE', *, *, #3791, .F. ) ;
#6371 = FACE_OUTER_BOUND ( 'NONE', #7881, .T. ) ;
#6372 = DIRECTION ( 'NONE',  ( 0.000000000000000000, 0.000000000000000000, 1.000000000000000000 ) ) ;
#6373 = CARTESIAN_POINT ( 'NONE',  ( -17.99999999999999645, -63.50000000000005684, 0.000000000000000000 ) ) ;
#6374 = VERTEX_POINT ( 'NONE', #4661 ) ;
#6375 = AXIS2_PLACEMENT_3D ( 'NONE', #6418, #2999, #8478 ) ;
#6376 = VERTEX_POINT ( 'NONE', #8153 ) ;
#6377 = ORIENTED_EDGE ( 'NONE', *, *, #8025, .T. ) ;
#6378 = ADVANCED_FACE ( 'NONE', ( #2003 ), #2717, .T. ) ;
#6379 = STYLED_ITEM ( 'NONE', ( #3721 ), #1765 ) ;
#6380 = LINE ( 'NONE', #2158, #3391 ) ;
#6381 = DIRECTION ( 'NONE',  ( -1.000000000000000000, 0.000000000000000000, 0.000000000000000000 ) ) ;
#6382 = PRESENTATION_STYLE_ASSIGNMENT (( #7856 ) ) ;
#6383 = SURFACE_SIDE_STYLE ('',( #2210 ) ) ;
#6384 = DIRECTION ( 'NONE',  ( 1.049727191138615121E-16, -0.9213095310110793745, -0.3888299732121290875 ) ) ;
#6385 = DIRECTION ( 'NONE',  ( -0.000000000000000000, -0.000000000000000000, 1.000000000000000000 ) ) ;
#6386 = ORIENTED_EDGE ( 'NONE', *, *, #6602, .F. ) ;
#6387 = PLANE ( 'NONE',  #5205 ) ;
#6388 = CIRCLE ( 'NONE', #7376, 2.500000000000015987 ) ;
#6389 = ORIENTED_EDGE ( 'NONE', *, *, #8175, .F. ) ;
#6390 = ORIENTED_EDGE ( 'NONE', *, *, #773, .F. ) ;
#6391 = ADVANCED_FACE ( 'NONE', ( #3399 ), #8194, .T. ) ;
#6392 = CYLINDRICAL_SURFACE ( 'NONE', #6253, 2.500000000000015987 ) ;
#6393 = CARTESIAN_POINT ( 'NONE',  ( -38.50000000000000711, -41.32965872793111117, -1.050237454585796381E-14 ) ) ;
#6394 = PRESENTATION_LAYER_ASSIGNMENT (  '', '', ( #4390 ) ) ;
#6395 = CARTESIAN_POINT ( 'NONE',  ( 35.04999999999998295, -72.36749062985673220, 10.15826548704315258 ) ) ;
#6396 = DIRECTION ( 'NONE',  ( -1.000000000000000000, 0.000000000000000000, 0.000000000000000000 ) ) ;
#6397 =( NAMED_UNIT ( * ) SI_UNIT ( $, .STERADIAN. ) SOLID_ANGLE_UNIT ( ) );
#6398 = DIRECTION ( 'NONE',  ( -0.000000000000000000, 1.000000000000000000, 1.281219081732939915E-16 ) ) ;
#6399 = DIRECTION ( 'NONE',  ( 0.000000000000000000, 0.000000000000000000, 1.000000000000000000 ) ) ;
#6400 = AXIS2_PLACEMENT_3D ( 'NONE', #2050, #6948, #3494 ) ;
#6401 = LINE ( 'NONE', #1547, #827 ) ;
#6402 = EDGE_CURVE ( 'NONE', #6639, #7006, #308, .T. ) ;
#6403 = PRESENTATION_LAYER_ASSIGNMENT (  '', '', ( #6829 ) ) ;
#6404 = ORIENTED_EDGE ( 'NONE', *, *, #6274, .T. ) ;
#6405 = PLANE ( 'NONE',  #6189 ) ;
#6406 = ORIENTED_EDGE ( 'NONE', *, *, #522, .T. ) ;
#6407 = LINE ( 'NONE', #293, #7408 ) ;
#6408 = DIRECTION ( 'NONE',  ( 1.000000000000000000, 0.000000000000000000, 0.000000000000000000 ) ) ;
#6409 = ORIENTED_EDGE ( 'NONE', *, *, #4932, .F. ) ;
#6410 = LINE ( 'NONE', #3034, #3789 ) ;
#6411 = EDGE_CURVE ( 'NONE', #8508, #2644, #3994, .T. ) ;
#6412 =( GEOMETRIC_REPRESENTATION_CONTEXT ( 3 ) GLOBAL_UNCERTAINTY_ASSIGNED_CONTEXT ( ( #8321 ) ) GLOBAL_UNIT_ASSIGNED_CONTEXT ( ( #5910, #5953, #433 ) ) REPRESENTATION_CONTEXT ( 'NONE', 'WORKASPACE' ) );
#6413 = VERTEX_POINT ( 'NONE', #122 ) ;
#6414 = FACE_OUTER_BOUND ( 'NONE', #6757, .T. ) ;
#6415 = ORIENTED_EDGE ( 'NONE', *, *, #4203, .T. ) ;
#6416 = STYLED_ITEM ( 'NONE', ( #5386 ), #7984 ) ;
#6417 = FILL_AREA_STYLE_COLOUR ( '', #8262 ) ;
#6418 = CARTESIAN_POINT ( 'NONE',  ( 46.89999999999999858, -56.00000000000003553, 22.49999999999998579 ) ) ;
#6419 = FILL_AREA_STYLE ('',( #7802 ) ) ;
#6420 = VERTEX_POINT ( 'NONE', #3590 ) ;
#6421 = MECHANICAL_DESIGN_GEOMETRIC_PRESENTATION_REPRESENTATION (  '', ( #1378 ), #6412 ) ;
#6422 = ORIENTED_EDGE ( 'NONE', *, *, #4106, .F. ) ;
#6423 = EDGE_CURVE ( 'NONE', #7232, #4794, #4902, .T. ) ;
#6424 = ORIENTED_EDGE ( 'NONE', *, *, #2461, .T. ) ;
#6425 = SURFACE_STYLE_USAGE ( .BOTH. , #4360 ) ;
#6426 =( NAMED_UNIT ( * ) PLANE_ANGLE_UNIT ( ) SI_UNIT ( $, .RADIAN. ) );
#6427 = ORIENTED_EDGE ( 'NONE', *, *, #4299, .F. ) ;
#6428 = FACE_OUTER_BOUND ( 'NONE', #6738, .T. ) ;
#6429 = AXIS2_PLACEMENT_3D ( 'NONE', #3127, #5909, #1694 ) ;
#6430 = CIRCLE ( 'NONE', #4552, 0.7500000000000006661 ) ;
#6431 = CARTESIAN_POINT ( 'NONE',  ( 34.64999999999999147, -69.35617686809909799, 24.66873520263527197 ) ) ;
#6432 = VERTEX_POINT ( 'NONE', #4842 ) ;
#6433 = CARTESIAN_POINT ( 'NONE',  ( -38.50000000000000000, -50.00000000000001421, -11.42793998467654148 ) ) ;
#6434 = VECTOR ( 'NONE', #6692, 1000.000000000000000 ) ;
#6435 = AXIS2_PLACEMENT_3D ( 'NONE', #8554, #7213, #1772 ) ;
#6436 = VERTEX_POINT ( 'NONE', #7761 ) ;
#6437 = DIRECTION ( 'NONE',  ( -0.000000000000000000, 1.000000000000000000, -0.000000000000000000 ) ) ;
#6438 = CARTESIAN_POINT ( 'NONE',  ( -33.64999999999999858, -47.28008273239571224, -11.43713105280698805 ) ) ;
#6439 = LINE ( 'NONE', #3019, #3468 ) ;
#6440 = DIRECTION ( 'NONE',  ( -2.157129035454143264E-16, 0.9891347404802104393, 0.1470117858375538933 ) ) ;
#6441 = AXIS2_PLACEMENT_3D ( 'NONE', #1189, #7428, #3937 ) ;
#6442 = LINE ( 'NONE', #1758, #4460 ) ;
#6443 = STYLED_ITEM ( 'NONE', ( #286 ), #8853 ) ;
#6444 = EDGE_CURVE ( 'NONE', #3784, #7861, #7040, .T. ) ;
#6445 = LINE ( 'NONE', #999, #4802 ) ;
#6446 = EDGE_CURVE ( 'NONE', #6587, #2550, #1562, .T. ) ;
#6447 = CARTESIAN_POINT ( 'NONE',  ( -40.99999999999999289, 0.000000000000000000, 0.000000000000000000 ) ) ;
#6448 = LINE ( 'NONE', #8415, #6214 ) ;
#6449 = SURFACE_SIDE_STYLE ('',( #4921 ) ) ;
#6450 = ORIENTED_EDGE ( 'NONE', *, *, #5456, .F. ) ;
#6451 = FILL_AREA_STYLE_COLOUR ( '', #755 ) ;
#6452 = ORIENTED_EDGE ( 'NONE', *, *, #8461, .T. ) ;
#6453 = CYLINDRICAL_SURFACE ( 'NONE', #2998, 8.000000000000000000 ) ;
#6454 = DIRECTION ( 'NONE',  ( -2.775557561562890735E-17, -0.1470117858375538933, 0.9891347404802104393 ) ) ;
#6455 = ORIENTED_EDGE ( 'NONE', *, *, #3587, .F. ) ;
#6456 = CARTESIAN_POINT ( 'NONE',  ( 33.00000000000000711, 53.86480832941285257, -16.46821757328082469 ) ) ;
#6457 = EDGE_CURVE ( 'NONE', #8299, #1693, #5701, .T. ) ;
#6458 = CIRCLE ( 'NONE', #8732, 2.300000000000004263 ) ;
#6459 = DIRECTION ( 'NONE',  ( 0.000000000000000000, -0.000000000000000000, -1.000000000000000000 ) ) ;
#6460 = VERTEX_POINT ( 'NONE', #7713 ) ;
#6461 = DIRECTION ( 'NONE',  ( 1.000000000000000000, 0.000000000000000000, -0.000000000000000000 ) ) ;
#6462 = CARTESIAN_POINT ( 'NONE',  ( 46.45876991486272090, -71.95184441433913491, 20.00000000000000000 ) ) ;
#6463 = VECTOR ( 'NONE', #5167, 1000.000000000000114 ) ;
#6464 = VERTEX_POINT ( 'NONE', #2194 ) ;
#6465 = DIRECTION ( 'NONE',  ( -1.000000000000000000, 0.000000000000000000, -0.000000000000000000 ) ) ;
#6466 = FACE_OUTER_BOUND ( 'NONE', #1913, .T. ) ;
#6467 = LINE ( 'NONE', #3045, #8466 ) ;
#6468 = ADVANCED_FACE ( 'NONE', ( #6947 ), #8288, .F. ) ;
#6469 = ORIENTED_EDGE ( 'NONE', *, *, #7205, .T. ) ;
#6470 = CIRCLE ( 'NONE', #8601, 2.024999999999999023 ) ;
#6471 = VERTEX_POINT ( 'NONE', #6322 ) ;
#6472 = ORIENTED_EDGE ( 'NONE', *, *, #7127, .F. ) ;
#6473 = PLANE ( 'NONE',  #8558 ) ;
#6474 = LINE ( 'NONE', #312, #5763 ) ;
#6475 = EDGE_LOOP ( 'NONE', ( #3035, #4158, #5345, #7076 ) ) ;
#6476 = AXIS2_PLACEMENT_3D ( 'NONE', #7645, #1443, #2926 ) ;
#6477 = DIRECTION ( 'NONE',  ( 0.000000000000000000, -0.1470117858375538655, 0.9891347404802103283 ) ) ;
#6478 = EDGE_CURVE ( 'NONE', #2434, #7948, #5655, .T. ) ;
#6479 = ORIENTED_EDGE ( 'NONE', *, *, #3294, .F. ) ;
#6480 = ORIENTED_EDGE ( 'NONE', *, *, #5626, .T. ) ;
#6481 = AXIS2_PLACEMENT_3D ( 'NONE', #2759, #4258, #2900 ) ;
#6482 = ORIENTED_EDGE ( 'NONE', *, *, #1830, .T. ) ;
#6483 = LINE ( 'NONE', #320, #3834 ) ;
#6484 = CARTESIAN_POINT ( 'NONE',  ( 31.13375866546478932, -53.61515718961152288, 31.89999999999998437 ) ) ;
#6485 =( LENGTH_UNIT ( ) NAMED_UNIT ( * ) SI_UNIT ( .MILLI., .METRE. ) );
#6486 = DIRECTION ( 'NONE',  ( -1.000000000000000000, 0.000000000000000000, -0.000000000000000000 ) ) ;
#6487 = DIRECTION ( 'NONE',  ( 0.000000000000000000, -0.9891347404802104393, -0.1470117858375537823 ) ) ;
#6488 = DIRECTION ( 'NONE',  ( 1.000000000000000000, 0.000000000000000000, 0.000000000000000000 ) ) ;
#6489 = DIRECTION ( 'NONE',  ( -0.000000000000000000, -0.000000000000000000, -1.000000000000000000 ) ) ;
#6490 =( NAMED_UNIT ( * ) PLANE_ANGLE_UNIT ( ) SI_UNIT ( $, .RADIAN. ) );
#6491 = AXIS2_PLACEMENT_3D ( 'NONE', #7642, #8359, #2879 ) ;
#6492 = EDGE_CURVE ( 'NONE', #124, #2620, #5894, .T. ) ;
#6493 = ADVANCED_FACE ( 'NONE', ( #2145 ), #5028, .T. ) ;
#6494 = VERTEX_POINT ( 'NONE', #3447 ) ;
#6495 = SURFACE_STYLE_FILL_AREA ( #8464 ) ;
#6496 = SURFACE_SIDE_STYLE ('',( #3759 ) ) ;
#6497 = ORIENTED_EDGE ( 'NONE', *, *, #1459, .F. ) ;
#6498 = DIRECTION ( 'NONE',  ( 0.000000000000000000, 0.1470117858375537823, -0.9891347404802103283 ) ) ;
#6499 = FACE_BOUND ( 'NONE', #2154, .T. ) ;
#6500 = FILL_AREA_STYLE_COLOUR ( '', #7927 ) ;
#6501 = ORIENTED_EDGE ( 'NONE', *, *, #5015, .F. ) ;
#6502 = EDGE_CURVE ( 'NONE', #4172, #6328, #6182, .T. ) ;
#6503 = CIRCLE ( 'NONE', #2618, 2.299999999999997602 ) ;
#6504 = CARTESIAN_POINT ( 'NONE',  ( 50.49999999999998579, -65.00000000000002842, 19.99999999999997868 ) ) ;
#6505 = AXIS2_PLACEMENT_3D ( 'NONE', #4382, #5812, #5142 ) ;
#6506 = ORIENTED_EDGE ( 'NONE', *, *, #3059, .F. ) ;
#6507 = DIRECTION ( 'NONE',  ( 0.000000000000000000, -0.9891347404802104393, -0.1470117858375539210 ) ) ;
#6508 = CARTESIAN_POINT ( 'NONE',  ( -42.49999999999995737, -73.00000000000002842, 0.000000000000000000 ) ) ;
#6509 = CARTESIAN_POINT ( 'NONE',  ( 33.00000000000000711, 47.39628975256047738, 27.05371100784843819 ) ) ;
#6510 = CARTESIAN_POINT ( 'NONE',  ( 34.64999999999999147, -69.35617686809909799, 24.66873520263527197 ) ) ;
#6511 = ORIENTED_EDGE ( 'NONE', *, *, #8649, .T. ) ;
#6512 = AXIS2_PLACEMENT_3D ( 'NONE', #4074, #2088, #3442 ) ;
#6513 = EDGE_LOOP ( 'NONE', ( #4982, #6506, #8678, #609 ) ) ;
#6514 = VERTEX_POINT ( 'NONE', #2810 ) ;
#6515 = EDGE_CURVE ( 'NONE', #5579, #7662, #7567, .T. ) ;
#6516 = DIRECTION ( 'NONE',  ( -0.000000000000000000, -0.1470117858375538933, 0.9891347404802104393 ) ) ;
#6517 = DIRECTION ( 'NONE',  ( -0.000000000000000000, -0.000000000000000000, -1.000000000000000000 ) ) ;
#6518 = ORIENTED_EDGE ( 'NONE', *, *, #6048, .F. ) ;
#6519 =( NAMED_UNIT ( * ) PLANE_ANGLE_UNIT ( ) SI_UNIT ( $, .RADIAN. ) );
#6520 = ORIENTED_EDGE ( 'NONE', *, *, #804, .F. ) ;
#6521 =( BOUNDED_CURVE ( )  B_SPLINE_CURVE ( 3, ( #4607, #8646, #5246, #1825 ),
 .UNSPECIFIED., .F., .T. ) 
 B_SPLINE_CURVE_WITH_KNOTS ( ( 4, 4 ),
 ( 3.141592653589793116, 4.712388980384689674 ),
 .UNSPECIFIED. ) 
 CURVE ( )  GEOMETRIC_REPRESENTATION_ITEM ( )  RATIONAL_B_SPLINE_CURVE ( ( 1.000000000000000000, 0.8047378541243649375, 0.8047378541243649375, 1.000000000000000000 ) ) 
 REPRESENTATION_ITEM ( '' )  );
#6522 = ORIENTED_EDGE ( 'NONE', *, *, #1691, .T. ) ;
#6523 = VECTOR ( 'NONE', #4126, 1000.000000000000000 ) ;
#6524 = ORIENTED_EDGE ( 'NONE', *, *, #4384, .F. ) ;
#6525 = EDGE_CURVE ( 'NONE', #6551, #8325, #1587, .T. ) ;
#6526 = FACE_OUTER_BOUND ( 'NONE', #307, .T. ) ;
#6527 = EDGE_CURVE ( 'NONE', #1193, #5569, #6619, .T. ) ;
#6528 = CARTESIAN_POINT ( 'NONE',  ( 34.50000000000002132, 53.99999999999995026, 1.084202172485502265E-15 ) ) ;
#6529 = DIRECTION ( 'NONE',  ( 0.000000000000000000, -0.05233595624294608284, -0.9986295347545738332 ) ) ;
#6530 = VECTOR ( 'NONE', #1146, 1000.000000000000000 ) ;
#6531 = CARTESIAN_POINT ( 'NONE',  ( 43.50000000000000711, 47.93926320304699118, 3.475668713144549322E-16 ) ) ;
#6532 = EDGE_CURVE ( 'NONE', #6919, #3828, #383, .T. ) ;
#6533 = CARTESIAN_POINT ( 'NONE',  ( -22.69999999999999929, 55.49999999999997868, 4.500000000000000000 ) ) ;
#6534 = PRESENTATION_STYLE_ASSIGNMENT (( #2983 ) ) ;
#6535 = CARTESIAN_POINT ( 'NONE',  ( 30.89999999999999858, -72.12151163551486377, 14.85182430038964618 ) ) ;
#6536 = CARTESIAN_POINT ( 'NONE',  ( 28.99999999999999289, -49.93456871069224690, 12.58775128143313538 ) ) ;
#6537 = ORIENTED_EDGE ( 'NONE', *, *, #6527, .T. ) ;
#6538 =( NAMED_UNIT ( * ) SI_UNIT ( $, .STERADIAN. ) SOLID_ANGLE_UNIT ( ) );
#6539 = CARTESIAN_POINT ( 'NONE',  ( -38.50000000000000000, 53.99999999999996447, 1.084202172485504434E-15 ) ) ;
#6540 = VECTOR ( 'NONE', #2063, 1000.000000000000000 ) ;
#6541 = CARTESIAN_POINT ( 'NONE',  ( -31.69999999999999929, -60.25000000000004263, 13.19999999999999929 ) ) ;
#6542 = ADVANCED_FACE ( 'NONE', ( #254 ), #2908, .T. ) ;
#6543 = ORIENTED_EDGE ( 'NONE', *, *, #2739, .F. ) ;
#6544 = AXIS2_PLACEMENT_3D ( 'NONE', #4843, #2004, #4747 ) ;
#6545 = CARTESIAN_POINT ( 'NONE',  ( 41.25957504961546363, -65.57133123440135591, 31.99999999999998579 ) ) ;
#6546 = EDGE_LOOP ( 'NONE', ( #7963, #7755, #824, #2586 ) ) ;
#6547 = CARTESIAN_POINT ( 'NONE',  ( -38.69999999999998863, -63.77133123440135876, 31.99999999999998579 ) ) ;
#6548 = DIRECTION ( 'NONE',  ( 0.000000000000000000, 0.000000000000000000, 1.000000000000000000 ) ) ;
#6549 = SURFACE_STYLE_FILL_AREA ( #350 ) ;
#6550 = DIRECTION ( 'NONE',  ( 0.000000000000000000, -0.9891347404802103283, -0.1470117858375539210 ) ) ;
#6551 = VERTEX_POINT ( 'NONE', #8599 ) ;
#6552 = ADVANCED_FACE ( 'NONE', ( #2994 ), #5821, .F. ) ;
#6553 = EDGE_CURVE ( 'NONE', #1857, #5291, #3808, .T. ) ;
#6554 = VECTOR ( 'NONE', #5979, 1000.000000000000000 ) ;
#6555 = ORIENTED_EDGE ( 'NONE', *, *, #4192, .F. ) ;
#6556 = VECTOR ( 'NONE', #2061, 1000.000000000000000 ) ;
#6557 = ORIENTED_EDGE ( 'NONE', *, *, #753, .F. ) ;
#6558 = CARTESIAN_POINT ( 'NONE',  ( 52.79999999999999005, 58.99999999999996447, 20.60000000000000497 ) ) ;
#6559 = CARTESIAN_POINT ( 'NONE',  ( 54.05000000000000426, 55.99999999999995026, 23.60000000000000142 ) ) ;
#6560 = ORIENTED_EDGE ( 'NONE', *, *, #5653, .T. ) ;
#6561 = STYLED_ITEM ( 'NONE', ( #4441 ), #3443 ) ;
#6562 = CARTESIAN_POINT ( 'NONE',  ( -50.50000000000000000, -65.00000000000002842, 0.000000000000000000 ) ) ;
#6563 = LINE ( 'NONE', #7396, #4883 ) ;
#6564 = ORIENTED_EDGE ( 'NONE', *, *, #4465, .F. ) ;
#6565 = AXIS2_PLACEMENT_3D ( 'NONE', #8784, #4078, #4660 ) ;
#6566 = ADVANCED_FACE ( 'NONE', ( #1775 ), #5193, .T. ) ;
#6567 = ORIENTED_EDGE ( 'NONE', *, *, #451, .T. ) ;
#6568 = AXIS2_PLACEMENT_3D ( 'NONE', #1682, #4430, #966 ) ;
#6569 = ORIENTED_EDGE ( 'NONE', *, *, #2435, .T. ) ;
#6570 = CARTESIAN_POINT ( 'NONE',  ( 40.20000000000000284, 59.19999999999998863, 0.000000000000000000 ) ) ;
#6571 = CARTESIAN_POINT ( 'NONE',  ( 38.50000000000000000, -66.00000000000004263, 4.500000000000000000 ) ) ;
#6572 = FILL_AREA_STYLE_COLOUR ( '', #5403 ) ;
#6573 = FACE_OUTER_BOUND ( 'NONE', #1243, .T. ) ;
#6574 = EDGE_CURVE ( 'NONE', #6733, #2434, #6588, .T. ) ;
#6575 =( GEOMETRIC_REPRESENTATION_CONTEXT ( 3 ) GLOBAL_UNCERTAINTY_ASSIGNED_CONTEXT ( ( #6909 ) ) GLOBAL_UNIT_ASSIGNED_CONTEXT ( ( #6840, #2032, #5550 ) ) REPRESENTATION_CONTEXT ( 'NONE', 'WORKASPACE' ) );
#6576 =( NAMED_UNIT ( * ) SI_UNIT ( $, .STERADIAN. ) SOLID_ANGLE_UNIT ( ) );
#6577 = DIRECTION ( 'NONE',  ( 0.000000000000000000, -0.9891347404802104393, -0.1470117858375540321 ) ) ;
#6578 = VECTOR ( 'NONE', #4070, 1000.000000000000000 ) ;
#6579 = PRESENTATION_LAYER_ASSIGNMENT (  '', '', ( #8143 ) ) ;
#6580 = CARTESIAN_POINT ( 'NONE',  ( 35.04999999999998295, -72.38884964896776353, 11.66144338479930909 ) ) ;
#6581 = ORIENTED_EDGE ( 'NONE', *, *, #2539, .T. ) ;
#6582 = CARTESIAN_POINT ( 'NONE',  ( -29.50000000000000000, -43.10021355321603664, -12.41217148677922744 ) ) ;
#6583 = FILL_AREA_STYLE_COLOUR ( '', #7625 ) ;
#6584 = EDGE_CURVE ( 'NONE', #2092, #5107, #8515, .T. ) ;
#6585 = FILL_AREA_STYLE ('',( #6500 ) ) ;
#6586 = DIRECTION ( 'NONE',  ( 0.000000000000000000, -1.215422028459298757E-16, 1.000000000000000000 ) ) ;
#6587 = VERTEX_POINT ( 'NONE', #3037 ) ;
#6588 = LINE ( 'NONE', #428, #2728 ) ;
#6589 = ORIENTED_EDGE ( 'NONE', *, *, #4986, .F. ) ;
#6590 = DIRECTION ( 'NONE',  ( -1.000000000000000000, 0.000000000000000000, 0.000000000000000000 ) ) ;
#6591 = FACE_BOUND ( 'NONE', #7842, .T. ) ;
#6592 = AXIS2_PLACEMENT_3D ( 'NONE', #8668, #6702, #8756 ) ;
#6593 = DIRECTION ( 'NONE',  ( -0.7071067811865489050, 0.6994238825007512705, 0.1039530306800785509 ) ) ;
#6594 = FILL_AREA_STYLE ('',( #6680 ) ) ;
#6595 = ORIENTED_EDGE ( 'NONE', *, *, #2150, .F. ) ;
#6596 = FACE_OUTER_BOUND ( 'NONE', #5062, .T. ) ;
#6597 = ORIENTED_EDGE ( 'NONE', *, *, #4236, .T. ) ;
#6598 = ORIENTED_EDGE ( 'NONE', *, *, #4323, .F. ) ;
#6599 = CARTESIAN_POINT ( 'NONE',  ( 40.19999999999998863, -45.61515718961151578, 31.79999999999997939 ) ) ;
#6600 = PLANE ( 'NONE',  #1661 ) ;
#6601 = ORIENTED_EDGE ( 'NONE', *, *, #292, .T. ) ;
#6602 = EDGE_CURVE ( 'NONE', #498, #5610, #8642, .T. ) ;
#6603 = EDGE_CURVE ( 'NONE', #3461, #2092, #8613, .T. ) ;
#6604 = CARTESIAN_POINT ( 'NONE',  ( -36.15000000000000568, 44.99237159932778241, 26.69642469866221646 ) ) ;
#6605 = DIRECTION ( 'NONE',  ( -0.000000000000000000, 0.000000000000000000, -1.000000000000000000 ) ) ;
#6606 = FACE_OUTER_BOUND ( 'NONE', #7038, .T. ) ;
#6607 = ORIENTED_EDGE ( 'NONE', *, *, #7149, .T. ) ;
#6608 = VECTOR ( 'NONE', #8433, 1000.000000000000000 ) ;
#6609 = ORIENTED_EDGE ( 'NONE', *, *, #6527, .F. ) ;
#6610 = EDGE_LOOP ( 'NONE', ( #5302, #3729, #6699 ) ) ;
#6611 = CARTESIAN_POINT ( 'NONE',  ( 50.04160096358580745, -67.75992545219801855, 19.99999999999988987 ) ) ;
#6612 = CIRCLE ( 'NONE', #5174, 2.000000000000002665 ) ;
#6613 = EDGE_LOOP ( 'NONE', ( #471, #6324, #560, #8031, #7828 ) ) ;
#6614 = LINE ( 'NONE', #455, #4135 ) ;
#6615 = EDGE_CURVE ( 'NONE', #8611, #66, #14, .T. ) ;
#6616 = DIRECTION ( 'NONE',  ( -0.000000000000000000, -0.000000000000000000, 1.000000000000000000 ) ) ;
#6617 = LINE ( 'NONE', #3232, #6156 ) ;
#6618 = CARTESIAN_POINT ( 'NONE',  ( -22.69999999999999929, 54.17689392746199673, 13.40221266432188152 ) ) ;
#6619 = CIRCLE ( 'NONE', #5180, 2.300000000000004263 ) ;
#6620 = LINE ( 'NONE', #5808, #3337 ) ;
#6621 = DIRECTION ( 'NONE',  ( 0.000000000000000000, 0.000000000000000000, 1.000000000000000000 ) ) ;
#6622 = FACE_OUTER_BOUND ( 'NONE', #183, .T. ) ;
#6623 = ADVANCED_FACE ( 'NONE', ( #6414 ), #2368, .F. ) ;
#6624 = LINE ( 'NONE', #1938, #4528 ) ;
#6625 = ORIENTED_EDGE ( 'NONE', *, *, #2059, .F. ) ;
#6626 = PLANE ( 'NONE',  #73 ) ;
#6627 =( NAMED_UNIT ( * ) PLANE_ANGLE_UNIT ( ) SI_UNIT ( $, .RADIAN. ) );
#6628 = VECTOR ( 'NONE', #7414, 1000.000000000000000 ) ;
#6629 = ORIENTED_EDGE ( 'NONE', *, *, #8292, .T. ) ;
#6630 = EDGE_CURVE ( 'NONE', #8080, #2264, #6769, .T. ) ;
#6631 = FACE_OUTER_BOUND ( 'NONE', #7888, .T. ) ;
#6632 = ADVANCED_FACE ( 'NONE', ( #6631 ), #1819, .F. ) ;
#6633 = DIRECTION ( 'NONE',  ( -1.000000000000000000, 0.000000000000000000, 0.000000000000000000 ) ) ;
#6634 = FACE_OUTER_BOUND ( 'NONE', #7968, .T. ) ;
#6635 = LINE ( 'NONE', #478, #3514 ) ;
#6636 = DIRECTION ( 'NONE',  ( 1.000000000000000000, 1.374038396813312538E-16, 0.000000000000000000 ) ) ;
#6637 = ORIENTED_EDGE ( 'NONE', *, *, #1495, .T. ) ;
#6638 = DIRECTION ( 'NONE',  ( 0.000000000000000000, 0.000000000000000000, 1.000000000000000000 ) ) ;
#6639 = VERTEX_POINT ( 'NONE', #3251 ) ;
#6640 = CIRCLE ( 'NONE', #5782, 2.499999999999995115 ) ;
#6641 = VERTEX_POINT ( 'NONE', #7336 ) ;
#6642 = DIRECTION ( 'NONE',  ( 1.000000000000000000, 0.000000000000000000, 0.000000000000000000 ) ) ;
#6643 = CARTESIAN_POINT ( 'NONE',  ( 52.79999999999999005, 55.99999999999995026, 20.60000000000000497 ) ) ;
#6644 = DIRECTION ( 'NONE',  ( 0.000000000000000000, -0.1470117858375538933, 0.9891347404802104393 ) ) ;
#6645 = ORIENTED_EDGE ( 'NONE', *, *, #6615, .F. ) ;
#6646 = LINE ( 'NONE', #6690, #1363 ) ;
#6647 = DIRECTION ( 'NONE',  ( 1.000000000000000000, -1.355252715606880543E-16, 5.421010862427522170E-17 ) ) ;
#6648 = PLANE ( 'NONE',  #5030 ) ;
#6649 = VERTEX_POINT ( 'NONE', #3386 ) ;
#6650 = COLOUR_RGB ( '',0.6470588235294117974, 0.6196078431372549211, 0.5999999999999999778 ) ;
#6651 = ORIENTED_EDGE ( 'NONE', *, *, #5301, .F. ) ;
#6652 = EDGE_CURVE ( 'NONE', #5127, #4152, #5949, .T. ) ;
#6653 = VERTEX_POINT ( 'NONE', #8686 ) ;
#6654 = VECTOR ( 'NONE', #2481, 999.9999999999998863 ) ;
#6655 = CARTESIAN_POINT ( 'NONE',  ( 48.63025441792483150, -70.18776583580662987, 19.99999999999989342 ) ) ;
#6656 = UNCERTAINTY_MEASURE_WITH_UNIT (LENGTH_MEASURE( 1.000000000000000082E-05 ), #4294, 'distance_accuracy_value', 'NONE');
#6657 = EDGE_LOOP ( 'NONE', ( #1291, #7853, #1067, #2935 ) ) ;
#6658 = LINE ( 'NONE', #3231, #6554 ) ;
#6659 = CARTESIAN_POINT ( 'NONE',  ( -26.25000000000000355, -25.57133123440134170, 21.00000000000000000 ) ) ;
#6660 = LINE ( 'NONE', #6746, #131 ) ;
#6661 = VECTOR ( 'NONE', #7621, 1000.000000000000000 ) ;
#6662 = CYLINDRICAL_SURFACE ( 'NONE', #8078, 1.000000000000000000 ) ;
#6663 = EDGE_CURVE ( 'NONE', #8077, #5785, #3980, .T. ) ;
#6664 = DIRECTION ( 'NONE',  ( 0.000000000000000000, -0.1470117858375538933, 0.9891347404802104393 ) ) ;
#6665 = AXIS2_PLACEMENT_3D ( 'NONE', #3044, #6761, #8100 ) ;
#6666 = DIRECTION ( 'NONE',  ( -0.000000000000000000, -0.1412171486779216778, -0.9899786446783979121 ) ) ;
#6667 = FILL_AREA_STYLE ('',( #8720 ) ) ;
#6668 = CARTESIAN_POINT ( 'NONE',  ( -46.50000000000002132, -66.00000000000002842, 4.500000000000000000 ) ) ;
#6669 = ORIENTED_EDGE ( 'NONE', *, *, #3768, .T. ) ;
#6670 = PLANE ( 'NONE',  #3519 ) ;
#6671 = DIRECTION ( 'NONE',  ( -1.000000000000000000, -0.000000000000000000, -0.000000000000000000 ) ) ;
#6672 = EDGE_CURVE ( 'NONE', #4560, #916, #7917, .T. ) ;
#6673 = AXIS2_PLACEMENT_3D ( 'NONE', #2657, #3163, #5413 ) ;
#6674 = ORIENTED_EDGE ( 'NONE', *, *, #535, .F. ) ;
#6675 = CARTESIAN_POINT ( 'NONE',  ( 34.00000000000000711, 21.26954835153813761, 13.06073477817857942 ) ) ;
#6676 = ORIENTED_EDGE ( 'NONE', *, *, #7219, .T. ) ;
#6677 = DIRECTION ( 'NONE',  ( 0.000000000000000000, 0.000000000000000000, 1.000000000000000000 ) ) ;
#6678 = CARTESIAN_POINT ( 'NONE',  ( 46.49999999999998579, 69.99999999999998579, 0.8508893593264692523 ) ) ;
#6679 = FACE_BOUND ( 'NONE', #4274, .T. ) ;
#6680 = FILL_AREA_STYLE_COLOUR ( '', #7037 ) ;
#6681 = ORIENTED_EDGE ( 'NONE', *, *, #7996, .T. ) ;
#6682 = EDGE_CURVE ( 'NONE', #2730, #6148, #5290, .T. ) ;
#6683 = ORIENTED_EDGE ( 'NONE', *, *, #5489, .F. ) ;
#6684 = CONICAL_SURFACE ( 'NONE', #5959, 2.024999999999999023, 0.7853981633974442822 ) ;
#6685 = ORIENTED_EDGE ( 'NONE', *, *, #6917, .F. ) ;
#6686 = CARTESIAN_POINT ( 'NONE',  ( -46.45876991486268537, -71.95184441433914913, 19.99999999999997868 ) ) ;
#6687 = LINE ( 'NONE', #528, #2014 ) ;
#6688 = CARTESIAN_POINT ( 'NONE',  ( 43.49999999999998579, 72.99999999999997158, -1.000000000000000000 ) ) ;
#6689 = ORIENTED_EDGE ( 'NONE', *, *, #2862, .T. ) ;
#6690 = CARTESIAN_POINT ( 'NONE',  ( 39.19999999999998153, -72.27328590861941393, 11.95579864960138750 ) ) ;
#6691 = STYLED_ITEM ( 'NONE', ( #2697 ), #3922 ) ;
#6692 = DIRECTION ( 'NONE',  ( 0.000000000000000000, -1.000000000000000000, 0.000000000000000000 ) ) ;
#6693 = DIRECTION ( 'NONE',  ( 0.000000000000000000, -0.000000000000000000, 1.000000000000000000 ) ) ;
#6694 = ORIENTED_EDGE ( 'NONE', *, *, #7885, .T. ) ;
#6695 = EDGE_CURVE ( 'NONE', #2969, #6358, #8728, .T. ) ;
#6696 = ORIENTED_EDGE ( 'NONE', *, *, #6444, .T. ) ;
#6697 = ORIENTED_EDGE ( 'NONE', *, *, #1341, .T. ) ;
#6698 = DIRECTION ( 'NONE',  ( 0.000000000000000000, -1.000000000000000000, 0.000000000000000000 ) ) ;
#6699 = ORIENTED_EDGE ( 'NONE', *, *, #4026, .T. ) ;
#6700 = DIRECTION ( 'NONE',  ( 0.000000000000000000, -0.9891347404802105503, -0.1470117858375536157 ) ) ;
#6701 = CARTESIAN_POINT ( 'NONE',  ( 55.29999999999999716, -59.00000000000003553, 0.000000000000000000 ) ) ;
#6702 = DIRECTION ( 'NONE',  ( -2.775557561562890735E-17, -0.1470117858375538933, 0.9891347404802104393 ) ) ;
#6703 = STYLED_ITEM ( 'NONE', ( #7416 ), #3869 ) ;
#6704 = APPLICATION_PROTOCOL_DEFINITION ( 'draft international standard', 'automotive_design', 1998, #5611 ) ;
#6705 = CIRCLE ( 'NONE', #7553, 2.500000000000002220 ) ;
#6706 = CARTESIAN_POINT ( 'NONE',  ( 35.04999999999999005, -72.37314886209486531, 11.96103224522568098 ) ) ;
#6707 = EDGE_CURVE ( 'NONE', #8340, #7447, #7299, .T. ) ;
#6708 = LINE ( 'NONE', #2530, #5014 ) ;
#6709 = EDGE_CURVE ( 'NONE', #3227, #4953, #6758, .T. ) ;
#6710 = CYLINDRICAL_SURFACE ( 'NONE', #6106, 3.999999999999996447 ) ;
#6711 = EDGE_LOOP ( 'NONE', ( #7233, #7738, #4626, #5023 ) ) ;
#6712 = CIRCLE ( 'NONE', #6429, 2.500000000000015987 ) ;
#6713 = MECHANICAL_DESIGN_GEOMETRIC_PRESENTATION_REPRESENTATION (  '', ( #5571 ), #8573 ) ;
#6714 = CARTESIAN_POINT ( 'NONE',  ( -42.49999999999995737, -73.00000000000002842, 0.000000000000000000 ) ) ;
#6715 = DIRECTION ( 'NONE',  ( 0.000000000000000000, -0.05233595624295107190, -0.9986295347545733891 ) ) ;
#6716 = FACE_OUTER_BOUND ( 'NONE', #2250, .T. ) ;
#6717 = UNCERTAINTY_MEASURE_WITH_UNIT (LENGTH_MEASURE( 1.000000000000000082E-05 ), #3005, 'distance_accuracy_value', 'NONE');
#6718 = ORIENTED_EDGE ( 'NONE', *, *, #2217, .F. ) ;
#6719 = ORIENTED_EDGE ( 'NONE', *, *, #7800, .F. ) ;
#6720 = PRESENTATION_STYLE_ASSIGNMENT (( #3388 ) ) ;
#6721 = EDGE_CURVE ( 'NONE', #6464, #4363, #1174, .T. ) ;
#6722 = DIRECTION ( 'NONE',  ( 1.000000000000000000, 1.374038396813312538E-16, -7.016054674389233704E-32 ) ) ;
#6723 = FILL_AREA_STYLE_COLOUR ( '', #4952 ) ;
#6724 = ORIENTED_EDGE ( 'NONE', *, *, #4845, .F. ) ;
#6725 = VECTOR ( 'NONE', #2174, 1000.000000000000000 ) ;
#6726 = DIRECTION ( 'NONE',  ( -0.7071067811865472397, -0.7071067811865479058, 0.000000000000000000 ) ) ;
#6727 = ORIENTED_EDGE ( 'NONE', *, *, #8377, .F. ) ;
#6728 = ORIENTED_EDGE ( 'NONE', *, *, #2674, .F. ) ;
#6729 = LINE ( 'NONE', #6813, #4415 ) ;
#6730 = CARTESIAN_POINT ( 'NONE',  ( 43.50000000000000000, 55.49999999999997868, 4.500000000000000000 ) ) ;
#6731 = FACE_OUTER_BOUND ( 'NONE', #5815, .T. ) ;
#6732 = VECTOR ( 'NONE', #6246, 1000.000000000000000 ) ;
#6733 = VERTEX_POINT ( 'NONE', #2581 ) ;
#6734 = ADVANCED_FACE ( 'NONE', ( #562 ), #6041, .F. ) ;
#6735 = CARTESIAN_POINT ( 'NONE',  ( -33.99999999999998579, 52.41275249741134701, 25.27182955008442278 ) ) ;
#6736 = VERTEX_POINT ( 'NONE', #7702 ) ;
#6737 = VECTOR ( 'NONE', #716, 1000.000000000000000 ) ;
#6738 = EDGE_LOOP ( 'NONE', ( #345, #2725, #1502, #247 ) ) ;
#6739 = VERTEX_POINT ( 'NONE', #6313 ) ;
#6740 = LINE ( 'NONE', #8836, #6261 ) ;
#6741 = UNCERTAINTY_MEASURE_WITH_UNIT (LENGTH_MEASURE( 1.000000000000000082E-05 ), #2048, 'distance_accuracy_value', 'NONE');
#6742 = ORIENTED_EDGE ( 'NONE', *, *, #8161, .F. ) ;
#6743 = EDGE_CURVE ( 'NONE', #934, #3677, #8006, .T. ) ;
#6744 = DIRECTION ( 'NONE',  ( -0.4800682928040087005, 0.3037233505279146040, 0.8229742162354433122 ) ) ;
#6745 = CIRCLE ( 'NONE', #2165, 1.000000000000003997 ) ;
#6746 = CARTESIAN_POINT ( 'NONE',  ( 16.19999999999999574, 52.41275249741134701, 25.27182955008442278 ) ) ;
#6747 = CARTESIAN_POINT ( 'NONE',  ( -33.99999999999999289, 53.86480832941283836, -16.46821757328082825 ) ) ;
#6748 = CARTESIAN_POINT ( 'NONE',  ( -16.19999999999999574, -63.50000000000005684, 6.938893903907228378E-15 ) ) ;
#6749 = CARTESIAN_POINT ( 'NONE',  ( 46.89999999999999858, 58.99999999999995737, 0.000000000000000000 ) ) ;
#6750 = PLANE ( 'NONE',  #4146 ) ;
#6751 = DIRECTION ( 'NONE',  ( 0.000000000000000000, 0.000000000000000000, 1.000000000000000000 ) ) ;
#6752 = AXIS2_PLACEMENT_3D ( 'NONE', #5151, #7215, #1055 ) ;
#6753 = DIRECTION ( 'NONE',  ( -0.7035369334455618961, -0.7106586967581660641, -8.551376589097790976E-17 ) ) ;
#6754 =( NAMED_UNIT ( * ) PLANE_ANGLE_UNIT ( ) SI_UNIT ( $, .RADIAN. ) );
#6755 = ADVANCED_FACE ( 'NONE', ( #3482 ), #4781, .T. ) ;
#6756 = EDGE_CURVE ( 'NONE', #568, #6904, #2135, .T. ) ;
#6757 = EDGE_LOOP ( 'NONE', ( #6450, #4531, #1455, #3766 ) ) ;
#6758 = LINE ( 'NONE', #1905, #1615 ) ;
#6759 = ORIENTED_EDGE ( 'NONE', *, *, #5727, .F. ) ;
#6760 = CARTESIAN_POINT ( 'NONE',  ( 39.19999999999998153, -45.61515718961151578, 31.79999999999997939 ) ) ;
#6761 = DIRECTION ( 'NONE',  ( -0.000000000000000000, -0.000000000000000000, 1.000000000000000000 ) ) ;
#6762 = EDGE_LOOP ( 'NONE', ( #8058, #4112, #7337, #2323 ) ) ;
#6763 = LINE ( 'NONE', #2712, #7648 ) ;
#6764 = ORIENTED_EDGE ( 'NONE', *, *, #1933, .T. ) ;
#6765 = EDGE_CURVE ( 'NONE', #717, #1424, #2747, .T. ) ;
#6766 = ORIENTED_EDGE ( 'NONE', *, *, #7018, .F. ) ;
#6767 = CARTESIAN_POINT ( 'NONE',  ( -45.03146930970044082, 71.46853069029954497, 29.22217523145197049 ) ) ;
#6768 = VECTOR ( 'NONE', #3333, 1000.000000000000000 ) ;
#6769 = CIRCLE ( 'NONE', #4755, 1.000000000000003997 ) ;
#6770 = CARTESIAN_POINT ( 'NONE',  ( -45.20000000000000284, 59.19999999999996021, 44.00000000000000711 ) ) ;
#6771 = ORIENTED_EDGE ( 'NONE', *, *, #6187, .F. ) ;
#6772 = CYLINDRICAL_SURFACE ( 'NONE', #2807, 4.000000000000003553 ) ;
#6773 = LINE ( 'NONE', #2720, #8136 ) ;
#6774 = FACE_OUTER_BOUND ( 'NONE', #7895, .T. ) ;
#6775 = ORIENTED_EDGE ( 'NONE', *, *, #7885, .F. ) ;
#6776 = AXIS2_PLACEMENT_3D ( 'NONE', #4609, #2546, #226 ) ;
#6777 = EDGE_LOOP ( 'NONE', ( #1751, #6455 ) ) ;
#6778 = ADVANCED_FACE ( 'NONE', ( #6173 ), #3435, .F. ) ;
#6779 = ORIENTED_EDGE ( 'NONE', *, *, #8140, .F. ) ;
#6780 = DIRECTION ( 'NONE',  ( 1.049727191138615121E-16, -0.9213095310110793745, -0.3888299732121290875 ) ) ;
#6781 = ORIENTED_EDGE ( 'NONE', *, *, #1665, .T. ) ;
#6782 = AXIS2_PLACEMENT_3D ( 'NONE', #3303, #8780, #831 ) ;
#6783 = FACE_OUTER_BOUND ( 'NONE', #5384, .T. ) ;
#6784 = DIRECTION ( 'NONE',  ( 0.000000000000000000, -0.8829475928589253231, 0.4694715627858938589 ) ) ;
#6785 =( LENGTH_UNIT ( ) NAMED_UNIT ( * ) SI_UNIT ( .MILLI., .METRE. ) );
#6786 = ADVANCED_FACE ( 'NONE', ( #3672 ), #4337, .F. ) ;
#6787 = STYLED_ITEM ( 'NONE', ( #1227 ), #1054 ) ;
#6788 = EDGE_CURVE ( 'NONE', #4437, #5127, #7162, .T. ) ;
#6789 = PLANE ( 'NONE',  #5256 ) ;
#6790 = DIRECTION ( 'NONE',  ( -0.000000000000000000, -0.000000000000000000, 1.000000000000000000 ) ) ;
#6791 = PLANE ( 'NONE',  #6251 ) ;
#6792 = LINE ( 'NONE', #8763, #6628 ) ;
#6793 = SURFACE_STYLE_FILL_AREA ( #8008 ) ;
#6794 =( NAMED_UNIT ( * ) PLANE_ANGLE_UNIT ( ) SI_UNIT ( $, .RADIAN. ) );
#6795 = CIRCLE ( 'NONE', #7805, 1.000000000000000888 ) ;
#6796 = SURFACE_STYLE_FILL_AREA ( #1270 ) ;
#6797 = FACE_OUTER_BOUND ( 'NONE', #7436, .T. ) ;
#6798 = ADVANCED_FACE ( 'NONE', ( #8545 ), #6405, .F. ) ;
#6799 = CARTESIAN_POINT ( 'NONE',  ( 38.99999999999999289, -58.00000000000002132, 0.000000000000000000 ) ) ;
#6800 = VECTOR ( 'NONE', #2408, 1000.000000000000114 ) ;
#6801 = UNCERTAINTY_MEASURE_WITH_UNIT (LENGTH_MEASURE( 1.000000000000000082E-05 ), #1981, 'distance_accuracy_value', 'NONE');
#6802 = ORIENTED_EDGE ( 'NONE', *, *, #1217, .F. ) ;
#6803 = PRESENTATION_STYLE_ASSIGNMENT (( #1142 ) ) ;
#6804 = ORIENTED_EDGE ( 'NONE', *, *, #7803, .T. ) ;
#6805 = PLANE ( 'NONE',  #2557 ) ;
#6806 = DIRECTION ( 'NONE',  ( 0.000000000000000000, 0.1470117858375539210, -0.9891347404802105503 ) ) ;
#6807 = CARTESIAN_POINT ( 'NONE',  ( -16.19999999999999574, -57.50000000000004263, 1.000000000000000000 ) ) ;
#6808 = ORIENTED_EDGE ( 'NONE', *, *, #8306, .F. ) ;
#6809 = VECTOR ( 'NONE', #3846, 999.9999999999998863 ) ;
#6810 = CARTESIAN_POINT ( 'NONE',  ( 36.14999999999999147, 42.71736169622329982, 26.35829759123583216 ) ) ;
#6811 = ORIENTED_EDGE ( 'NONE', *, *, #8749, .F. ) ;
#6812 = AXIS2_PLACEMENT_3D ( 'NONE', #2425, #3778, #4451 ) ;
#6813 = CARTESIAN_POINT ( 'NONE',  ( 34.00000000000000711, -2.909650240805693677, 19.57690752092294062 ) ) ;
#6814 = ORIENTED_EDGE ( 'NONE', *, *, #6663, .F. ) ;
#6815 = EDGE_CURVE ( 'NONE', #4110, #4343, #551, .T. ) ;
#6816 = PLANE ( 'NONE',  #5570 ) ;
#6817 = DIRECTION ( 'NONE',  ( -0.000000000000000000, 1.000000000000000000, -0.000000000000000000 ) ) ;
#6818 = EDGE_CURVE ( 'NONE', #7509, #1927, #4356, .T. ) ;
#6819 = ORIENTED_EDGE ( 'NONE', *, *, #5633, .T. ) ;
#6820 = ORIENTED_EDGE ( 'NONE', *, *, #4312, .F. ) ;
#6821 = ORIENTED_EDGE ( 'NONE', *, *, #3932, .F. ) ;
#6822 = CARTESIAN_POINT ( 'NONE',  ( 42.49999999999995026, -73.00000000000002842, -1.000000000000000000 ) ) ;
#6823 = UNCERTAINTY_MEASURE_WITH_UNIT (LENGTH_MEASURE( 1.000000000000000082E-05 ), #1326, 'distance_accuracy_value', 'NONE');
#6824 = DIRECTION ( 'NONE',  ( -0.000000000000000000, -0.1412171486779217056, -0.9899786446783980232 ) ) ;
#6825 = VERTEX_POINT ( 'NONE', #3924 ) ;
#6826 = DIRECTION ( 'NONE',  ( -0.000000000000000000, -0.000000000000000000, 1.000000000000000000 ) ) ;
#6827 = CARTESIAN_POINT ( 'NONE',  ( 40.20000000000000284, 59.19999999999998863, 4.499999999999997335 ) ) ;
#6828 = EDGE_CURVE ( 'NONE', #5300, #5326, #6032, .T. ) ;
#6829 = STYLED_ITEM ( 'NONE', ( #5723 ), #7377 ) ;
#6830 = AXIS2_PLACEMENT_3D ( 'NONE', #2394, #324, #5892 ) ;
#6831 = CARTESIAN_POINT ( 'NONE',  ( 50.49999999999998579, 69.99999999999998579, 0.000000000000000000 ) ) ;
#6832 = AXIS2_PLACEMENT_3D ( 'NONE', #893, #2822, #6908 ) ;
#6833 = DIRECTION ( 'NONE',  ( 0.000000000000000000, 0.000000000000000000, 1.000000000000000000 ) ) ;
#6834 = SURFACE_STYLE_USAGE ( .BOTH. , #2455 ) ;
#6835 = EDGE_CURVE ( 'NONE', #364, #7075, #6792, .T. ) ;
#6836 = VECTOR ( 'NONE', #5704, 1000.000000000000000 ) ;
#6837 = CARTESIAN_POINT ( 'NONE',  ( -22.69999999999999929, 0.000000000000000000, 4.500000000000000000 ) ) ;
#6838 =( LENGTH_UNIT ( ) NAMED_UNIT ( * ) SI_UNIT ( .MILLI., .METRE. ) );
#6839 = DIRECTION ( 'NONE',  ( 0.000000000000000000, -0.000000000000000000, -1.000000000000000000 ) ) ;
#6840 =( LENGTH_UNIT ( ) NAMED_UNIT ( * ) SI_UNIT ( .MILLI., .METRE. ) );
#6841 = ORIENTED_EDGE ( 'NONE', *, *, #5643, .F. ) ;
#6842 = EDGE_LOOP ( 'NONE', ( #5915, #2711, #5887, #8396 ) ) ;
#6843 = AXIS2_PLACEMENT_3D ( 'NONE', #6031, #8762, #3796 ) ;
#6844 = DIRECTION ( 'NONE',  ( 0.000000000000000000, -0.8829475928589253231, 0.4694715627858938589 ) ) ;
#6845 = ADVANCED_FACE ( 'NONE', ( #2484 ), #2654, .F. ) ;
#6846 = DIRECTION ( 'NONE',  ( -5.437567252211899738E-16, 1.000000000000000000, 0.000000000000000000 ) ) ;
#6847 = DIRECTION ( 'NONE',  ( 0.000000000000000000, -1.000000000000000000, -1.548860246407863829E-16 ) ) ;
#6848 = ORIENTED_EDGE ( 'NONE', *, *, #4616, .F. ) ;
#6849 = CARTESIAN_POINT ( 'NONE',  ( -26.44999999999998863, -62.75000000000005684, 13.19999999999999929 ) ) ;
#6850 = AXIS2_PLACEMENT_3D ( 'NONE', #8859, #3983, #4604 ) ;
#6851 = MECHANICAL_DESIGN_GEOMETRIC_PRESENTATION_REPRESENTATION (  '', ( #3717 ), #6575 ) ;
#6852 = ORIENTED_EDGE ( 'NONE', *, *, #3343, .F. ) ;
#6853 = DIRECTION ( 'NONE',  ( 1.000000000000000000, 0.000000000000000000, 0.000000000000000000 ) ) ;
#6854 = CARTESIAN_POINT ( 'NONE',  ( 34.46446609406719119, 52.48203642242263101, 7.800229415768111352 ) ) ;
#6855 = CARTESIAN_POINT ( 'NONE',  ( 39.19999999999998153, -72.22137458899031515, 14.85705789601394322 ) ) ;
#6856 = EDGE_LOOP ( 'NONE', ( #846, #6942, #5859, #1797 ) ) ;
#6857 =( NAMED_UNIT ( * ) PLANE_ANGLE_UNIT ( ) SI_UNIT ( $, .RADIAN. ) );
#6858 = FACE_OUTER_BOUND ( 'NONE', #3810, .T. ) ;
#6859 = DIRECTION ( 'NONE',  ( 0.000000000000000000, 0.000000000000000000, -1.000000000000000000 ) ) ;
#6860 = CYLINDRICAL_SURFACE ( 'NONE', #1009, 2.999999999999999112 ) ;
#6861 = ORIENTED_EDGE ( 'NONE', *, *, #8551, .T. ) ;
#6862 = ORIENTED_EDGE ( 'NONE', *, *, #8214, .F. ) ;
#6863 = COLOUR_RGB ( '',0.1019607843137254888, 0.1019607843137254888, 0.1019607843137254888 ) ;
#6864 = EDGE_CURVE ( 'NONE', #4256, #5440, #1131, .T. ) ;
#6865 = ORIENTED_EDGE ( 'NONE', *, *, #8161, .T. ) ;
#6866 = ADVANCED_FACE ( 'NONE', ( #6074 ), #1897, .F. ) ;
#6867 = LINE ( 'NONE', #8165, #4983 ) ;
#6868 = CARTESIAN_POINT ( 'NONE',  ( -42.00000000000000711, -58.00000000000002132, -1.000000000000000000 ) ) ;
#6869 = ORIENTED_EDGE ( 'NONE', *, *, #7419, .T. ) ;
#6870 = CARTESIAN_POINT ( 'NONE',  ( 43.50000000000000000, -66.00000000000002842, 10.20000000000000107 ) ) ;
#6871 = ORIENTED_EDGE ( 'NONE', *, *, #3620, .F. ) ;
#6872 = VECTOR ( 'NONE', #7406, 999.9999999999998863 ) ;
#6873 = ORIENTED_EDGE ( 'NONE', *, *, #8778, .F. ) ;
#6874 = EDGE_CURVE ( 'NONE', #6551, #749, #727, .T. ) ;
#6875 = CARTESIAN_POINT ( 'NONE',  ( 39.94999999999998863, -48.61515718961152288, 31.79999999999997939 ) ) ;
#6876 = CIRCLE ( 'NONE', #1004, 2.500000000000000444 ) ;
#6877 = PRESENTATION_STYLE_ASSIGNMENT (( #4143 ) ) ;
#6878 = LINE ( 'NONE', #5865, #6108 ) ;
#6879 = CARTESIAN_POINT ( 'NONE',  ( 46.89999999999999858, -59.00000000000003553, -1.511838516444868957E-14 ) ) ;
#6880 = LINE ( 'NONE', #6254, #2843 ) ;
#6881 = PLANE ( 'NONE',  #6174 ) ;
#6882 = DIRECTION ( 'NONE',  ( 1.000000000000000000, -0.000000000000000000, 0.000000000000000000 ) ) ;
#6883 = VECTOR ( 'NONE', #7002, 1000.000000000000000 ) ;
#6884 = FACE_OUTER_BOUND ( 'NONE', #6194, .T. ) ;
#6885 = CARTESIAN_POINT ( 'NONE',  ( -42.50000000000000711, -65.00000000000002842, -1.000000000000000000 ) ) ;
#6886 = ADVANCED_FACE ( 'NONE', ( #101 ), #4145, .T. ) ;
#6887 = ORIENTED_EDGE ( 'NONE', *, *, #617, .F. ) ;
#6888 = DIRECTION ( 'NONE',  ( 0.000000000000000000, 0.000000000000000000, 1.000000000000000000 ) ) ;
#6889 = VERTEX_POINT ( 'NONE', #8266 ) ;
#6890 = CARTESIAN_POINT ( 'NONE',  ( 43.49999999999996447, 68.47605736279788857, 31.99999999999998579 ) ) ;
#6891 = CARTESIAN_POINT ( 'NONE',  ( -46.50000000000002842, 65.99999999999997158, 0.8508893593264692523 ) ) ;
#6892 = LINE ( 'NONE', #4251, #3941 ) ;
#6893 = VERTEX_POINT ( 'NONE', #3521 ) ;
#6894 = PRESENTATION_STYLE_ASSIGNMENT (( #1102 ) ) ;
#6895 = AXIS2_PLACEMENT_3D ( 'NONE', #6559, #8610, #3350 ) ;
#6896 = EDGE_CURVE ( 'NONE', #1017, #5107, #770, .T. ) ;
#6897 = ORIENTED_EDGE ( 'NONE', *, *, #1239, .F. ) ;
#6898 = CARTESIAN_POINT ( 'NONE',  ( -50.40704474475715102, -66.40412855538856718, 19.99999999999998224 ) ) ;
#6899 =( LENGTH_UNIT ( ) NAMED_UNIT ( * ) SI_UNIT ( .MILLI., .METRE. ) );
#6900 = ORIENTED_EDGE ( 'NONE', *, *, #3725, .F. ) ;
#6901 = FACE_OUTER_BOUND ( 'NONE', #7372, .T. ) ;
#6902 = DIRECTION ( 'NONE',  ( 0.000000000000000000, 0.9891347404802103283, 0.1470117858375538933 ) ) ;
#6903 = CARTESIAN_POINT ( 'NONE',  ( 34.64999999999999147, -69.35617686809909799, 24.66873520263527197 ) ) ;
#6904 = VERTEX_POINT ( 'NONE', #3470 ) ;
#6905 = VERTEX_POINT ( 'NONE', #4102 ) ;
#6906 = AXIS2_PLACEMENT_3D ( 'NONE', #6675, #516, #5418 ) ;
#6907 = ORIENTED_EDGE ( 'NONE', *, *, #4616, .T. ) ;
#6908 = DIRECTION ( 'NONE',  ( -0.7071067811865472397, 0.7071067811865479058, 0.000000000000000000 ) ) ;
#6909 = UNCERTAINTY_MEASURE_WITH_UNIT (LENGTH_MEASURE( 1.000000000000000082E-05 ), #6840, 'distance_accuracy_value', 'NONE');
#6910 = FACE_OUTER_BOUND ( 'NONE', #4527, .T. ) ;
#6911 = VERTEX_POINT ( 'NONE', #4187 ) ;
#6912 = CARTESIAN_POINT ( 'NONE',  ( -24.49999999999999645, 61.49999999999997868, 4.500000000000000000 ) ) ;
#6913 =( LENGTH_UNIT ( ) NAMED_UNIT ( * ) SI_UNIT ( .MILLI., .METRE. ) );
#6914 = DIRECTION ( 'NONE',  ( 0.000000000000000000, -0.1470117858375538933, 0.9891347404802104393 ) ) ;
#6915 = ORIENTED_EDGE ( 'NONE', *, *, #6001, .F. ) ;
#6916 = EDGE_CURVE ( 'NONE', #4047, #717, #5342, .T. ) ;
#6917 = EDGE_CURVE ( 'NONE', #6432, #7447, #11, .T. ) ;
#6918 = CARTESIAN_POINT ( 'NONE',  ( 43.50000000000000711, -50.00000000000001421, -11.42793998467654148 ) ) ;
#6919 = VERTEX_POINT ( 'NONE', #7595 ) ;
#6920 = AXIS2_PLACEMENT_3D ( 'NONE', #5000, #854, #7635 ) ;
#6921 = PLANE ( 'NONE',  #1943 ) ;
#6922 = COLOUR_RGB ( '',0.1019607843137254888, 0.1019607843137254888, 0.1019607843137254888 ) ;
#6923 =( NAMED_UNIT ( * ) SI_UNIT ( $, .STERADIAN. ) SOLID_ANGLE_UNIT ( ) );
#6924 = LINE ( 'NONE', #7687, #646 ) ;
#6925 = CARTESIAN_POINT ( 'NONE',  ( 43.49999999999998579, 72.99999999999997158, 0.000000000000000000 ) ) ;
#6926 = CARTESIAN_POINT ( 'NONE',  ( -39.50000000000000711, -58.00000000000002132, -1.000000000000000000 ) ) ;
#6927 = CARTESIAN_POINT ( 'NONE',  ( 43.49999999999996447, -65.57133123440134170, 31.99999999999998579 ) ) ;
#6928 = EDGE_CURVE ( 'NONE', #4888, #3631, #2224, .T. ) ;
#6929 = FACE_OUTER_BOUND ( 'NONE', #2011, .T. ) ;
#6930 = EDGE_CURVE ( 'NONE', #5131, #8793, #1439, .T. ) ;
#6931 = CARTESIAN_POINT ( 'NONE',  ( 52.79999999999999005, -59.00000000000003553, 20.59999999999999076 ) ) ;
#6932 =( GEOMETRIC_REPRESENTATION_CONTEXT ( 3 ) GLOBAL_UNCERTAINTY_ASSIGNED_CONTEXT ( ( #344 ) ) GLOBAL_UNIT_ASSIGNED_CONTEXT ( ( #7884, #3891, #7333 ) ) REPRESENTATION_CONTEXT ( 'NONE', 'WORKASPACE' ) );
#6933 = CARTESIAN_POINT ( 'NONE',  ( -5.493370263725178998E-16, -50.92370345117245023, 12.44073949559558123 ) ) ;
#6934 = ORIENTED_EDGE ( 'NONE', *, *, #4922, .F. ) ;
#6935 = VECTOR ( 'NONE', #5853, 1000.000000000000000 ) ;
#6936 = CARTESIAN_POINT ( 'NONE',  ( 38.99999999999997868, 63.00000000000000000, -1.000000000000000000 ) ) ;
#6937 = MANIFOLD_SOLID_BREP ( 'Boss-Extrude1', #4622 ) ;
#6938 = ORIENTED_EDGE ( 'NONE', *, *, #3712, .F. ) ;
#6939 = PLANE ( 'NONE',  #6968 ) ;
#6940 =( LENGTH_UNIT ( ) NAMED_UNIT ( * ) SI_UNIT ( .MILLI., .METRE. ) );
#6941 = EDGE_CURVE ( 'NONE', #5480, #1278, #3374, .T. ) ;
#6942 = ORIENTED_EDGE ( 'NONE', *, *, #4003, .T. ) ;
#6943 = CARTESIAN_POINT ( 'NONE',  ( -44.50000000000001421, -58.00000000000002132, -1.000000000000000000 ) ) ;
#6944 =( GEOMETRIC_REPRESENTATION_CONTEXT ( 3 ) GLOBAL_UNCERTAINTY_ASSIGNED_CONTEXT ( ( #1863 ) ) GLOBAL_UNIT_ASSIGNED_CONTEXT ( ( #6157, #5493, #7541 ) ) REPRESENTATION_CONTEXT ( 'NONE', 'WORKASPACE' ) );
#6945 = EDGE_LOOP ( 'NONE', ( #2995, #5044, #5788 ) ) ;
#6946 = CARTESIAN_POINT ( 'NONE',  ( 39.19999999999998153, -51.11515718961152288, 31.79999999999997939 ) ) ;
#6947 = FACE_OUTER_BOUND ( 'NONE', #3211, .T. ) ;
#6948 = DIRECTION ( 'NONE',  ( 0.000000000000000000, 1.000000000000000000, -0.000000000000000000 ) ) ;
#6949 = ORIENTED_EDGE ( 'NONE', *, *, #2588, .T. ) ;
#6950 = LINE ( 'NONE', #7718, #3797 ) ;
#6951 = CARTESIAN_POINT ( 'NONE',  ( -32.99999999999998579, 54.85394306989303459, -16.32120578744327588 ) ) ;
#6952 = EDGE_CURVE ( 'NONE', #8475, #5100, #1675, .T. ) ;
#6953 = ORIENTED_EDGE ( 'NONE', *, *, #898, .T. ) ;
#6954 = VERTEX_POINT ( 'NONE', #5092 ) ;
#6955 = AXIS2_PLACEMENT_3D ( 'NONE', #1088, #4432, #6498 ) ;
#6956 = ORIENTED_EDGE ( 'NONE', *, *, #5027, .F. ) ;
#6957 = DIRECTION ( 'NONE',  ( -1.589059672650511298E-16, 1.000000000000000000, -0.000000000000000000 ) ) ;
#6958 = DIRECTION ( 'NONE',  ( 0.000000000000000000, 0.1470117858375539210, -0.9891347404802105503 ) ) ;
#6959 = CARTESIAN_POINT ( 'NONE',  ( -40.20000000000000284, 59.19999999999996021, 44.00000000000000711 ) ) ;
#6960 = ORIENTED_EDGE ( 'NONE', *, *, #7106, .F. ) ;
#6961 = PLANE ( 'NONE',  #1083 ) ;
#6962 = CARTESIAN_POINT ( 'NONE',  ( 38.65000000000000568, 43.39850362162523112, -24.75092472089291107 ) ) ;
#6963 = ADVANCED_FACE ( 'NONE', ( #5850 ), #7782, .T. ) ;
#6964 = ORIENTED_EDGE ( 'NONE', *, *, #2327, .T. ) ;
#6965 = CIRCLE ( 'NONE', #7681, 2.300000000000011813 ) ;
#6966 = LINE ( 'NONE', #139, #1623 ) ;
#6967 = VERTEX_POINT ( 'NONE', #995 ) ;
#6968 = AXIS2_PLACEMENT_3D ( 'NONE', #5464, #781, #6846 ) ;
#6969 = AXIS2_PLACEMENT_3D ( 'NONE', #698, #5520, #5609 ) ;
#6970 = CARTESIAN_POINT ( 'NONE',  ( -1.173589135065509261E-14, 48.38542449304067361, 27.20072279368599055 ) ) ;
#6971 = PRODUCT_RELATED_PRODUCT_CATEGORY ( 'part', '', ( #7723 ) ) ;
#6972 = DIRECTION ( 'NONE',  ( 1.000000000000000000, -0.000000000000000000, -0.000000000000000000 ) ) ;
#6973 = CARTESIAN_POINT ( 'NONE',  ( -33.99999999999999289, -43.01062552733077382, 13.61683378229600727 ) ) ;
#6974 =( NAMED_UNIT ( * ) SI_UNIT ( $, .STERADIAN. ) SOLID_ANGLE_UNIT ( ) );
#6975 = SURFACE_STYLE_FILL_AREA ( #8178 ) ;
#6976 = DIRECTION ( 'NONE',  ( 0.000000000000000000, 0.9899786446783979121, -0.1412171486779215390 ) ) ;
#6977 = PRESENTATION_STYLE_ASSIGNMENT (( #8363 ) ) ;
#6978 = PRESENTATION_LAYER_ASSIGNMENT (  '', '', ( #6691 ) ) ;
#6979 = CARTESIAN_POINT ( 'NONE',  ( 38.65000000000000568, 46.45826158699157560, -14.98514870495965923 ) ) ;
#6980 = VECTOR ( 'NONE', #6384, 1000.000000000000000 ) ;
#6981 = CARTESIAN_POINT ( 'NONE',  ( -50.50000000000002132, 65.99999999999995737, 0.000000000000000000 ) ) ;
#6982 = UNCERTAINTY_MEASURE_WITH_UNIT (LENGTH_MEASURE( 1.000000000000000082E-05 ), #13, 'distance_accuracy_value', 'NONE');
#6983 = ADVANCED_FACE ( 'NONE', ( #325 ), #3063, .T. ) ;
#6984 = ORIENTED_EDGE ( 'NONE', *, *, #150, .T. ) ;
#6985 = EDGE_CURVE ( 'NONE', #4995, #6175, #6439, .T. ) ;
#6986 = CARTESIAN_POINT ( 'NONE',  ( 54.05000000000000426, -56.00000000000003553, 23.59999999999998721 ) ) ;
#6987 = ORIENTED_EDGE ( 'NONE', *, *, #2601, .F. ) ;
#6988 = SURFACE_SIDE_STYLE ('',( #2936 ) ) ;
#6989 = DIRECTION ( 'NONE',  ( 1.000000000000000000, 0.000000000000000000, 0.000000000000000000 ) ) ;
#6990 = CIRCLE ( 'NONE', #2536, 2.999999999999999112 ) ;
#6991 = CARTESIAN_POINT ( 'NONE',  ( -38.70000000000000995, -60.77133123440135876, 31.89999999999998437 ) ) ;
#6992 = FACE_BOUND ( 'NONE', #7005, .T. ) ;
#6993 = LINE ( 'NONE', #877, #8075 ) ;
#6994 = MECHANICAL_DESIGN_GEOMETRIC_PRESENTATION_REPRESENTATION (  '', ( #5844 ), #3096 ) ;
#6995 =( GEOMETRIC_REPRESENTATION_CONTEXT ( 3 ) GLOBAL_UNCERTAINTY_ASSIGNED_CONTEXT ( ( #1336 ) ) GLOBAL_UNIT_ASSIGNED_CONTEXT ( ( #3276, #5222, #3147 ) ) REPRESENTATION_CONTEXT ( 'NONE', 'WORKASPACE' ) );
#6996 = VERTEX_POINT ( 'NONE', #3793 ) ;
#6997 = EDGE_CURVE ( 'NONE', #3981, #4610, #3106, .T. ) ;
#6998 = DIRECTION ( 'NONE',  ( 0.000000000000000000, -0.000000000000000000, -1.000000000000000000 ) ) ;
#6999 =( NAMED_UNIT ( * ) PLANE_ANGLE_UNIT ( ) SI_UNIT ( $, .RADIAN. ) );
#7000 = ORIENTED_EDGE ( 'NONE', *, *, #6874, .F. ) ;
#7001 = LINE ( 'NONE', #8432, #5515 ) ;
#7002 = DIRECTION ( 'NONE',  ( -1.000000000000000000, -0.000000000000000000, -0.000000000000000000 ) ) ;
#7003 = EDGE_LOOP ( 'NONE', ( #1866, #6235, #6683, #3448 ) ) ;
#7004 = VECTOR ( 'NONE', #8185, 1000.000000000000000 ) ;
#7005 = EDGE_LOOP ( 'NONE', ( #4892, #5266 ) ) ;
#7006 = VERTEX_POINT ( 'NONE', #5176 ) ;
#7007 = EDGE_CURVE ( 'NONE', #2644, #6227, #1756, .T. ) ;
#7008 = DIRECTION ( 'NONE',  ( 0.000000000000000000, -0.1470117858375538933, 0.9891347404802104393 ) ) ;
#7009 = DIRECTION ( 'NONE',  ( -0.000000000000000000, 0.000000000000000000, -1.000000000000000000 ) ) ;
#7010 = CIRCLE ( 'NONE', #6441, 4.149999999999994138 ) ;
#7011 = VERTEX_POINT ( 'NONE', #2923 ) ;
#7012 = DIRECTION ( 'NONE',  ( 1.000000000000000000, 0.000000000000000000, 0.000000000000000000 ) ) ;
#7013 = LINE ( 'NONE', #3510, #6732 ) ;
#7014 = VERTEX_POINT ( 'NONE', #4328 ) ;
#7015 = DIRECTION ( 'NONE',  ( -1.000000000000000000, 0.000000000000000000, -0.000000000000000000 ) ) ;
#7016 = PRESENTATION_LAYER_ASSIGNMENT (  '', '', ( #7156 ) ) ;
#7017 = EDGE_LOOP ( 'NONE', ( #1873, #1527, #1570, #889 ) ) ;
#7018 = EDGE_CURVE ( 'NONE', #449, #5866, #7066, .T. ) ;
#7019 = SURFACE_SIDE_STYLE ('',( #7639 ) ) ;
#7020 = CARTESIAN_POINT ( 'NONE',  ( 43.50000000000000000, -62.75000000000005684, 8.155575096830393278 ) ) ;
#7021 = CIRCLE ( 'NONE', #7440, 1.649999999999982148 ) ;
#7022 = CARTESIAN_POINT ( 'NONE',  ( -24.49999999999999645, 61.49999999999997868, 4.500000000000000000 ) ) ;
#7023 = DIRECTION ( 'NONE',  ( 1.000000000000000000, 1.792995840802902438E-16, 0.000000000000000000 ) ) ;
#7024 = CARTESIAN_POINT ( 'NONE',  ( -33.64999999999999858, 44.82479682327223713, -14.75214040964108975 ) ) ;
#7025 = CARTESIAN_POINT ( 'NONE',  ( -40.99999999999999289, -61.00000000000004974, 0.000000000000000000 ) ) ;
#7026 = CARTESIAN_POINT ( 'NONE',  ( -33.99999999999999289, 3.558868336046677960, -23.94502106020632226 ) ) ;
#7027 = AXIS2_PLACEMENT_3D ( 'NONE', #4810, #4906, #3418 ) ;
#7028 = EDGE_LOOP ( 'NONE', ( #7228, #8205, #2388, #3001 ) ) ;
#7029 = PRESENTATION_STYLE_ASSIGNMENT (( #2889 ) ) ;
#7030 = EDGE_LOOP ( 'NONE', ( #8753, #5240, #4227, #3743, #5255, #5071 ) ) ;
#7031 =( LENGTH_UNIT ( ) NAMED_UNIT ( * ) SI_UNIT ( .MILLI., .METRE. ) );
#7032 = DIRECTION ( 'NONE',  ( 0.000000000000000000, -1.000000000000000000, 0.000000000000000000 ) ) ;
#7033 = AXIS2_PLACEMENT_3D ( 'NONE', #6903, #8245, #5436 ) ;
#7034 = FACE_OUTER_BOUND ( 'NONE', #4270, .T. ) ;
#7035 = DIRECTION ( 'NONE',  ( 1.790478527181130713E-15, -0.9891347404802104393, -0.1470117858375539210 ) ) ;
#7036 = EDGE_CURVE ( 'NONE', #1070, #1354, #3150, .T. ) ;
#7037 = COLOUR_RGB ( '',0.2980392156862745057, 0.2980392156862745057, 0.2980392156862745057 ) ;
#7038 = EDGE_LOOP ( 'NONE', ( #6819, #3773, #2449, #6564 ) ) ;
#7039 = LINE ( 'NONE', #3239, #8696 ) ;
#7040 = LINE ( 'NONE', #6854, #8332 ) ;
#7041 = ORIENTED_EDGE ( 'NONE', *, *, #3316, .T. ) ;
#7042 = LINE ( 'NONE', #4263, #2672 ) ;
#7043 = CARTESIAN_POINT ( 'NONE',  ( 50.49999999999999289, 72.99999999999997158, 0.000000000000000000 ) ) ;
#7044 = DIRECTION ( 'NONE',  ( -0.000000000000000000, -0.1412171486779217056, -0.9899786446783980232 ) ) ;
#7045 = ORIENTED_EDGE ( 'NONE', *, *, #7854, .F. ) ;
#7046 = VECTOR ( 'NONE', #2945, 1000.000000000000000 ) ;
#7047 = EDGE_CURVE ( 'NONE', #7779, #8080, #4631, .T. ) ;
#7048 = ORIENTED_EDGE ( 'NONE', *, *, #5858, .T. ) ;
#7049 = EDGE_LOOP ( 'NONE', ( #7470, #204, #5207, #7722 ) ) ;
#7050 =( LENGTH_UNIT ( ) NAMED_UNIT ( * ) SI_UNIT ( .MILLI., .METRE. ) );
#7051 = CARTESIAN_POINT ( 'NONE',  ( -38.49999999999995737, -65.57133123440134170, 31.99999999999998579 ) ) ;
#7052 = PRESENTATION_STYLE_ASSIGNMENT (( #2465 ) ) ;
#7053 = CARTESIAN_POINT ( 'NONE',  ( -32.49999999999997868, 50.32835413437400973, -25.73944476163834949 ) ) ;
#7054 = PRESENTATION_STYLE_ASSIGNMENT (( #5760 ) ) ;
#7055 = ORIENTED_EDGE ( 'NONE', *, *, #3422, .F. ) ;
#7056 = CARTESIAN_POINT ( 'NONE',  ( 24.44999999999998508, -62.75000000000002842, -30.80000000000000426 ) ) ;
#7057 = EDGE_CURVE ( 'NONE', #1143, #1197, #3963, .T. ) ;
#7058 = VECTOR ( 'NONE', #3663, 1000.000000000000000 ) ;
#7059 = VERTEX_POINT ( 'NONE', #2606 ) ;
#7060 = ORIENTED_EDGE ( 'NONE', *, *, #8025, .F. ) ;
#7061 = FILL_AREA_STYLE ('',( #4910 ) ) ;
#7062 = LINE ( 'NONE', #7153, #2979 ) ;
#7063 = ADVANCED_BREP_SHAPE_REPRESENTATION ( '', ( #1002, #4566 ), #409 ) ;
#7064 = VECTOR ( 'NONE', #5557, 1000.000000000000000 ) ;
#7065 = FACE_OUTER_BOUND ( 'NONE', #3539, .T. ) ;
#7066 = LINE ( 'NONE', #907, #7058 ) ;
#7067 = PLANE ( 'NONE',  #4011 ) ;
#7068 = CARTESIAN_POINT ( 'NONE',  ( -33.64999999999999858, 45.08492481609879832, -24.61269102445708157 ) ) ;
#7069 = DIRECTION ( 'NONE',  ( -0.000000000000000000, -0.000000000000000000, 1.000000000000000000 ) ) ;
#7070 = CARTESIAN_POINT ( 'NONE',  ( 30.00000000000000000, -49.93456871069225400, 12.58775128143313182 ) ) ;
#7071 = EDGE_CURVE ( 'NONE', #1418, #3250, #6066, .T. ) ;
#7072 = LINE ( 'NONE', #2841, #343 ) ;
#7073 = CARTESIAN_POINT ( 'NONE',  ( 33.54999999999998295, -72.28898669549228373, 11.65620978917501382 ) ) ;
#7074 = PRODUCT_DEFINITION_CONTEXT ( 'detailed design', #4682, 'design' ) ;
#7075 = VERTEX_POINT ( 'NONE', #6659 ) ;
#7076 = ORIENTED_EDGE ( 'NONE', *, *, #8834, .F. ) ;
#7077 = VECTOR ( 'NONE', #7659, 999.9999999999998863 ) ;
#7078 = DIRECTION ( 'NONE',  ( -0.000000000000000000, -0.000000000000000000, -1.000000000000000000 ) ) ;
#7079 = PLANE ( 'NONE',  #746 ) ;
#7080 = EDGE_CURVE ( 'NONE', #4431, #5719, #1213, .T. ) ;
#7081 = CARTESIAN_POINT ( 'NONE',  ( 50.49999999999998579, 69.99999999999998579, 4.500000000000000000 ) ) ;
#7082 = VECTOR ( 'NONE', #3795, 999.9999999999998863 ) ;
#7083 = ORIENTED_EDGE ( 'NONE', *, *, #5124, .T. ) ;
#7084 = DIRECTION ( 'NONE',  ( 0.000000000000000000, 0.000000000000000000, 1.000000000000000000 ) ) ;
#7085 = CARTESIAN_POINT ( 'NONE',  ( 38.65000000000000568, -45.64661796867636667, -11.67013934812555753 ) ) ;
#7086 = ORIENTED_EDGE ( 'NONE', *, *, #4353, .F. ) ;
#7087 = DIRECTION ( 'NONE',  ( 0.000000000000000000, -0.1470117858375540321, 0.9891347404802104393 ) ) ;
#7088 =( NAMED_UNIT ( * ) SI_UNIT ( $, .STERADIAN. ) SOLID_ANGLE_UNIT ( ) );
#7089 = DIRECTION ( 'NONE',  ( -1.000000000000000000, -0.000000000000000000, -0.000000000000000000 ) ) ;
#7090 = ORIENTED_EDGE ( 'NONE', *, *, #4690, .F. ) ;
#7091 = ORIENTED_EDGE ( 'NONE', *, *, #303, .F. ) ;
#7092 =( BOUNDED_CURVE ( )  B_SPLINE_CURVE ( 3, ( #1676, #5806, #4422, #7155 ),
 .UNSPECIFIED., .F., .T. ) 
 B_SPLINE_CURVE_WITH_KNOTS ( ( 4, 4 ),
 ( 3.141592653589793116, 6.283185307179586232 ),
 .UNSPECIFIED. ) 
 CURVE ( )  GEOMETRIC_REPRESENTATION_ITEM ( )  RATIONAL_B_SPLINE_CURVE ( ( 1.000000000000000000, 0.3333333333333333703, 0.3333333333333333703, 1.000000000000000000 ) ) 
 REPRESENTATION_ITEM ( '' )  );
#7093 = VERTEX_POINT ( 'NONE', #8624 ) ;
#7094 = AXIS2_PLACEMENT_3D ( 'NONE', #6807, #642, #3392 ) ;
#7095 = PRESENTATION_STYLE_ASSIGNMENT (( #6425 ) ) ;
#7096 = DIRECTION ( 'NONE',  ( -1.000000000000000000, 0.000000000000000000, 0.000000000000000000 ) ) ;
#7097 = ORIENTED_EDGE ( 'NONE', *, *, #3087, .F. ) ;
#7098 = ADVANCED_FACE ( 'NONE', ( #4587 ), #3646, .F. ) ;
#7099 = CARTESIAN_POINT ( 'NONE',  ( -17.99999999999999645, -63.50000000000004263, 0.000000000000000000 ) ) ;
#7100 = CARTESIAN_POINT ( 'NONE',  ( -41.70000000000002416, 64.22866876559862703, 31.89999999999998437 ) ) ;
#7101 = ORIENTED_EDGE ( 'NONE', *, *, #7514, .T. ) ;
#7102 = EDGE_LOOP ( 'NONE', ( #1260, #8488 ) ) ;
#7103 = ORIENTED_EDGE ( 'NONE', *, *, #8689, .T. ) ;
#7104 = CARTESIAN_POINT ( 'NONE',  ( 55.29999999999999716, 58.99999999999995737, 0.000000000000000000 ) ) ;
#7105 = DIRECTION ( 'NONE',  ( 0.000000000000000000, 0.000000000000000000, 1.000000000000000000 ) ) ;
#7106 = EDGE_CURVE ( 'NONE', #6967, #7473, #544, .T. ) ;
#7107 = MECHANICAL_DESIGN_GEOMETRIC_PRESENTATION_REPRESENTATION (  '', ( #505 ), #3225 ) ;
#7108 = LINE ( 'NONE', #456, #4679 ) ;
#7109 = CARTESIAN_POINT ( 'NONE',  ( 46.89999999999999858, -59.00000000000003553, -1.511838516444868957E-14 ) ) ;
#7110 =( NAMED_UNIT ( * ) PLANE_ANGLE_UNIT ( ) SI_UNIT ( $, .RADIAN. ) );
#7111 = CARTESIAN_POINT ( 'NONE',  ( -24.44999999999998508, -57.75000000000002132, 8.898708361799847921 ) ) ;
#7112 = CARTESIAN_POINT ( 'NONE',  ( -32.99999999999999289, -36.54210695047840574, -29.90509479883325383 ) ) ;
#7113 = CONICAL_SURFACE ( 'NONE', #1226, 2.024999999999999023, 0.7853981633974489451 ) ;
#7114 = PLANE ( 'NONE',  #8285 ) ;
#7115 = VECTOR ( 'NONE', #6252, 1000.000000000000000 ) ;
#7116 = VERTEX_POINT ( 'NONE', #3279 ) ;
#7117 = EDGE_CURVE ( 'NONE', #4004, #5876, #8044, .T. ) ;
#7118 = ORIENTED_EDGE ( 'NONE', *, *, #6245, .T. ) ;
#7119 = AXIS2_PLACEMENT_3D ( 'NONE', #7944, #4285, #7023 ) ;
#7120 = CIRCLE ( 'NONE', #1528, 4.999999999999997335 ) ;
#7121 = DIRECTION ( 'NONE',  ( 0.000000000000000000, -0.9891347404802104393, -0.1470117858375531439 ) ) ;
#7122 = ORIENTED_EDGE ( 'NONE', *, *, #7129, .F. ) ;
#7123 = CARTESIAN_POINT ( 'NONE',  ( 45.20000000000000284, 59.19999999999998863, 44.00000000000000711 ) ) ;
#7124 = DIRECTION ( 'NONE',  ( 0.000000000000000000, 0.05233595624294858084, -0.9986295347545736112 ) ) ;
#7125 = CARTESIAN_POINT ( 'NONE',  ( 38.65000000000000568, 41.39379686615147591, -24.46495999482011996 ) ) ;
#7126 = EDGE_LOOP ( 'NONE', ( #6869, #6984, #7772, #3912 ) ) ;
#7127 = EDGE_CURVE ( 'NONE', #4110, #3552, #5504, .T. ) ;
#7128 = CARTESIAN_POINT ( 'NONE',  ( 50.49999999999999289, -56.00000000000003553, 22.49999999999998579 ) ) ;
#7129 = EDGE_CURVE ( 'NONE', #6058, #2380, #8755, .T. ) ;
#7130 = CARTESIAN_POINT ( 'NONE',  ( 43.50000000000000000, 47.41212311872074281, 4.500000000000000000 ) ) ;
#7131 = ORIENTED_EDGE ( 'NONE', *, *, #1665, .F. ) ;
#7132 = VECTOR ( 'NONE', #7367, 1000.000000000000000 ) ;
#7133 = FACE_BOUND ( 'NONE', #7049, .T. ) ;
#7134 = SURFACE_SIDE_STYLE ('',( #2332 ) ) ;
#7135 = CARTESIAN_POINT ( 'NONE',  ( 30.00000000000000000, -49.56703924609836776, 10.11491443023260928 ) ) ;
#7136 =( NAMED_UNIT ( * ) SI_UNIT ( $, .STERADIAN. ) SOLID_ANGLE_UNIT ( ) );
#7137 = ORIENTED_EDGE ( 'NONE', *, *, #161, .F. ) ;
#7138 = AXIS2_PLACEMENT_3D ( 'NONE', #4547, #2528, #1084 ) ;
#7139 = ORIENTED_EDGE ( 'NONE', *, *, #3277, .F. ) ;
#7140 = EDGE_LOOP ( 'NONE', ( #1188, #6607, #5423, #2820 ) ) ;
#7141 = FACE_OUTER_BOUND ( 'NONE', #4926, .T. ) ;
#7142 = SURFACE_STYLE_FILL_AREA ( #5836 ) ;
#7143 = DIRECTION ( 'NONE',  ( 0.000000000000000000, 0.000000000000000000, 1.000000000000000000 ) ) ;
#7144 = VECTOR ( 'NONE', #6354, 1000.000000000000000 ) ;
#7145 = PLANE ( 'NONE',  #7446 ) ;
#7146 = EDGE_LOOP ( 'NONE', ( #7527, #2761, #7623, #3819 ) ) ;
#7147 = ORIENTED_EDGE ( 'NONE', *, *, #5172, .F. ) ;
#7148 = EDGE_CURVE ( 'NONE', #3227, #1410, #5359, .T. ) ;
#7149 = EDGE_CURVE ( 'NONE', #494, #947, #583, .T. ) ;
#7150 = MANIFOLD_SOLID_BREP ( 'Chamfer5', #1462 ) ;
#7151 = ORIENTED_EDGE ( 'NONE', *, *, #6896, .T. ) ;
#7152 =( NAMED_UNIT ( * ) SI_UNIT ( $, .STERADIAN. ) SOLID_ANGLE_UNIT ( ) );
#7153 = CARTESIAN_POINT ( 'NONE',  ( 31.69999999999999929, -60.25000000000001421, -6.331132676734938514 ) ) ;
#7154 = PRODUCT ( 'PAX IM30 Bracket', 'PAX IM30 Bracket', '', ( #3969 ) ) ;
#7155 = CARTESIAN_POINT ( 'NONE',  ( 24.44999999999998508, -57.74999999999999289, 8.898708361799847921 ) ) ;
#7156 = STYLED_ITEM ( 'NONE', ( #8632 ), #4567 ) ;
#7157 = CARTESIAN_POINT ( 'NONE',  ( 40.99999999999999289, 21.26954835153813761, 13.06073477817857942 ) ) ;
#7158 = DIRECTION ( 'NONE',  ( 0.000000000000000000, 0.1470117858375539210, -0.9891347404802105503 ) ) ;
#7159 = CARTESIAN_POINT ( 'NONE',  ( 19.19999999999997442, -60.25000000000001421, 11.05460325471486982 ) ) ;
#7160 = EDGE_CURVE ( 'NONE', #6514, #4050, #2802, .T. ) ;
#7161 = VECTOR ( 'NONE', #4763, 1000.000000000000000 ) ;
#7162 = LINE ( 'NONE', #7827, #900 ) ;
#7163 = ORIENTED_EDGE ( 'NONE', *, *, #791, .F. ) ;
#7164 = FACE_OUTER_BOUND ( 'NONE', #4520, .T. ) ;
#7165 = CARTESIAN_POINT ( 'NONE',  ( 29.49999999999999645, -71.95184441433913491, 20.00000000000000000 ) ) ;
#7166 = ORIENTED_EDGE ( 'NONE', *, *, #2806, .F. ) ;
#7167 = CARTESIAN_POINT ( 'NONE',  ( -33.99999999999999289, 40.24106529342440552, 25.99025394506702114 ) ) ;
#7168 = AXIS2_PLACEMENT_3D ( 'NONE', #3824, #5349, #2560 ) ;
#7169 = LINE ( 'NONE', #1687, #2621 ) ;
#7170 = ADVANCED_FACE ( 'NONE', ( #6783 ), #3827, .F. ) ;
#7171 = VERTEX_POINT ( 'NONE', #3365 ) ;
#7172 = VECTOR ( 'NONE', #4309, 1000.000000000000000 ) ;
#7173 = EDGE_LOOP ( 'NONE', ( #2169, #156, #2549, #7301 ) ) ;
#7174 = DIRECTION ( 'NONE',  ( 0.000000000000000000, -1.000000000000000000, -1.548860246407863829E-16 ) ) ;
#7175 = DIRECTION ( 'NONE',  ( -0.000000000000000000, -0.1412171486779216778, -0.9899786446783979121 ) ) ;
#7176 = LINE ( 'NONE', #841, #4020 ) ;
#7177 = EDGE_LOOP ( 'NONE', ( #937, #6247, #4206, #3039 ) ) ;
#7178 = EDGE_CURVE ( 'NONE', #916, #7720, #5487, .T. ) ;
#7179 = ADVANCED_FACE ( 'NONE', ( #667 ), #6961, .F. ) ;
#7180 = EDGE_LOOP ( 'NONE', ( #8042, #7674, #1062 ) ) ;
#7181 = ORIENTED_EDGE ( 'NONE', *, *, #1666, .T. ) ;
#7182 = CARTESIAN_POINT ( 'NONE',  ( 30.89999999999999858, -72.12151163551486377, 14.85182430038964618 ) ) ;
#7183 = DIRECTION ( 'NONE',  ( 1.000000000000000000, 0.000000000000000000, 0.000000000000000000 ) ) ;
#7184 = DIRECTION ( 'NONE',  ( -0.000000000000000000, -0.1470117858375538933, 0.9891347404802104393 ) ) ;
#7185 = ORIENTED_EDGE ( 'NONE', *, *, #6707, .T. ) ;
#7186 = VECTOR ( 'NONE', #4821, 1000.000000000000000 ) ;
#7187 = DIRECTION ( 'NONE',  ( 0.000000000000000000, 2.434699615406044823E-15, 1.000000000000000000 ) ) ;
#7188 = FILL_AREA_STYLE_COLOUR ( '', #3011 ) ;
#7189 = ORIENTED_EDGE ( 'NONE', *, *, #7813, .F. ) ;
#7190 = ORIENTED_EDGE ( 'NONE', *, *, #4932, .T. ) ;
#7191 = VECTOR ( 'NONE', #8529, 1000.000000000000000 ) ;
#7192 = ORIENTED_EDGE ( 'NONE', *, *, #8581, .F. ) ;
#7193 = CARTESIAN_POINT ( 'NONE',  ( 49.76914160772099649, -68.41357787117102873, 19.99999999999989342 ) ) ;
#7194 = DIRECTION ( 'NONE',  ( 0.000000000000000000, 0.000000000000000000, 1.000000000000000000 ) ) ;
#7195 = FACE_OUTER_BOUND ( 'NONE', #7017, .T. ) ;
#7196 = EDGE_CURVE ( 'NONE', #568, #7224, #649, .T. ) ;
#7197 =( BOUNDED_CURVE ( )  B_SPLINE_CURVE ( 3, ( #8770, #2619, #595, #3335 ),
 .UNSPECIFIED., .F., .T. ) 
 B_SPLINE_CURVE_WITH_KNOTS ( ( 4, 4 ),
 ( 0.000000000000000000, 1.570796326794896558 ),
 .UNSPECIFIED. ) 
 CURVE ( )  GEOMETRIC_REPRESENTATION_ITEM ( )  RATIONAL_B_SPLINE_CURVE ( ( 1.000000000000000000, 0.8047378541243649375, 0.8047378541243649375, 1.000000000000000000 ) ) 
 REPRESENTATION_ITEM ( '' )  );
#7198 = CYLINDRICAL_SURFACE ( 'NONE', #5605, 2.500000000000015987 ) ;
#7199 = LINE ( 'NONE', #5226, #331 ) ;
#7200 = CARTESIAN_POINT ( 'NONE',  ( -40.20000000000000284, 0.000000000000000000, 4.500000000000000000 ) ) ;
#7201 = PRESENTATION_STYLE_ASSIGNMENT (( #5810 ) ) ;
#7202 = CONICAL_SURFACE ( 'NONE', #2339, 2.024999999999999023, 0.7853981633974489451 ) ;
#7203 = DIRECTION ( 'NONE',  ( -0.000000000000000000, -0.000000000000000000, -1.000000000000000000 ) ) ;
#7204 = SURFACE_SIDE_STYLE ('',( #5856 ) ) ;
#7205 = EDGE_CURVE ( 'NONE', #7611, #3002, #2067, .T. ) ;
#7206 = DIRECTION ( 'NONE',  ( -1.000000000000000000, 0.000000000000000000, 0.000000000000000000 ) ) ;
#7207 = ADVANCED_FACE ( 'NONE', ( #7537 ), #1383, .F. ) ;
#7208 = ORIENTED_EDGE ( 'NONE', *, *, #199, .T. ) ;
#7209 = DIRECTION ( 'NONE',  ( -0.000000000000000000, -0.1470117858375538933, 0.9891347404802104393 ) ) ;
#7210 = CARTESIAN_POINT ( 'NONE',  ( -33.64999999999999858, 44.96480233183591224, -13.77065576055296958 ) ) ;
#7211 = AXIS2_PLACEMENT_3D ( 'NONE', #8648, #7979, #3988 ) ;
#7212 = CARTESIAN_POINT ( 'NONE',  ( -38.50000000000000000, 44.38848226630359761, -24.89214186957081765 ) ) ;
#7213 = DIRECTION ( 'NONE',  ( 0.000000000000000000, 0.000000000000000000, 1.000000000000000000 ) ) ;
#7214 = VECTOR ( 'NONE', #4434, 999.9999999999998863 ) ;
#7215 = DIRECTION ( 'NONE',  ( -0.000000000000000000, -0.1470117858375538933, 0.9891347404802104393 ) ) ;
#7216 = DIRECTION ( 'NONE',  ( 0.000000000000000000, 0.9899786446783979121, -0.1412171486779224550 ) ) ;
#7217 = VERTEX_POINT ( 'NONE', #4867 ) ;
#7218 = CARTESIAN_POINT ( 'NONE',  ( 50.49999999999999289, 55.99999999999995737, 25.50000000000000355 ) ) ;
#7219 = EDGE_CURVE ( 'NONE', #6464, #1774, #1935, .T. ) ;
#7220 = PRESENTATION_STYLE_ASSIGNMENT (( #1019 ) ) ;
#7221 = DIRECTION ( 'NONE',  ( 1.374038396813312538E-16, -1.000000000000000000, 0.000000000000000000 ) ) ;
#7222 = ORIENTED_EDGE ( 'NONE', *, *, #8175, .T. ) ;
#7223 = VERTEX_POINT ( 'NONE', #8171 ) ;
#7224 = VERTEX_POINT ( 'NONE', #2072 ) ;
#7225 = DIRECTION ( 'NONE',  ( 0.000000000000000000, -0.9986295347545737222, 0.05233595624294712367 ) ) ;
#7226 = CARTESIAN_POINT ( 'NONE',  ( 38.65000000000000568, -44.27328119778358229, -2.042597028628136524 ) ) ;
#7227 =( NAMED_UNIT ( * ) PLANE_ANGLE_UNIT ( ) SI_UNIT ( $, .RADIAN. ) );
#7228 = ORIENTED_EDGE ( 'NONE', *, *, #7329, .F. ) ;
#7229 = ADVANCED_FACE ( 'NONE', ( #3327 ), #6921, .F. ) ;
#7230 = STYLED_ITEM ( 'NONE', ( #19 ), #1013 ) ;
#7231 = FILL_AREA_STYLE_COLOUR ( '', #6257 ) ;
#7232 = VERTEX_POINT ( 'NONE', #4768 ) ;
#7233 = ORIENTED_EDGE ( 'NONE', *, *, #885, .F. ) ;
#7234 = VECTOR ( 'NONE', #7763, 1000.000000000000000 ) ;
#7235 = EDGE_LOOP ( 'NONE', ( #8526, #4990, #638, #5233 ) ) ;
#7236 = CARTESIAN_POINT ( 'NONE',  ( 41.69999999999998153, 64.22866876559862703, 31.99999999999998579 ) ) ;
#7237 = CARTESIAN_POINT ( 'NONE',  ( -41.50000000000002132, 62.99999999999997158, -1.000000000000000000 ) ) ;
#7238 = EDGE_CURVE ( 'NONE', #3987, #8188, #8220, .T. ) ;
#7239 =( NAMED_UNIT ( * ) SI_UNIT ( $, .STERADIAN. ) SOLID_ANGLE_UNIT ( ) );
#7240 = DIRECTION ( 'NONE',  ( -0.000000000000000000, -0.000000000000000000, 1.000000000000000000 ) ) ;
#7241 = VECTOR ( 'NONE', #7511, 999.9999999999998863 ) ;
#7242 = CARTESIAN_POINT ( 'NONE',  ( 38.65000000000000568, -45.69957439943059541, -12.04138133987995829 ) ) ;
#7243 = CARTESIAN_POINT ( 'NONE',  ( 19.19999999999997087, -47.74999999999999289, 12.91243641713850465 ) ) ;
#7244 =( GEOMETRIC_REPRESENTATION_CONTEXT ( 3 ) GLOBAL_UNCERTAINTY_ASSIGNED_CONTEXT ( ( #4829 ) ) GLOBAL_UNIT_ASSIGNED_CONTEXT ( ( #3574, #4063, #6397 ) ) REPRESENTATION_CONTEXT ( 'NONE', 'WORKASPACE' ) );
#7245 = LINE ( 'NONE', #4683, #7850 ) ;
#7246 = CARTESIAN_POINT ( 'NONE',  ( 38.19999999999998153, -45.61515718961151578, 31.89999999999998437 ) ) ;
#7247 = VERTEX_POINT ( 'NONE', #673 ) ;
#7248 =( LENGTH_UNIT ( ) NAMED_UNIT ( * ) SI_UNIT ( .MILLI., .METRE. ) );
#7249 =( LENGTH_UNIT ( ) NAMED_UNIT ( * ) SI_UNIT ( .MILLI., .METRE. ) );
#7250 = AXIS2_PLACEMENT_3D ( 'NONE', #5344, #4662, #8068 ) ;
#7251 = CARTESIAN_POINT ( 'NONE',  ( -36.15000000000000568, 51.46089017618015760, -16.82550388246705708 ) ) ;
#7252 = ADVANCED_FACE ( 'NONE', ( #628 ), #6789, .T. ) ;
#7253 = EDGE_CURVE ( 'NONE', #7014, #6320, #2254, .T. ) ;
#7254 = STYLED_ITEM ( 'NONE', ( #4489 ), #4016 ) ;
#7255 = VERTEX_POINT ( 'NONE', #6114 ) ;
#7256 = DIRECTION ( 'NONE',  ( 0.000000000000000000, 0.000000000000000000, 1.000000000000000000 ) ) ;
#7257 = ORIENTED_EDGE ( 'NONE', *, *, #2713, .T. ) ;
#7258 = DIRECTION ( 'NONE',  ( -0.000000000000000000, -0.1470117858375538933, 0.9891347404802104393 ) ) ;
#7259 = DIRECTION ( 'NONE',  ( 0.000000000000000000, -0.9986295347545737222, 0.05233595624294712367 ) ) ;
#7260 = VECTOR ( 'NONE', #2121, 1000.000000000000000 ) ;
#7261 = FACE_OUTER_BOUND ( 'NONE', #3895, .T. ) ;
#7262 = DIRECTION ( 'NONE',  ( 0.000000000000000000, -0.9891347404802103283, -0.1470117858375539210 ) ) ;
#7263 = ORIENTED_EDGE ( 'NONE', *, *, #7057, .T. ) ;
#7264 = CARTESIAN_POINT ( 'NONE',  ( 42.25735931288071612, -53.00000000000001421, -11.00000000000001421 ) ) ;
#7265 = VECTOR ( 'NONE', #6826, 1000.000000000000000 ) ;
#7266 = ORIENTED_EDGE ( 'NONE', *, *, #2617, .F. ) ;
#7267 = EDGE_CURVE ( 'NONE', #6091, #3784, #3423, .T. ) ;
#7268 =( GEOMETRIC_REPRESENTATION_CONTEXT ( 3 ) GLOBAL_UNCERTAINTY_ASSIGNED_CONTEXT ( ( #5484 ) ) GLOBAL_UNIT_ASSIGNED_CONTEXT ( ( #7050, #8440, #3649 ) ) REPRESENTATION_CONTEXT ( 'NONE', 'WORKASPACE' ) );
#7269 =( REPRESENTATION_RELATIONSHIP ('NONE','NONE', #2496, #31 ) REPRESENTATION_RELATIONSHIP_WITH_TRANSFORMATION ( #274 )SHAPE_REPRESENTATION_RELATIONSHIP( ) );
#7270 = EDGE_LOOP ( 'NONE', ( #5978, #3359 ) ) ;
#7271 = CARTESIAN_POINT ( 'NONE',  ( 43.49999999999998579, 72.99999999999997158, -1.000000000000000000 ) ) ;
#7272 = DIRECTION ( 'NONE',  ( -0.000000000000000000, -0.000000000000000000, -1.000000000000000000 ) ) ;
#7273 = VERTEX_POINT ( 'NONE', #6875 ) ;
#7274 = DIRECTION ( 'NONE',  ( 0.000000000000000000, -1.000000000000000000, 2.775557561562896873E-15 ) ) ;
#7275 = FILL_AREA_STYLE_COLOUR ( '', #6311 ) ;
#7276 = VERTEX_POINT ( 'NONE', #4013 ) ;
#7277 = AXIS2_PLACEMENT_3D ( 'NONE', #1154, #7225, #3905 ) ;
#7278 = VERTEX_POINT ( 'NONE', #54 ) ;
#7279 = EDGE_CURVE ( 'NONE', #4534, #1364, #2783, .T. ) ;
#7280 = EDGE_LOOP ( 'NONE', ( #6023, #7938, #6674, #1008 ) ) ;
#7281 = CARTESIAN_POINT ( 'NONE',  ( 43.50000000000000711, 53.99999999999996447, 1.084202172485504434E-15 ) ) ;
#7282 = VECTOR ( 'NONE', #3424, 1000.000000000000000 ) ;
#7283 = ORIENTED_EDGE ( 'NONE', *, *, #5378, .T. ) ;
#7284 = CARTESIAN_POINT ( 'NONE',  ( -24.44999999999998508, -57.75000000000002132, -30.80000000000000426 ) ) ;
#7285 = FACE_BOUND ( 'NONE', #4511, .T. ) ;
#7286 = PLANE ( 'NONE',  #7787 ) ;
#7287 = AXIS2_PLACEMENT_3D ( 'NONE', #3208, #5867, #3811 ) ;
#7288 = CIRCLE ( 'NONE', #974, 6.250000000000012434 ) ;
#7289 = LINE ( 'NONE', #2442, #6654 ) ;
#7290 = EDGE_CURVE ( 'NONE', #1367, #983, #3382, .T. ) ;
#7291 = FILL_AREA_STYLE_COLOUR ( '', #4141 ) ;
#7292 = FACE_BOUND ( 'NONE', #74, .T. ) ;
#7293 = STYLED_ITEM ( 'NONE', ( #7915 ), #1152 ) ;
#7294 = DIRECTION ( 'NONE',  ( -0.000000000000000000, 0.000000000000000000, 1.000000000000000000 ) ) ;
#7295 = EDGE_LOOP ( 'NONE', ( #3660, #333, #29, #7118, #212, #5931, #84, #7942, #4036, #6422, #7139, #1290, #5356, #6520, #42, #5159, #3315, #8151, #347, #2312, #2046, #3876, #993, #3787, #301, #382, #310, #2545, #809, #6054, #3310, #5419, #6289, #4693, #5204, #4811, #3816, #1115, #577, #5309 ) ) ;
#7296 = CARTESIAN_POINT ( 'NONE',  ( -46.45876991486268537, -71.95184441433914913, 19.99999999999997868 ) ) ;
#7297 = DIRECTION ( 'NONE',  ( 1.000000000000000000, 0.000000000000000000, 0.000000000000000000 ) ) ;
#7298 = VERTEX_POINT ( 'NONE', #5364 ) ;
#7299 = LINE ( 'NONE', #1865, #8195 ) ;
#7300 = SURFACE_STYLE_FILL_AREA ( #8173 ) ;
#7301 = ORIENTED_EDGE ( 'NONE', *, *, #8186, .F. ) ;
#7302 = LINE ( 'NONE', #3040, #6138 ) ;
#7303 = CARTESIAN_POINT ( 'NONE',  ( -33.64999999999999858, 46.45826158699157560, -14.98514870495965923 ) ) ;
#7304 = VECTOR ( 'NONE', #860, 1000.000000000000114 ) ;
#7305 = CARTESIAN_POINT ( 'NONE',  ( 55.29999999999999716, -59.00000000000003553, 20.59999999999999076 ) ) ;
#7306 = LINE ( 'NONE', #1192, #1150 ) ;
#7307 = EDGE_CURVE ( 'NONE', #7473, #7247, #1640, .T. ) ;
#7308 = CARTESIAN_POINT ( 'NONE',  ( 46.89999999999999858, 55.99999999999995737, 25.50000000000000355 ) ) ;
#7309 = VERTEX_POINT ( 'NONE', #1343 ) ;
#7310 = CIRCLE ( 'NONE', #5749, 1.649999999999982148 ) ;
#7311 = ORIENTED_EDGE ( 'NONE', *, *, #1710, .F. ) ;
#7312 = DIRECTION ( 'NONE',  ( 0.000000000000000000, -0.9891347404802104393, -0.1470117858375531439 ) ) ;
#7313 = CARTESIAN_POINT ( 'NONE',  ( -41.70000000000001705, -60.77133123440133744, 31.99999999999998579 ) ) ;
#7314 = CARTESIAN_POINT ( 'NONE',  ( 38.99999999999997868, 63.00000000000000000, -1.000000000000000000 ) ) ;
#7315 = VERTEX_POINT ( 'NONE', #6748 ) ;
#7316 = LINE ( 'NONE', #1747, #5689 ) ;
#7317 = ADVANCED_FACE ( 'NONE', ( #4100 ), #186, .F. ) ;
#7318 = VERTEX_POINT ( 'NONE', #7739 ) ;
#7319 = AXIS2_PLACEMENT_3D ( 'NONE', #6510, #932, #4985 ) ;
#7320 = ORIENTED_EDGE ( 'NONE', *, *, #6457, .F. ) ;
#7321 = ORIENTED_EDGE ( 'NONE', *, *, #6205, .F. ) ;
#7322 = VECTOR ( 'NONE', #4189, 1000.000000000000000 ) ;
#7323 = ORIENTED_EDGE ( 'NONE', *, *, #7431, .T. ) ;
#7324 = CARTESIAN_POINT ( 'NONE',  ( -40.99999999999999289, -61.00000000000004974, 0.000000000000000000 ) ) ;
#7325 = CARTESIAN_POINT ( 'NONE',  ( 50.49999999999999289, -59.00000000000003553, -1.511838516444868957E-14 ) ) ;
#7326 = EDGE_CURVE ( 'NONE', #1143, #8232, #3705, .T. ) ;
#7327 = FACE_OUTER_BOUND ( 'NONE', #802, .T. ) ;
#7328 = DIRECTION ( 'NONE',  ( -0.000000000000000000, -0.1412171486779217056, -0.9899786446783980232 ) ) ;
#7329 = EDGE_CURVE ( 'NONE', #466, #8517, #3015, .T. ) ;
#7330 = ORIENTED_EDGE ( 'NONE', *, *, #177, .T. ) ;
#7331 = CARTESIAN_POINT ( 'NONE',  ( -46.50000000000002842, 65.99999999999997158, 0.8508893593264705846 ) ) ;
#7332 =( NAMED_UNIT ( * ) SI_UNIT ( $, .STERADIAN. ) SOLID_ANGLE_UNIT ( ) );
#7333 =( NAMED_UNIT ( * ) SI_UNIT ( $, .STERADIAN. ) SOLID_ANGLE_UNIT ( ) );
#7334 = VECTOR ( 'NONE', #3747, 999.9999999999998863 ) ;
#7335 = ORIENTED_EDGE ( 'NONE', *, *, #8661, .F. ) ;
#7336 = CARTESIAN_POINT ( 'NONE',  ( 35.04999999999998295, -72.46735358333218358, 10.16349908266744784 ) ) ;
#7337 = ORIENTED_EDGE ( 'NONE', *, *, #119, .T. ) ;
#7338 = LINE ( 'NONE', #6043, #7004 ) ;
#7339 = EDGE_CURVE ( 'NONE', #4343, #5900, #5695, .T. ) ;
#7340 = DIRECTION ( 'NONE',  ( 0.000000000000000000, 0.000000000000000000, 1.000000000000000000 ) ) ;
#7341 = AXIS2_PLACEMENT_3D ( 'NONE', #8225, #2078, #3247 ) ;
#7342 = FILL_AREA_STYLE ('',( #6723 ) ) ;
#7343 = SURFACE_STYLE_FILL_AREA ( #6594 ) ;
#7344 = ORIENTED_EDGE ( 'NONE', *, *, #5725, .T. ) ;
#7345 = DIRECTION ( 'NONE',  ( 0.000000000000000000, -1.548860246407863829E-16, 1.000000000000000000 ) ) ;
#7346 = ORIENTED_EDGE ( 'NONE', *, *, #6502, .T. ) ;
#7347 = VECTOR ( 'NONE', #6352, 1000.000000000000000 ) ;
#7348 = ORIENTED_EDGE ( 'NONE', *, *, #3410, .T. ) ;
#7349 = SURFACE_STYLE_USAGE ( .BOTH. , #3398 ) ;
#7350 = FACE_OUTER_BOUND ( 'NONE', #2363, .T. ) ;
#7351 = ORIENTED_EDGE ( 'NONE', *, *, #4446, .F. ) ;
#7352 = CARTESIAN_POINT ( 'NONE',  ( -19.19999999999997442, -60.25000000000004263, 11.05460325471486449 ) ) ;
#7353 = ORIENTED_EDGE ( 'NONE', *, *, #7896, .F. ) ;
#7354 = AXIS2_PLACEMENT_3D ( 'NONE', #6367, #2288, #4930 ) ;
#7355 = ORIENTED_EDGE ( 'NONE', *, *, #6874, .T. ) ;
#7356 = ADVANCED_FACE ( 'NONE', ( #8310 ), #6392, .F. ) ;
#7357 = EDGE_LOOP ( 'NONE', ( #7097, #3900, #4348 ) ) ;
#7358 = EDGE_CURVE ( 'NONE', #878, #2574, #3567, .T. ) ;
#7359 = CARTESIAN_POINT ( 'NONE',  ( 35.04999999999999005, -72.22137458899031515, 14.85705789601394322 ) ) ;
#7360 = UNCERTAINTY_MEASURE_WITH_UNIT (LENGTH_MEASURE( 1.000000000000000082E-05 ), #3754, 'distance_accuracy_value', 'NONE');
#7361 = ORIENTED_EDGE ( 'NONE', *, *, #7605, .F. ) ;
#7362 = DIRECTION ( 'NONE',  ( 0.000000000000000000, -1.000000000000000000, 0.000000000000000000 ) ) ;
#7363 = CARTESIAN_POINT ( 'NONE',  ( 39.19999999999998153, -51.11515718961152288, 31.79999999999997939 ) ) ;
#7364 = AXIS2_PLACEMENT_3D ( 'NONE', #8842, #1894, #5404 ) ;
#7365 = SHAPE_DEFINITION_REPRESENTATION ( #4358, #2496 ) ;
#7366 = EDGE_CURVE ( 'NONE', #3996, #3117, #8250, .T. ) ;
#7367 = DIRECTION ( 'NONE',  ( -0.7071067811865472397, -0.7071067811865479058, 0.000000000000000000 ) ) ;
#7368 = CIRCLE ( 'NONE', #8229, 3.000000000000002665 ) ;
#7369 =( NAMED_UNIT ( * ) SI_UNIT ( $, .STERADIAN. ) SOLID_ANGLE_UNIT ( ) );
#7370 =( NAMED_UNIT ( * ) PLANE_ANGLE_UNIT ( ) SI_UNIT ( $, .RADIAN. ) );
#7371 = FACE_OUTER_BOUND ( 'NONE', #3742, .T. ) ;
#7372 = EDGE_LOOP ( 'NONE', ( #5249, #1120, #2430, #5442 ) ) ;
#7373 = LINE ( 'NONE', #2534, #2074 ) ;
#7374 =( NAMED_UNIT ( * ) PLANE_ANGLE_UNIT ( ) SI_UNIT ( $, .RADIAN. ) );
#7375 = PLANE ( 'NONE',  #1767 ) ;
#7376 = AXIS2_PLACEMENT_3D ( 'NONE', #5693, #8423, #2285 ) ;
#7377 = ADVANCED_FACE ( 'NONE', ( #6343 ), #2349, .T. ) ;
#7378 = ORIENTED_EDGE ( 'NONE', *, *, #6818, .F. ) ;
#7379 = ORIENTED_EDGE ( 'NONE', *, *, #7253, .F. ) ;
#7380 = CYLINDRICAL_SURFACE ( 'NONE', #5578, 8.000000000000000000 ) ;
#7381 = AXIS2_PLACEMENT_3D ( 'NONE', #2677, #1156, #3351 ) ;
#7382 = CARTESIAN_POINT ( 'NONE',  ( -42.50000000000000711, -65.00000000000002842, -1.000000000000000000 ) ) ;
#7383 = ORIENTED_EDGE ( 'NONE', *, *, #6997, .F. ) ;
#7384 = CARTESIAN_POINT ( 'NONE',  ( 31.69999999999999929, -60.25000000000001421, 11.05460325471487160 ) ) ;
#7385 = VERTEX_POINT ( 'NONE', #4232 ) ;
#7386 = EDGE_CURVE ( 'NONE', #6094, #6494, #5050, .T. ) ;
#7387 = STYLED_ITEM ( 'NONE', ( #3746 ), #2909 ) ;
#7388 = ORIENTED_EDGE ( 'NONE', *, *, #6310, .T. ) ;
#7389 = DIRECTION ( 'NONE',  ( -1.000000000000000000, 0.000000000000000000, -0.000000000000000000 ) ) ;
#7390 = DIRECTION ( 'NONE',  ( 0.000000000000000000, 0.000000000000000000, -1.000000000000000000 ) ) ;
#7391 = ORIENTED_EDGE ( 'NONE', *, *, #5286, .F. ) ;
#7392 = PRESENTATION_LAYER_ASSIGNMENT (  '', '', ( #8824 ) ) ;
#7393 = DIRECTION ( 'NONE',  ( -1.000000000000000000, 0.000000000000000000, 0.000000000000000000 ) ) ;
#7394 = AXIS2_PLACEMENT_3D ( 'NONE', #1809, #8089, #3844 ) ;
#7395 = CARTESIAN_POINT ( 'NONE',  ( -33.64999999999999858, 43.19133205955289867, -14.51913211432252204 ) ) ;
#7396 = CARTESIAN_POINT ( 'NONE',  ( 38.69999999999996732, -63.77133123440134455, 31.89999999999998437 ) ) ;
#7397 = ORIENTED_EDGE ( 'NONE', *, *, #3157, .F. ) ;
#7398 = VECTOR ( 'NONE', #6780, 1000.000000000000000 ) ;
#7399 = ORIENTED_EDGE ( 'NONE', *, *, #1296, .F. ) ;
#7400 = ORIENTED_EDGE ( 'NONE', *, *, #7290, .F. ) ;
#7401 = AXIS2_PLACEMENT_3D ( 'NONE', #2296, #4398, #6465 ) ;
#7402 = DIRECTION ( 'NONE',  ( 0.000000000000000000, -0.6352870048231626932, 0.7722761303464033000 ) ) ;
#7403 = VERTEX_POINT ( 'NONE', #8494 ) ;
#7404 = DIRECTION ( 'NONE',  ( 0.000000000000000000, 0.000000000000000000, 1.000000000000000000 ) ) ;
#7405 = CARTESIAN_POINT ( 'NONE',  ( -31.13375866546478932, 57.07249472080884800, 31.79999999999997939 ) ) ;
#7406 = DIRECTION ( 'NONE',  ( -0.000000000000000000, -0.1470117858375538933, 0.9891347404802104393 ) ) ;
#7407 = ADVANCED_FACE ( 'NONE', ( #8402 ), #3687, .F. ) ;
#7408 = VECTOR ( 'NONE', #5692, 1000.000000000000114 ) ;
#7409 = SURFACE_SIDE_STYLE ('',( #2733 ) ) ;
#7410 = DIRECTION ( 'NONE',  ( 1.000000000000000000, 0.000000000000000000, 0.000000000000000000 ) ) ;
#7411 = AXIS2_PLACEMENT_3D ( 'NONE', #2483, #6664, #6577 ) ;
#7412 = DIRECTION ( 'NONE',  ( 0.000000000000000000, -0.000000000000000000, -1.000000000000000000 ) ) ;
#7413 = DIRECTION ( 'NONE',  ( -1.000000000000000000, 0.000000000000000000, 0.000000000000000000 ) ) ;
#7414 = DIRECTION ( 'NONE',  ( -1.000000000000000000, -0.000000000000000000, -0.000000000000000000 ) ) ;
#7415 = CARTESIAN_POINT ( 'NONE',  ( 24.49999999999999645, 54.17689392746199673, 13.40221266432188862 ) ) ;
#7416 = PRESENTATION_STYLE_ASSIGNMENT (( #3244 ) ) ;
#7417 = AXIS2_PLACEMENT_3D ( 'NONE', #8518, #7844, #2371 ) ;
#7418 = LINE ( 'NONE', #1811, #6809 ) ;
#7419 = EDGE_CURVE ( 'NONE', #87, #7524, #1361, .T. ) ;
#7420 =( BOUNDED_CURVE ( )  B_SPLINE_CURVE ( 3, ( #4944, #2109, #1474, #4221 ),
 .UNSPECIFIED., .F., .T. ) 
 B_SPLINE_CURVE_WITH_KNOTS ( ( 4, 4 ),
 ( 0.05235987755983394915, 0.1176050970791944761 ),
 .UNSPECIFIED. ) 
 CURVE ( )  GEOMETRIC_REPRESENTATION_ITEM ( )  RATIONAL_B_SPLINE_CURVE ( ( 1.000000000000000000, 0.9996452865706905166, 0.9996452865706905166, 1.000000000000000000 ) ) 
 REPRESENTATION_ITEM ( '' )  );
#7421 = DIRECTION ( 'NONE',  ( 0.000000000000000000, 0.000000000000000000, 1.000000000000000000 ) ) ;
#7422 = VECTOR ( 'NONE', #8326, 1000.000000000000000 ) ;
#7423 = UNCERTAINTY_MEASURE_WITH_UNIT (LENGTH_MEASURE( 1.000000000000000082E-05 ), #6899, 'distance_accuracy_value', 'NONE');
#7424 = PRODUCT_DEFINITION_FORMATION_WITH_SPECIFIED_SOURCE ( 'ANY', '', #7154, .NOT_KNOWN. ) ;
#7425 = ORIENTED_EDGE ( 'NONE', *, *, #3139, .F. ) ;
#7426 = DIRECTION ( 'NONE',  ( 1.000000000000000000, 1.110223024625156540E-15, -0.000000000000000000 ) ) ;
#7427 = EDGE_LOOP ( 'NONE', ( #3854, #160, #1087, #4738, #7048, #2309, #2563, #6177 ) ) ;
#7428 = DIRECTION ( 'NONE',  ( 0.000000000000000000, -0.9986295347545737222, 0.05233595624294712367 ) ) ;
#7429 = FILL_AREA_STYLE_COLOUR ( '', #7839 ) ;
#7430 = CARTESIAN_POINT ( 'NONE',  ( 27.91446609406726154, -62.75000000000004974, 8.155575096830393278 ) ) ;
#7431 = EDGE_CURVE ( 'NONE', #1712, #2956, #3517, .T. ) ;
#7432 = ORIENTED_EDGE ( 'NONE', *, *, #4961, .F. ) ;
#7433 = VECTOR ( 'NONE', #2124, 1000.000000000000000 ) ;
#7434 = DIRECTION ( 'NONE',  ( 0.000000000000000000, -1.000000000000000000, -1.065825864477275556E-16 ) ) ;
#7435 = ORIENTED_EDGE ( 'NONE', *, *, #8096, .T. ) ;
#7436 = EDGE_LOOP ( 'NONE', ( #228, #2111, #2950, #1360 ) ) ;
#7437 = DIRECTION ( 'NONE',  ( 0.000000000000000000, 0.000000000000000000, 1.000000000000000000 ) ) ;
#7438 = CARTESIAN_POINT ( 'NONE',  ( -38.50000000000000000, -53.00000000000002132, -1.192081353202898958E-14 ) ) ;
#7439 = LINE ( 'NONE', #8109, #3818 ) ;
#7440 = AXIS2_PLACEMENT_3D ( 'NONE', #4373, #2440, #8497 ) ;
#7441 = VERTEX_POINT ( 'NONE', #2833 ) ;
#7442 = LINE ( 'NONE', #6097, #2410 ) ;
#7443 = DIRECTION ( 'NONE',  ( 0.000000000000000000, -0.1470117858375538933, 0.9891347404802104393 ) ) ;
#7444 = EDGE_CURVE ( 'NONE', #3489, #1572, #2553, .T. ) ;
#7445 = VERTEX_POINT ( 'NONE', #3832 ) ;
#7446 = AXIS2_PLACEMENT_3D ( 'NONE', #4455, #5716, #2963 ) ;
#7447 = VERTEX_POINT ( 'NONE', #1036 ) ;
#7448 = ORIENTED_EDGE ( 'NONE', *, *, #3701, .F. ) ;
#7449 = CARTESIAN_POINT ( 'NONE',  ( 30.89999999999999858, -72.22137458899031515, 14.85705789601394144 ) ) ;
#7450 = ORIENTED_EDGE ( 'NONE', *, *, #8368, .F. ) ;
#7451 = CARTESIAN_POINT ( 'NONE',  ( 31.13375866546478932, -53.61515718961152288, 31.79999999999997939 ) ) ;
#7452 = CARTESIAN_POINT ( 'NONE',  ( 50.49999999999998579, 65.99999999999995737, -1.000000000000000000 ) ) ;
#7453 = CARTESIAN_POINT ( 'NONE',  ( 41.49999999999999289, -58.00000000000002132, -1.000000000000000000 ) ) ;
#7454 = CIRCLE ( 'NONE', #5759, 3.300000000000001599 ) ;
#7455 = FILL_AREA_STYLE_COLOUR ( '', #5112 ) ;
#7456 = DIRECTION ( 'NONE',  ( 1.000000000000000000, 0.000000000000000000, 0.000000000000000000 ) ) ;
#7457 = SURFACE_STYLE_USAGE ( .BOTH. , #4724 ) ;
#7458 = DIRECTION ( 'NONE',  ( 0.000000000000000000, 1.000000000000000000, 0.000000000000000000 ) ) ;
#7459 = AXIS2_PLACEMENT_3D ( 'NONE', #6643, #7183, #8567 ) ;
#7460 = DIRECTION ( 'NONE',  ( -0.000000000000000000, -1.000000000000000000, -7.638175199916773278E-16 ) ) ;
#7461 = PRESENTATION_STYLE_ASSIGNMENT (( #513 ) ) ;
#7462 = DIRECTION ( 'NONE',  ( -0.000000000000000000, -0.1412171486779217056, -0.9899786446783980232 ) ) ;
#7463 = EDGE_CURVE ( 'NONE', #8706, #735, #8537, .T. ) ;
#7464 = ORIENTED_EDGE ( 'NONE', *, *, #7638, .T. ) ;
#7465 = ADVANCED_FACE ( 'NONE', ( #6526 ), #3146, .F. ) ;
#7466 = SURFACE_STYLE_FILL_AREA ( #1991 ) ;
#7467 = EDGE_LOOP ( 'NONE', ( #5738, #4488, #1072, #8651 ) ) ;
#7468 = DIRECTION ( 'NONE',  ( 0.000000000000000000, 1.000000000000000000, 0.000000000000000000 ) ) ;
#7469 = SURFACE_SIDE_STYLE ('',( #4741 ) ) ;
#7470 = ORIENTED_EDGE ( 'NONE', *, *, #1777, .F. ) ;
#7471 = VECTOR ( 'NONE', #6666, 1000.000000000000114 ) ;
#7472 = AXIS2_PLACEMENT_3D ( 'NONE', #8145, #4649, #4558 ) ;
#7473 = VERTEX_POINT ( 'NONE', #3191 ) ;
#7474 = EDGE_CURVE ( 'NONE', #8837, #4437, #2392, .T. ) ;
#7475 = CARTESIAN_POINT ( 'NONE',  ( -42.00000000000000711, -58.00000000000002132, -1.000000000000000000 ) ) ;
#7476 = DIRECTION ( 'NONE',  ( 1.000000000000000000, 0.000000000000000000, 0.000000000000000000 ) ) ;
#7477 = ORIENTED_EDGE ( 'NONE', *, *, #1647, .F. ) ;
#7478 = DIRECTION ( 'NONE',  ( 0.000000000000000000, 0.000000000000000000, -1.000000000000000000 ) ) ;
#7479 = CARTESIAN_POINT ( 'NONE',  ( -40.20000000000000284, 59.19999999999996021, 0.000000000000000000 ) ) ;
#7480 = CARTESIAN_POINT ( 'NONE',  ( -33.99999999999998579, -42.64309606273688757, 11.14399693109547407 ) ) ;
#7481 = VERTEX_POINT ( 'NONE', #2565 ) ;
#7482 = PRESENTATION_LAYER_ASSIGNMENT (  '', '', ( #2475 ) ) ;
#7483 = MECHANICAL_DESIGN_GEOMETRIC_PRESENTATION_REPRESENTATION (  '', ( #5648 ), #8638 ) ;
#7484 = ORIENTED_EDGE ( 'NONE', *, *, #2739, .T. ) ;
#7485 = EDGE_LOOP ( 'NONE', ( #3670, #2290, #1728, #180 ) ) ;
#7486 = EDGE_CURVE ( 'NONE', #1910, #7509, #5977, .T. ) ;
#7487 = DIRECTION ( 'NONE',  ( 1.000000000000000000, -0.000000000000000000, -0.000000000000000000 ) ) ;
#7488 = ORIENTED_EDGE ( 'NONE', *, *, #8096, .F. ) ;
#7489 = AXIS2_PLACEMENT_3D ( 'NONE', #1457, #5559, #565 ) ;
#7490 = DIRECTION ( 'NONE',  ( -1.000000000000000000, 0.000000000000000000, 0.000000000000000000 ) ) ;
#7491 = CARTESIAN_POINT ( 'NONE',  ( -21.94999999999997087, -60.25000000000004974, 8.527141729315120600 ) ) ;
#7492 = VECTOR ( 'NONE', #1801, 1000.000000000000000 ) ;
#7493 = FACE_OUTER_BOUND ( 'NONE', #5908, .T. ) ;
#7494 = PRESENTATION_STYLE_ASSIGNMENT (( #4765 ) ) ;
#7495 = VECTOR ( 'NONE', #2929, 1000.000000000000000 ) ;
#7496 = EDGE_CURVE ( 'NONE', #4046, #466, #2526, .T. ) ;
#7497 = CARTESIAN_POINT ( 'NONE',  ( -50.50000000000002132, 64.78362978644214820, 4.500000000000000000 ) ) ;
#7498 = CARTESIAN_POINT ( 'NONE',  ( 43.50000000000000000, 35.59746190924776243, 22.77262919084600412 ) ) ;
#7499 = DIRECTION ( 'NONE',  ( 0.000000000000000000, 0.000000000000000000, -1.000000000000000000 ) ) ;
#7500 = CARTESIAN_POINT ( 'NONE',  ( 0.000000000000000000, 62.15058174320375883, 31.79999999999997939 ) ) ;
#7501 = CARTESIAN_POINT ( 'NONE',  ( 36.14999999999999147, 49.18588027307566790, -17.16363098989343072 ) ) ;
#7502 = AXIS2_PLACEMENT_3D ( 'NONE', #1340, #6069, #3234 ) ;
#7503 = LINE ( 'NONE', #5158, #2170 ) ;
#7504 = DIRECTION ( 'NONE',  ( -0.000000000000000000, -0.000000000000000000, 1.000000000000000000 ) ) ;
#7505 = DIRECTION ( 'NONE',  ( 0.7071067811865487940, -0.7000206128819614904, 0.09985560344998711813 ) ) ;
#7506 = DIRECTION ( 'NONE',  ( 0.000000000000000000, 0.1470117858375539210, -0.9891347404802105503 ) ) ;
#7507 = UNCERTAINTY_MEASURE_WITH_UNIT (LENGTH_MEASURE( 1.000000000000000082E-05 ), #6838, 'distance_accuracy_value', 'NONE');
#7508 = ORIENTED_EDGE ( 'NONE', *, *, #1680, .F. ) ;
#7509 = VERTEX_POINT ( 'NONE', #7236 ) ;
#7510 = CARTESIAN_POINT ( 'NONE',  ( 50.50000000000000000, -65.00000000000002842, 19.99999999999997868 ) ) ;
#7511 = DIRECTION ( 'NONE',  ( -0.000000000000000000, -0.1470117858375538933, 0.9891347404802104393 ) ) ;
#7512 = ORIENTED_EDGE ( 'NONE', *, *, #7148, .T. ) ;
#7513 = CIRCLE ( 'NONE', #8811, 5.000000000000011546 ) ;
#7514 = EDGE_CURVE ( 'NONE', #1255, #6911, #1075, .T. ) ;
#7515 = CARTESIAN_POINT ( 'NONE',  ( 38.69999999999996732, -63.77133123440134455, 31.99999999999998579 ) ) ;
#7516 = EDGE_CURVE ( 'NONE', #735, #7445, #244, .T. ) ;
#7517 = ORIENTED_EDGE ( 'NONE', *, *, #1869, .T. ) ;
#7518 = VECTOR ( 'NONE', #1591, 999.9999999999998863 ) ;
#7519 = LINE ( 'NONE', #1365, #8839 ) ;
#7520 = ORIENTED_EDGE ( 'NONE', *, *, #7358, .F. ) ;
#7521 = DIRECTION ( 'NONE',  ( -0.000000000000000000, -0.1470117858375538933, 0.9891347404802104393 ) ) ;
#7522 = CARTESIAN_POINT ( 'NONE',  ( 46.45876991486272090, -71.95184441433913491, 20.00000000000000000 ) ) ;
#7523 = CARTESIAN_POINT ( 'NONE',  ( 31.13375866546478932, -53.61515718961152288, 31.89999999999998437 ) ) ;
#7524 = VERTEX_POINT ( 'NONE', #5889 ) ;
#7525 = EDGE_CURVE ( 'NONE', #4584, #6365, #3918, .T. ) ;
#7526 = AXIS2_PLACEMENT_3D ( 'NONE', #3614, #5586, #3520 ) ;
#7527 = ORIENTED_EDGE ( 'NONE', *, *, #1997, .T. ) ;
#7528 = VECTOR ( 'NONE', #2996, 1000.000000000000000 ) ;
#7529 = ORIENTED_EDGE ( 'NONE', *, *, #8186, .T. ) ;
#7530 = LINE ( 'NONE', #4132, #236 ) ;
#7531 = LINE ( 'NONE', #5531, #8241 ) ;
#7532 = VERTEX_POINT ( 'NONE', #994 ) ;
#7533 = COLOUR_RGB ( '',0.6470588235294117974, 0.6196078431372549211, 0.5999999999999999778 ) ;
#7534 = DIRECTION ( 'NONE',  ( 1.000000000000000000, 0.000000000000000000, 0.000000000000000000 ) ) ;
#7535 = VECTOR ( 'NONE', #532, 1000.000000000000000 ) ;
#7536 = DIRECTION ( 'NONE',  ( 0.000000000000000000, -0.9986295347545737222, 0.05233595624294712367 ) ) ;
#7537 = FACE_OUTER_BOUND ( 'NONE', #3825, .T. ) ;
#7538 = DIRECTION ( 'NONE',  ( -0.000000000000000000, -0.1412171486779217056, -0.9899786446783980232 ) ) ;
#7539 = AXIS2_PLACEMENT_3D ( 'NONE', #3061, #8040, #1798 ) ;
#7540 = ADVANCED_FACE ( 'NONE', ( #8579 ), #8620, .T. ) ;
#7541 =( NAMED_UNIT ( * ) SI_UNIT ( $, .STERADIAN. ) SOLID_ANGLE_UNIT ( ) );
#7542 = DIRECTION ( 'NONE',  ( -0.000000000000000000, 1.000000000000000000, -0.000000000000000000 ) ) ;
#7543 = VECTOR ( 'NONE', #398, 1000.000000000000000 ) ;
#7544 = DIRECTION ( 'NONE',  ( -0.000000000000000000, -0.1470117858375538933, 0.9891347404802104393 ) ) ;
#7545 = CARTESIAN_POINT ( 'NONE',  ( 39.19999999999998153, -72.12151163551486377, 14.85182430038964796 ) ) ;
#7546 = SURFACE_SIDE_STYLE ('',( #4817 ) ) ;
#7547 = FILL_AREA_STYLE ('',( #3427 ) ) ;
#7548 = CARTESIAN_POINT ( 'NONE',  ( -17.99999999999999645, -56.50000000000004263, -8.572527594031453468E-16 ) ) ;
#7549 = CYLINDRICAL_SURFACE ( 'NONE', #2785, 0.7500000000000006661 ) ;
#7550 = DIRECTION ( 'NONE',  ( 0.000000000000000000, -0.9891347404802105503, -0.1470117858375536157 ) ) ;
#7551 = EDGE_CURVE ( 'NONE', #3552, #5900, #2516, .T. ) ;
#7552 = EDGE_CURVE ( 'NONE', #4431, #1460, #7613, .T. ) ;
#7553 = AXIS2_PLACEMENT_3D ( 'NONE', #8357, #7105, #951 ) ;
#7554 = DIRECTION ( 'NONE',  ( 0.000000000000000000, 0.7758451142123504729, -0.6309234175023342717 ) ) ;
#7555 = FILL_AREA_STYLE ('',( #4827 ) ) ;
#7556 = CIRCLE ( 'NONE', #1258, 2.500000000000002220 ) ;
#7557 = ORIENTED_EDGE ( 'NONE', *, *, #7329, .T. ) ;
#7558 = AXIS2_PLACEMENT_3D ( 'NONE', #2112, #8209, #2065 ) ;
#7559 = FILL_AREA_STYLE_COLOUR ( '', #7863 ) ;
#7560 = LINE ( 'NONE', #6268, #5976 ) ;
#7561 = SURFACE_SIDE_STYLE ('',( #782 ) ) ;
#7562 = ORIENTED_EDGE ( 'NONE', *, *, #7238, .T. ) ;
#7563 = CARTESIAN_POINT ( 'NONE',  ( 40.20000000000000284, 59.19999999999998863, 0.000000000000000000 ) ) ;
#7564 = CIRCLE ( 'NONE', #113, 7.999999999999992895 ) ;
#7565 = VERTEX_POINT ( 'NONE', #3228 ) ;
#7566 = LINE ( 'NONE', #77, #3113 ) ;
#7567 = LINE ( 'NONE', #5608, #3166 ) ;
#7568 = PLANE ( 'NONE',  #3682 ) ;
#7569 = ORIENTED_EDGE ( 'NONE', *, *, #4446, .T. ) ;
#7570 = EDGE_CURVE ( 'NONE', #5194, #735, #6483, .T. ) ;
#7571 = EDGE_CURVE ( 'NONE', #7582, #7935, #97, .T. ) ;
#7572 = PLANE ( 'NONE',  #3838 ) ;
#7573 = AXIS2_PLACEMENT_3D ( 'NONE', #627, #3370, #6113 ) ;
#7574 = FACE_BOUND ( 'NONE', #1092, .T. ) ;
#7575 = LINE ( 'NONE', #4044, #3284 ) ;
#7576 = VERTEX_POINT ( 'NONE', #7908 ) ;
#7577 = ORIENTED_EDGE ( 'NONE', *, *, #5517, .T. ) ;
#7578 = ORIENTED_EDGE ( 'NONE', *, *, #8749, .T. ) ;
#7579 = FILL_AREA_STYLE_COLOUR ( '', #7837 ) ;
#7580 = FACE_OUTER_BOUND ( 'NONE', #8787, .T. ) ;
#7581 = CARTESIAN_POINT ( 'NONE',  ( -29.99999999999999645, -49.56703924609839618, 10.11491443023259684 ) ) ;
#7582 = VERTEX_POINT ( 'NONE', #8252 ) ;
#7583 = EDGE_CURVE ( 'NONE', #5921, #1413, #6022, .T. ) ;
#7584 = EDGE_CURVE ( 'NONE', #1700, #5579, #4714, .T. ) ;
#7585 = DIRECTION ( 'NONE',  ( 0.000000000000000000, 0.9899786446783980232, -0.1412171486779216223 ) ) ;
#7586 = PRESENTATION_STYLE_ASSIGNMENT (( #761 ) ) ;
#7587 = DIRECTION ( 'NONE',  ( -0.000000000000000000, 0.000000000000000000, -1.000000000000000000 ) ) ;
#7588 = ORIENTED_EDGE ( 'NONE', *, *, #2444, .F. ) ;
#7589 = AXIS2_PLACEMENT_3D ( 'NONE', #1891, #8715, #3321 ) ;
#7590 = EDGE_LOOP ( 'NONE', ( #5186, #5432, #7346, #1510 ) ) ;
#7591 = VECTOR ( 'NONE', #405, 999.9999999999998863 ) ;
#7592 = DIRECTION ( 'NONE',  ( 0.000000000000000000, 0.000000000000000000, 1.000000000000000000 ) ) ;
#7593 = EDGE_CURVE ( 'NONE', #7654, #2035, #6740, .T. ) ;
#7594 = CYLINDRICAL_SURFACE ( 'NONE', #6830, 1.649999999999988809 ) ;
#7595 = CARTESIAN_POINT ( 'NONE',  ( -16.19999999999999218, -56.50000000000006395, 9.084491678042201812 ) ) ;
#7596 = CARTESIAN_POINT ( 'NONE',  ( 46.49999999999998579, 65.99999999999998579, 0.8508893593264671429 ) ) ;
#7597 = SURFACE_STYLE_USAGE ( .BOTH. , #6122 ) ;
#7598 = CYLINDRICAL_SURFACE ( 'NONE', #6476, 2.300000000000004263 ) ;
#7599 = CARTESIAN_POINT ( 'NONE',  ( 34.64999999999999147, -67.59565850765199002, 27.97978867585624485 ) ) ;
#7600 = PLANE ( 'NONE',  #2752 ) ;
#7601 = VECTOR ( 'NONE', #2100, 999.9999999999998863 ) ;
#7602 = CARTESIAN_POINT ( 'NONE',  ( 41.49999999999999289, -58.00000000000002132, 0.000000000000000000 ) ) ;
#7603 = CARTESIAN_POINT ( 'NONE',  ( 40.99999999999999289, 46.01751278847819293, 6.839428904855050284 ) ) ;
#7604 = VERTEX_POINT ( 'NONE', #663 ) ;
#7605 = EDGE_CURVE ( 'NONE', #91, #4110, #6191, .T. ) ;
#7606 = CARTESIAN_POINT ( 'NONE',  ( 53.55544509532629860, -58.70265283693832004, 22.61089019065257588 ) ) ;
#7607 = VECTOR ( 'NONE', #8392, 1000.000000000000114 ) ;
#7608 = ORIENTED_EDGE ( 'NONE', *, *, #8412, .F. ) ;
#7609 = DIRECTION ( 'NONE',  ( 0.000000000000000000, 0.9891347404802104393, 0.1470117858375541431 ) ) ;
#7610 = CARTESIAN_POINT ( 'NONE',  ( 50.49999999999999289, -59.00000000000003553, 1.499999999999987566 ) ) ;
#7611 = VERTEX_POINT ( 'NONE', #4090 ) ;
#7612 = DIRECTION ( 'NONE',  ( 1.000000000000000000, 1.792995840802902192E-16, -0.000000000000000000 ) ) ;
#7613 = B_SPLINE_CURVE_WITH_KNOTS ( 'NONE', 3,
 ( #4496, #1845, #3874, #6611, #7193, #8665, #6655, #497, #3744, #5803 ),
 .UNSPECIFIED., .F., .F.,
 ( 4, 2, 2, 2, 4 ),
 ( 0.000000000000000000, 0.2500000000000000000, 0.5000000000000000000, 0.7500000000000000000, 1.000000000000000000 ),
 .UNSPECIFIED. ) ;
#7614 = AXIS2_PLACEMENT_3D ( 'NONE', #6014, #1915, #8821 ) ;
#7615 = ORIENTED_EDGE ( 'NONE', *, *, #2488, .T. ) ;
#7616 = EDGE_CURVE ( 'NONE', #438, #1022, #6063, .T. ) ;
#7617 = CARTESIAN_POINT ( 'NONE',  ( -33.64999999999999858, -45.90674596150292786, -1.809588733309567932 ) ) ;
#7618 = CARTESIAN_POINT ( 'NONE',  ( -26.44999999999998863, -62.75000000000005684, 8.155575096830386173 ) ) ;
#7619 = ORIENTED_EDGE ( 'NONE', *, *, #1385, .F. ) ;
#7620 = LINE ( 'NONE', #2903, #1817 ) ;
#7621 = DIRECTION ( 'NONE',  ( 0.000000000000000000, 0.000000000000000000, -1.000000000000000000 ) ) ;
#7622 = LINE ( 'NONE', #1287, #567 ) ;
#7623 = ORIENTED_EDGE ( 'NONE', *, *, #5916, .T. ) ;
#7624 = ORIENTED_EDGE ( 'NONE', *, *, #3652, .T. ) ;
#7625 = COLOUR_RGB ( '',0.2980392156862745057, 0.2980392156862745057, 0.2980392156862745057 ) ;
#7626 = ORIENTED_EDGE ( 'NONE', *, *, #2793, .T. ) ;
#7627 = PLANE ( 'NONE',  #6832 ) ;
#7628 = CARTESIAN_POINT ( 'NONE',  ( -31.69999999999999218, -66.00000000000002842, 10.20000000000000107 ) ) ;
#7629 = CARTESIAN_POINT ( 'NONE',  ( 43.50000000000000000, 52.04522303281746787, 27.74466640128494888 ) ) ;
#7630 = ORIENTED_EDGE ( 'NONE', *, *, #3075, .T. ) ;
#7631 = DIRECTION ( 'NONE',  ( 0.000000000000000000, 0.9891347404802104393, 0.1470117858375539210 ) ) ;
#7632 = DIRECTION ( 'NONE',  ( 0.000000000000000000, -0.9891347404802105503, -0.1470117858375536157 ) ) ;
#7633 = VERTEX_POINT ( 'NONE', #621 ) ;
#7634 = CLOSED_SHELL ( 'NONE', ( #8130, #1601, #470, #1285, #8832, #4567, #6866, #6623, #2570, #5230, #7, #6755, #6325, #65, #7969, #2036, #7179, #4408, #780, #6242, #5560, #4569, #3086, #7229, #2881, #6542, #569, #5347, #1765, #4678, #5697, #2087, #7833, #4016, #3869, #6798, #3443, #936, #3976, #6845, #8853, #8055, #3702, #5395, #5790, #2665, #1010, #3897, #2975, #8570, #1484, #4670, #1320, #5361, #2773, #4826, #6778, #3610, #7377, #229, #4591, #2397, #3922, #7637, #4474, #2149, #6566, #2047, #3917 ) ) ;
#7635 = DIRECTION ( 'NONE',  ( 1.000000000000000000, 0.000000000000000000, 0.000000000000000000 ) ) ;
#7636 = ORIENTED_EDGE ( 'NONE', *, *, #281, .T. ) ;
#7637 = ADVANCED_FACE ( 'NONE', ( #1335 ), #43, .F. ) ;
#7638 = EDGE_CURVE ( 'NONE', #2574, #7278, #3545, .T. ) ;
#7639 = SURFACE_STYLE_FILL_AREA ( #7061 ) ;
#7640 = LINE ( 'NONE', #1489, #5562 ) ;
#7641 = CARTESIAN_POINT ( 'NONE',  ( -30.00000000000009592, 3.558868336046616676, -23.94502106020633292 ) ) ;
#7642 = CARTESIAN_POINT ( 'NONE',  ( 34.64999999999999147, -69.35617686809909799, 24.66873520263527197 ) ) ;
#7643 = LINE ( 'NONE', #1540, #4005 ) ;
#7644 = DIRECTION ( 'NONE',  ( 0.000000000000000000, 0.9986295347545737222, -0.05233595624294711673 ) ) ;
#7645 = CARTESIAN_POINT ( 'NONE',  ( 36.14999999999999147, 49.18588027307566790, -17.16363098989343072 ) ) ;
#7646 = SURFACE_STYLE_USAGE ( .BOTH. , #4917 ) ;
#7647 = LINE ( 'NONE', #107, #5069 ) ;
#7648 = VECTOR ( 'NONE', #6222, 1000.000000000000114 ) ;
#7649 = PLANE ( 'NONE',  #4940 ) ;
#7650 = FACE_OUTER_BOUND ( 'NONE', #8035, .T. ) ;
#7651 = ORIENTED_EDGE ( 'NONE', *, *, #4026, .F. ) ;
#7652 = STYLED_ITEM ( 'NONE', ( #626 ), #1285 ) ;
#7653 = CARTESIAN_POINT ( 'NONE',  ( -21.94999999999997087, -60.25000000000004974, -30.80000000000000426 ) ) ;
#7654 = VERTEX_POINT ( 'NONE', #5441 ) ;
#7655 = LINE ( 'NONE', #2137, #5143 ) ;
#7656 = CARTESIAN_POINT ( 'NONE',  ( -29.49999999999997868, -71.95184441433913491, 20.00000000000000000 ) ) ;
#7657 = CARTESIAN_POINT ( 'NONE',  ( 43.50000000000000000, -63.50000000000002842, 10.19999999999999396 ) ) ;
#7658 = LINE ( 'NONE', #4252, #2610 ) ;
#7659 = DIRECTION ( 'NONE',  ( -0.000000000000000000, -0.1470117858375538933, 0.9891347404802104393 ) ) ;
#7660 = EDGE_CURVE ( 'NONE', #7223, #581, #1257, .T. ) ;
#7661 = CIRCLE ( 'NONE', #4943, 0.9999999999999971134 ) ;
#7662 = VERTEX_POINT ( 'NONE', #8123 ) ;
#7663 = FACE_OUTER_BOUND ( 'NONE', #4799, .T. ) ;
#7664 = DIRECTION ( 'NONE',  ( 1.000000000000000000, 0.000000000000000000, 0.000000000000000000 ) ) ;
#7665 = ORIENTED_EDGE ( 'NONE', *, *, #5529, .T. ) ;
#7666 = AXIS2_PLACEMENT_3D ( 'NONE', #6045, #8020, #4653 ) ;
#7667 = DIRECTION ( 'NONE',  ( -0.000000000000000000, -0.000000000000000000, -1.000000000000000000 ) ) ;
#7668 = CARTESIAN_POINT ( 'NONE',  ( -45.20000000000000284, 59.19999999999996021, 0.000000000000000000 ) ) ;
#7669 = CARTESIAN_POINT ( 'NONE',  ( 50.49999999999999289, 71.47194596706158620, 29.15700786872882944 ) ) ;
#7670 = EDGE_LOOP ( 'NONE', ( #5991, #1990, #8655, #5974, #6105, #5162 ) ) ;
#7671 = EDGE_CURVE ( 'NONE', #5620, #1883, #6867, .T. ) ;
#7672 = ORIENTED_EDGE ( 'NONE', *, *, #1584, .F. ) ;
#7673 = AXIS2_PLACEMENT_3D ( 'NONE', #59, #1348, #4876 ) ;
#7674 = ORIENTED_EDGE ( 'NONE', *, *, #4909, .T. ) ;
#7675 = LINE ( 'NONE', #3004, #4261 ) ;
#7676 = CARTESIAN_POINT ( 'NONE',  ( 34.50000000000000000, -41.32965872793112538, -8.673617379884035472E-15 ) ) ;
#7677 = CARTESIAN_POINT ( 'NONE',  ( 38.50000000000000000, -66.00000000000002842, 10.20000000000000107 ) ) ;
#7678 = VERTEX_POINT ( 'NONE', #580 ) ;
#7679 = PLANE ( 'NONE',  #3585 ) ;
#7680 = ORIENTED_EDGE ( 'NONE', *, *, #5612, .T. ) ;
#7681 = AXIS2_PLACEMENT_3D ( 'NONE', #8786, #5431, #1108 ) ;
#7682 = EDGE_LOOP ( 'NONE', ( #7981, #3673, #6766, #8121 ) ) ;
#7683 = PRESENTATION_LAYER_ASSIGNMENT (  '', '', ( #6703 ) ) ;
#7684 =( GEOMETRIC_REPRESENTATION_CONTEXT ( 3 ) GLOBAL_UNCERTAINTY_ASSIGNED_CONTEXT ( ( #6801 ) ) GLOBAL_UNIT_ASSIGNED_CONTEXT ( ( #1981, #5950, #6163 ) ) REPRESENTATION_CONTEXT ( 'NONE', 'WORKASPACE' ) );
#7685 = DIRECTION ( 'NONE',  ( -1.000000000000000000, 0.000000000000000000, 0.000000000000000000 ) ) ;
#7686 = CARTESIAN_POINT ( 'NONE',  ( 43.50000000000000000, 49.93991564621082091, 24.90430008549053653 ) ) ;
#7687 = CARTESIAN_POINT ( 'NONE',  ( -33.64999999999999858, -43.69486764395684020, -12.32734606595275118 ) ) ;
#7688 = VECTOR ( 'NONE', #1264, 1000.000000000000000 ) ;
#7689 = EDGE_CURVE ( 'NONE', #4050, #3992, #6103, .T. ) ;
#7690 = CARTESIAN_POINT ( 'NONE',  ( 38.69999999999996021, 67.22866876559864124, 31.89999999999998437 ) ) ;
#7691 = EDGE_CURVE ( 'NONE', #135, #6514, #709, .T. ) ;
#7692 = CARTESIAN_POINT ( 'NONE',  ( -38.50000000000000000, 53.99999999999996447, 1.084202172485504434E-15 ) ) ;
#7693 = PRESENTATION_LAYER_ASSIGNMENT (  '', '', ( #3102 ) ) ;
#7694 = DIRECTION ( 'NONE',  ( -9.912705577010325549E-17, 1.000000000000000000, 0.000000000000000000 ) ) ;
#7695 = AXIS2_PLACEMENT_3D ( 'NONE', #2690, #5443, #8167 ) ;
#7696 = DIRECTION ( 'NONE',  ( -0.000000000000000000, -0.000000000000000000, 1.000000000000000000 ) ) ;
#7697 = DIRECTION ( 'NONE',  ( -1.000000000000000000, -0.000000000000000000, -0.000000000000000000 ) ) ;
#7698 = AXIS2_PLACEMENT_3D ( 'NONE', #7359, #3318, #8797 ) ;
#7699 = UNCERTAINTY_MEASURE_WITH_UNIT (LENGTH_MEASURE( 1.000000000000000082E-05 ), #4247, 'distance_accuracy_value', 'NONE');
#7700 = VERTEX_POINT ( 'NONE', #2643 ) ;
#7701 = CONICAL_SURFACE ( 'NONE', #98, 2.024999999999999023, 0.7853981633974489451 ) ;
#7702 = CARTESIAN_POINT ( 'NONE',  ( 34.00000000000000711, 45.56118756361610167, 24.25350438620413485 ) ) ;
#7703 = ORIENTED_EDGE ( 'NONE', *, *, #844, .T. ) ;
#7704 = EDGE_CURVE ( 'NONE', #7171, #6062, #1210, .T. ) ;
#7705 = FILL_AREA_STYLE ('',( #5021 ) ) ;
#7706 = CARTESIAN_POINT ( 'NONE',  ( 1.420106199622615831E-13, -43.99976026781087768, 13.46982199645847444 ) ) ;
#7707 = SURFACE_SIDE_STYLE ('',( #4976 ) ) ;
#7708 = COLOUR_RGB ( '',0.7921568627450980005, 0.8196078431372548767, 0.9333333333333333481 ) ;
#7709 = UNCERTAINTY_MEASURE_WITH_UNIT (LENGTH_MEASURE( 1.000000000000000082E-05 ), #693, 'distance_accuracy_value', 'NONE');
#7710 = CIRCLE ( 'NONE', #7411, 2.299999999999997602 ) ;
#7711 = EDGE_LOOP ( 'NONE', ( #4836, #8066, #5927, #6334, #933 ) ) ;
#7712 = DIRECTION ( 'NONE',  ( -1.000000000000000000, 0.000000000000000000, 0.000000000000000000 ) ) ;
#7713 = CARTESIAN_POINT ( 'NONE',  ( 26.25000000000000355, -25.57133123440134170, 20.00000000000000000 ) ) ;
#7714 = CARTESIAN_POINT ( 'NONE',  ( 34.64999999999999147, -71.20498998783209288, 21.40462888569288324 ) ) ;
#7715 = VERTEX_POINT ( 'NONE', #3411 ) ;
#7716 = EDGE_CURVE ( 'NONE', #7278, #6042, #8079, .T. ) ;
#7717 = FACE_OUTER_BOUND ( 'NONE', #215, .T. ) ;
#7718 = CARTESIAN_POINT ( 'NONE',  ( -50.50000000000000711, -66.00000000000002842, 4.500000000000000000 ) ) ;
#7719 = CARTESIAN_POINT ( 'NONE',  ( -33.64999999999999858, -45.64661796867636667, -11.67013934812555753 ) ) ;
#7720 = VERTEX_POINT ( 'NONE', #1926 ) ;
#7721 = VECTOR ( 'NONE', #3403, 1000.000000000000000 ) ;
#7722 = ORIENTED_EDGE ( 'NONE', *, *, #7593, .F. ) ;
#7723 = PRODUCT ( 'PAX IM30', 'PAX IM30', '', ( #7737 ) ) ;
#7724 = ORIENTED_EDGE ( 'NONE', *, *, #5065, .T. ) ;
#7725 = FACE_OUTER_BOUND ( 'NONE', #317, .T. ) ;
#7726 = CYLINDRICAL_SURFACE ( 'NONE', #2589, 4.000000000000003553 ) ;
#7727 = DIRECTION ( 'NONE',  ( 1.000000000000000000, 0.000000000000000000, 0.000000000000000000 ) ) ;
#7728 = VECTOR ( 'NONE', #7468, 1000.000000000000000 ) ;
#7729 = EDGE_CURVE ( 'NONE', #8684, #3142, #4757, .T. ) ;
#7730 = CARTESIAN_POINT ( 'NONE',  ( 52.79999999999999005, 58.99999999999995737, 1.500000000000000000 ) ) ;
#7731 = EDGE_CURVE ( 'NONE', #3170, #4004, #6151, .T. ) ;
#7732 = CARTESIAN_POINT ( 'NONE',  ( 41.69999999999999574, -60.77133123440132323, 31.89999999999998437 ) ) ;
#7733 = ORIENTED_EDGE ( 'NONE', *, *, #6423, .F. ) ;
#7734 = DIRECTION ( 'NONE',  ( 0.000000000000000000, -0.000000000000000000, 1.000000000000000000 ) ) ;
#7735 = COLOUR_RGB ( '',0.1019607843137254888, 0.1019607843137254888, 0.1019607843137254888 ) ;
#7736 = ORIENTED_EDGE ( 'NONE', *, *, #2529, .T. ) ;
#7737 = PRODUCT_CONTEXT ( 'NONE', #2233, 'mechanical' ) ;
#7738 = ORIENTED_EDGE ( 'NONE', *, *, #8210, .F. ) ;
#7739 = CARTESIAN_POINT ( 'NONE',  ( -43.50000000000002132, 72.99999999999997158, 0.000000000000000000 ) ) ;
#7740 = CARTESIAN_POINT ( 'NONE',  ( 34.00000000000000711, 35.22993244465388329, 25.24546604204652667 ) ) ;
#7741 = EDGE_CURVE ( 'NONE', #5440, #4610, #5483, .T. ) ;
#7742 = CARTESIAN_POINT ( 'NONE',  ( -46.45876991486268537, -71.95184441433914913, 19.99999999999997868 ) ) ;
#7743 = DIRECTION ( 'NONE',  ( 0.000000000000000000, -0.3162277660168388849, 0.9486832980505135460 ) ) ;
#7744 = VECTOR ( 'NONE', #8457, 1000.000000000000227 ) ;
#7745 = CARTESIAN_POINT ( 'NONE',  ( 38.65000000000000568, 46.45826158699157560, -14.98514870495965923 ) ) ;
#7746 = FACE_OUTER_BOUND ( 'NONE', #6945, .T. ) ;
#7747 = CARTESIAN_POINT ( 'NONE',  ( -38.49999999999999289, -63.50000000000002842, 8.044105107084975614 ) ) ;
#7748 = LINE ( 'NONE', #240, #8342 ) ;
#7749 = CARTESIAN_POINT ( 'NONE',  ( 41.69999999999998153, 64.22866876559862703, 31.89999999999998437 ) ) ;
#7750 = ORIENTED_EDGE ( 'NONE', *, *, #5407, .F. ) ;
#7751 = ORIENTED_EDGE ( 'NONE', *, *, #585, .F. ) ;
#7752 = CARTESIAN_POINT ( 'NONE',  ( -38.49999999999999289, -66.00000000000002842, 10.20000000000000107 ) ) ;
#7753 = DIRECTION ( 'NONE',  ( 0.000000000000000000, -0.9891347404802104393, -0.1470117858375541431 ) ) ;
#7754 = CARTESIAN_POINT ( 'NONE',  ( 31.13375866546478932, 57.07249472080884800, 31.89999999999998437 ) ) ;
#7755 = ORIENTED_EDGE ( 'NONE', *, *, #6672, .F. ) ;
#7756 = LINE ( 'NONE', #162, #1185 ) ;
#7757 = EDGE_CURVE ( 'NONE', #4069, #2134, #7530, .T. ) ;
#7758 = ADVANCED_FACE ( 'NONE', ( #540 ), #2303, .F. ) ;
#7759 = VECTOR ( 'NONE', #6550, 1000.000000000000114 ) ;
#7760 = ORIENTED_EDGE ( 'NONE', *, *, #4123, .F. ) ;
#7761 = CARTESIAN_POINT ( 'NONE',  ( -33.99999999999999289, 47.76381921715434942, 24.58087415664791919 ) ) ;
#7762 = EDGE_LOOP ( 'NONE', ( #6537, #3873, #964, #4743 ) ) ;
#7763 = DIRECTION ( 'NONE',  ( 2.552783195649319059E-16, 0.4694715627858938589, 0.8829475928589253231 ) ) ;
#7764 = LINE ( 'NONE', #1517, #8036 ) ;
#7765 = VERTEX_POINT ( 'NONE', #5038 ) ;
#7766 = VECTOR ( 'NONE', #2382, 1000.000000000000000 ) ;
#7767 = ORIENTED_EDGE ( 'NONE', *, *, #290, .T. ) ;
#7768 = ADVANCED_FACE ( 'NONE', ( #7725 ), #7770, .T. ) ;
#7769 = ORIENTED_EDGE ( 'NONE', *, *, #5626, .F. ) ;
#7770 = CYLINDRICAL_SURFACE ( 'NONE', #1368, 4.000000000000003553 ) ;
#7771 =( LENGTH_UNIT ( ) NAMED_UNIT ( * ) SI_UNIT ( .MILLI., .METRE. ) );
#7772 = ORIENTED_EDGE ( 'NONE', *, *, #856, .T. ) ;
#7773 = FILL_AREA_STYLE_COLOUR ( '', #3850 ) ;
#7774 =( NAMED_UNIT ( * ) PLANE_ANGLE_UNIT ( ) SI_UNIT ( $, .RADIAN. ) );
#7775 = CARTESIAN_POINT ( 'NONE',  ( 38.44999999999998153, -51.11515718961152288, 31.89999999999998437 ) ) ;
#7776 = VERTEX_POINT ( 'NONE', #4993 ) ;
#7777 = ORIENTED_EDGE ( 'NONE', *, *, #7913, .F. ) ;
#7778 = EDGE_CURVE ( 'NONE', #3305, #8480, #1617, .T. ) ;
#7779 = VERTEX_POINT ( 'NONE', #4314 ) ;
#7780 = VECTOR ( 'NONE', #8139, 1000.000000000000000 ) ;
#7781 = FACE_OUTER_BOUND ( 'NONE', #8038, .T. ) ;
#7782 = PLANE ( 'NONE',  #3180 ) ;
#7783 = CARTESIAN_POINT ( 'NONE',  ( -1.173589135065509261E-14, 54.85394306989304170, -16.32120578744327233 ) ) ;
#7784 = DIRECTION ( 'NONE',  ( 1.000000000000000000, 0.000000000000000000, 0.000000000000000000 ) ) ;
#7785 = CARTESIAN_POINT ( 'NONE',  ( 43.50000000000000711, -50.00000000000001421, -11.00000000000001066 ) ) ;
#7786 = ADVANCED_FACE ( 'NONE', ( #3601 ), #7627, .T. ) ;
#7787 = AXIS2_PLACEMENT_3D ( 'NONE', #6447, #1759, #3837 ) ;
#7788 = ORIENTED_EDGE ( 'NONE', *, *, #4490, .F. ) ;
#7789 =( NAMED_UNIT ( * ) PLANE_ANGLE_UNIT ( ) SI_UNIT ( $, .RADIAN. ) );
#7790 = CARTESIAN_POINT ( 'NONE',  ( -38.49999999999999289, -66.00000000000002842, 10.20000000000000107 ) ) ;
#7791 = AXIS2_PLACEMENT_3D ( 'NONE', #8238, #5468, #4116 ) ;
#7792 = VECTOR ( 'NONE', #6616, 1000.000000000000000 ) ;
#7793 = DIRECTION ( 'NONE',  ( 1.000000000000000000, 0.000000000000000000, 0.000000000000000000 ) ) ;
#7794 = FACE_OUTER_BOUND ( 'NONE', #7590, .T. ) ;
#7795 = AXIS2_PLACEMENT_3D ( 'NONE', #593, #682, #2030 ) ;
#7796 = ORIENTED_EDGE ( 'NONE', *, *, #6095, .T. ) ;
#7797 = ORIENTED_EDGE ( 'NONE', *, *, #4048, .F. ) ;
#7798 = DIRECTION ( 'NONE',  ( 1.000000000000000000, 3.394463650527552776E-15, 5.045077710873324387E-16 ) ) ;
#7799 = CYLINDRICAL_SURFACE ( 'NONE', #3550, 7.999999999999992895 ) ;
#7800 = EDGE_CURVE ( 'NONE', #1364, #6175, #8345, .T. ) ;
#7801 = DIRECTION ( 'NONE',  ( 2.413528314402512315E-15, -1.000000000000000000, -0.000000000000000000 ) ) ;
#7802 = FILL_AREA_STYLE_COLOUR ( '', #2864 ) ;
#7803 = EDGE_CURVE ( 'NONE', #1616, #7939, #7675, .T. ) ;
#7804 = ORIENTED_EDGE ( 'NONE', *, *, #8807, .T. ) ;
#7805 = AXIS2_PLACEMENT_3D ( 'NONE', #3497, #6372, #126 ) ;
#7806 = VERTEX_POINT ( 'NONE', #5713 ) ;
#7807 = ORIENTED_EDGE ( 'NONE', *, *, #8712, .F. ) ;
#7808 = CARTESIAN_POINT ( 'NONE',  ( 38.50000000000000000, -63.50000000000002842, 8.044105107084975614 ) ) ;
#7809 = DIRECTION ( 'NONE',  ( -0.000000000000000000, -0.1470117858375538933, 0.9891347404802104393 ) ) ;
#7810 = PRESENTATION_STYLE_ASSIGNMENT (( #5757 ) ) ;
#7811 = CARTESIAN_POINT ( 'NONE',  ( -29.49999999999999289, -12.41379277605159004, -2.647767772941383324 ) ) ;
#7812 = DIRECTION ( 'NONE',  ( -1.000000000000000000, 0.000000000000000000, 0.000000000000000000 ) ) ;
#7813 = EDGE_CURVE ( 'NONE', #1844, #3928, #6380, .T. ) ;
#7814 = ORIENTED_EDGE ( 'NONE', *, *, #5027, .T. ) ;
#7815 = DIRECTION ( 'NONE',  ( 0.000000000000000000, 0.9899786446783979121, -0.1412171486779219554 ) ) ;
#7816 = LINE ( 'NONE', #7020, #5133 ) ;
#7817 = CIRCLE ( 'NONE', #3678, 1.000000000000000888 ) ;
#7818 =( NAMED_UNIT ( * ) PLANE_ANGLE_UNIT ( ) SI_UNIT ( $, .RADIAN. ) );
#7819 = DIRECTION ( 'NONE',  ( -0.000000000000000000, 0.000000000000000000, 1.000000000000000000 ) ) ;
#7820 = ADVANCED_FACE ( 'NONE', ( #8300 ), #4543, .F. ) ;
#7821 = DIRECTION ( 'NONE',  ( -0.000000000000000000, -0.000000000000000000, 1.000000000000000000 ) ) ;
#7822 = DIRECTION ( 'NONE',  ( -1.000000000000000000, -0.000000000000000000, -0.000000000000000000 ) ) ;
#7823 = LINE ( 'NONE', #330, #5929 ) ;
#7824 = CIRCLE ( 'NONE', #2798, 2.300000000000011813 ) ;
#7825 = DIRECTION ( 'NONE',  ( -0.000000000000000000, -0.9986295347545737222, 0.05233595624294713061 ) ) ;
#7826 = STYLED_ITEM ( 'NONE', ( #7586 ), #7150 ) ;
#7827 = CARTESIAN_POINT ( 'NONE',  ( 34.50000000000000711, -12.41379277605159892, -2.647767772941379771 ) ) ;
#7828 = ORIENTED_EDGE ( 'NONE', *, *, #2529, .F. ) ;
#7829 = DIRECTION ( 'NONE',  ( 0.000000000000000000, 0.000000000000000000, 1.000000000000000000 ) ) ;
#7830 = EDGE_CURVE ( 'NONE', #8597, #1549, #2812, .T. ) ;
#7831 = VECTOR ( 'NONE', #4750, 1000.000000000000000 ) ;
#7832 = CARTESIAN_POINT ( 'NONE',  ( 34.50000000000000000, -41.12317347172513848, 1.447529538718347109 ) ) ;
#7833 = ADVANCED_FACE ( 'NONE', ( #1524 ), #4854, .F. ) ;
#7834 = VERTEX_POINT ( 'NONE', #6558 ) ;
#7835 = LINE ( 'NONE', #1769, #1922 ) ;
#7836 = LINE ( 'NONE', #1089, #5197 ) ;
#7837 = COLOUR_RGB ( '',0.1019607843137254888, 0.1019607843137254888, 0.1019607843137254888 ) ;
#7838 = CARTESIAN_POINT ( 'NONE',  ( 50.49999999999999289, 68.47605736279788857, 19.99999999999989697 ) ) ;
#7839 = COLOUR_RGB ( '',0.1019607843137254888, 0.1019607843137254888, 0.1019607843137254888 ) ;
#7840 = EDGE_LOOP ( 'NONE', ( #3862, #5354, #6281, #3916 ) ) ;
#7841 = DIRECTION ( 'NONE',  ( -1.000000000000000000, 0.000000000000000000, 0.000000000000000000 ) ) ;
#7842 = EDGE_LOOP ( 'NONE', ( #2411, #7750, #4904, #8750, #4381 ) ) ;
#7843 = AXIS2_PLACEMENT_3D ( 'NONE', #2093, #5607, #6181 ) ;
#7844 = DIRECTION ( 'NONE',  ( 0.000000000000000000, -0.9986295347545737222, 0.05233595624294712367 ) ) ;
#7845 = CARTESIAN_POINT ( 'NONE',  ( -50.50000000000002132, 65.99999999999995737, 0.000000000000000000 ) ) ;
#7846 = FILL_AREA_STYLE_COLOUR ( '', #1773 ) ;
#7847 = DIRECTION ( 'NONE',  ( -0.000000000000000000, -0.000000000000000000, 1.000000000000000000 ) ) ;
#7848 = ORIENTED_EDGE ( 'NONE', *, *, #8292, .F. ) ;
#7849 = AXIS2_PLACEMENT_3D ( 'NONE', #2848, #6218, #3484 ) ;
#7850 = VECTOR ( 'NONE', #4636, 1000.000000000000227 ) ;
#7851 = ORIENTED_EDGE ( 'NONE', *, *, #8649, .F. ) ;
#7852 = ADVANCED_FACE ( 'NONE', ( #1065, #311 ), #6473, .F. ) ;
#7853 = ORIENTED_EDGE ( 'NONE', *, *, #4164, .F. ) ;
#7854 = EDGE_CURVE ( 'NONE', #1294, #7441, #1679, .T. ) ;
#7855 = LINE ( 'NONE', #7940, #6269 ) ;
#7856 = SURFACE_STYLE_USAGE ( .BOTH. , #2959 ) ;
#7857 = VECTOR ( 'NONE', #1880, 999.9999999999998863 ) ;
#7858 = CIRCLE ( 'NONE', #4281, 2.500000000000002220 ) ;
#7859 = CARTESIAN_POINT ( 'NONE',  ( -50.50000000000002132, 65.99999999999997158, 0.8508893593264705846 ) ) ;
#7860 = DIRECTION ( 'NONE',  ( -0.000000000000000000, -0.1412171486779217056, -0.9899786446783980232 ) ) ;
#7861 = VERTEX_POINT ( 'NONE', #3776 ) ;
#7862 = ORIENTED_EDGE ( 'NONE', *, *, #208, .T. ) ;
#7863 = COLOUR_RGB ( '',0.7921568627450980005, 0.8196078431372548767, 0.9333333333333333481 ) ;
#7864 =( GEOMETRIC_REPRESENTATION_CONTEXT ( 3 ) GLOBAL_UNCERTAINTY_ASSIGNED_CONTEXT ( ( #5220 ) ) GLOBAL_UNIT_ASSIGNED_CONTEXT ( ( #868, #1500, #4242 ) ) REPRESENTATION_CONTEXT ( 'NONE', 'WORKASPACE' ) );
#7865 = EDGE_CURVE ( 'NONE', #2956, #5353, #8609, .T. ) ;
#7866 = VERTEX_POINT ( 'NONE', #4572 ) ;
#7867 = EDGE_CURVE ( 'NONE', #5746, #967, #485, .T. ) ;
#7868 = DIRECTION ( 'NONE',  ( -1.110223024625157033E-16, 1.000000000000000000, -0.000000000000000000 ) ) ;
#7869 = CARTESIAN_POINT ( 'NONE',  ( 46.49999999999998579, 65.99999999999998579, 0.8508893593264671429 ) ) ;
#7870 = CARTESIAN_POINT ( 'NONE',  ( -43.50000000000000000, 47.58692207615824543, 3.323905713299561526 ) ) ;
#7871 = AXIS2_PLACEMENT_3D ( 'NONE', #7690, #5680, #4872 ) ;
#7872 = CARTESIAN_POINT ( 'NONE',  ( 43.50000000000000000, -62.75000000000002842, 8.155575096830396831 ) ) ;
#7873 = DIRECTION ( 'NONE',  ( 0.000000000000000000, 0.000000000000000000, 1.000000000000000000 ) ) ;
#7874 =( NAMED_UNIT ( * ) SI_UNIT ( $, .STERADIAN. ) SOLID_ANGLE_UNIT ( ) );
#7875 = EDGE_CURVE ( 'NONE', #4584, #7278, #5792, .T. ) ;
#7876 = AXIS2_PLACEMENT_3D ( 'NONE', #1975, #4053, #545 ) ;
#7877 = DIRECTION ( 'NONE',  ( 0.000000000000000000, 2.434699615406044823E-15, 1.000000000000000000 ) ) ;
#7878 = PRESENTATION_STYLE_ASSIGNMENT (( #288 ) ) ;
#7879 = PLANE ( 'NONE',  #5734 ) ;
#7880 = CARTESIAN_POINT ( 'NONE',  ( -16.19999999999999218, -63.50000000000002842, 8.044105107084975614 ) ) ;
#7881 = EDGE_LOOP ( 'NONE', ( #3741, #7508, #2629, #6689 ) ) ;
#7882 = DIRECTION ( 'NONE',  ( 0.000000000000000000, 3.368395098984090689E-16, 1.000000000000000000 ) ) ;
#7883 = DIRECTION ( 'NONE',  ( 0.000000000000000000, 0.8829475928589253231, -0.4694715627858938589 ) ) ;
#7884 =( LENGTH_UNIT ( ) NAMED_UNIT ( * ) SI_UNIT ( .MILLI., .METRE. ) );
#7885 = EDGE_CURVE ( 'NONE', #6062, #2161, #8528, .T. ) ;
#7886 = ORIENTED_EDGE ( 'NONE', *, *, #561, .T. ) ;
#7887 = CIRCLE ( 'NONE', #7033, 3.750000000000005329 ) ;
#7888 = EDGE_LOOP ( 'NONE', ( #1921, #6871, #309, #8525, #7060, #4557 ) ) ;
#7889 = DIRECTION ( 'NONE',  ( 0.000000000000000000, 0.000000000000000000, 1.000000000000000000 ) ) ;
#7890 = PLANE ( 'NONE',  #1240 ) ;
#7891 = DIRECTION ( 'NONE',  ( 0.000000000000000000, 0.000000000000000000, 1.000000000000000000 ) ) ;
#7892 = LINE ( 'NONE', #1737, #5461 ) ;
#7893 = ORIENTED_EDGE ( 'NONE', *, *, #67, .T. ) ;
#7894 = AXIS2_PLACEMENT_3D ( 'NONE', #7933, #8734, #8180 ) ;
#7895 = EDGE_LOOP ( 'NONE', ( #7796, #5528, #427, #6685, #8521 ) ) ;
#7896 = EDGE_CURVE ( 'NONE', #6190, #8077, #7855, .T. ) ;
#7897 = ORIENTED_EDGE ( 'NONE', *, *, #4075, .F. ) ;
#7898 = CARTESIAN_POINT ( 'NONE',  ( -45.04466517458418906, 71.45533482541580383, 29.35200255785567336 ) ) ;
#7899 = LINE ( 'NONE', #5919, #1023 ) ;
#7900 = FILL_AREA_STYLE_COLOUR ( '', #1076 ) ;
#7901 = ORIENTED_EDGE ( 'NONE', *, *, #3036, .F. ) ;
#7902 = CIRCLE ( 'NONE', #2877, 2.300000000000004263 ) ;
#7903 =( NAMED_UNIT ( * ) SI_UNIT ( $, .STERADIAN. ) SOLID_ANGLE_UNIT ( ) );
#7904 =( NAMED_UNIT ( * ) SI_UNIT ( $, .STERADIAN. ) SOLID_ANGLE_UNIT ( ) );
#7905 = ORIENTED_EDGE ( 'NONE', *, *, #1507, .T. ) ;
#7906 = ORIENTED_EDGE ( 'NONE', *, *, #1739, .F. ) ;
#7907 = VERTEX_POINT ( 'NONE', #7271 ) ;
#7908 = CARTESIAN_POINT ( 'NONE',  ( 16.19999999999999574, -56.50000000000006395, 9.084491678042201812 ) ) ;
#7909 = DIRECTION ( 'NONE',  ( -0.000000000000000000, -0.000000000000000000, 1.000000000000000000 ) ) ;
#7910 = CARTESIAN_POINT ( 'NONE',  ( -50.50000000000002132, 65.99999999999995737, 0.000000000000000000 ) ) ;
#7911 = DIRECTION ( 'NONE',  ( 1.000000000000000000, 0.000000000000000000, 0.000000000000000000 ) ) ;
#7912 = EDGE_CURVE ( 'NONE', #6954, #1418, #1107, .T. ) ;
#7913 = EDGE_CURVE ( 'NONE', #4794, #7806, #5961, .T. ) ;
#7914 = LINE ( 'NONE', #460, #7082 ) ;
#7915 = PRESENTATION_STYLE_ASSIGNMENT (( #1762 ) ) ;
#7916 = MECHANICAL_DESIGN_GEOMETRIC_PRESENTATION_REPRESENTATION (  '', ( #8193 ), #2188 ) ;
#7917 = CIRCLE ( 'NONE', #7472, 2.500000000000002220 ) ;
#7918 = FACE_BOUND ( 'NONE', #4407, .T. ) ;
#7919 = CARTESIAN_POINT ( 'NONE',  ( -39.50000000000000711, -58.00000000000002132, -1.000000000000000000 ) ) ;
#7920 = DIRECTION ( 'NONE',  ( -0.000000000000000000, 0.000000000000000000, -1.000000000000000000 ) ) ;
#7921 = CARTESIAN_POINT ( 'NONE',  ( 46.50000000000000000, -70.00000000000001421, 4.500000000000000000 ) ) ;
#7922 = EDGE_CURVE ( 'NONE', #3689, #2161, #3179, .T. ) ;
#7923 = LINE ( 'NONE', #5147, #5064 ) ;
#7924 = VECTOR ( 'NONE', #480, 1000.000000000000000 ) ;
#7925 = CYLINDRICAL_SURFACE ( 'NONE', #5647, 2.300000000000004263 ) ;
#7926 = EDGE_LOOP ( 'NONE', ( #4089, #5521, #7189, #3190 ) ) ;
#7927 = COLOUR_RGB ( '',0.4980392156862745168, 0.4980392156862745168, 0.4980392156862745168 ) ;
#7928 = CARTESIAN_POINT ( 'NONE',  ( 43.49999999999998579, -63.33090628401684086, 31.99999999999998579 ) ) ;
#7929 =( GEOMETRIC_REPRESENTATION_CONTEXT ( 3 ) GLOBAL_UNCERTAINTY_ASSIGNED_CONTEXT ( ( #8142 ) ) GLOBAL_UNIT_ASSIGNED_CONTEXT ( ( #825, #3580, #5552 ) ) REPRESENTATION_CONTEXT ( 'NONE', 'WORKASPACE' ) );
#7930 = ORIENTED_EDGE ( 'NONE', *, *, #8368, .T. ) ;
#7931 = PLANE ( 'NONE',  #7287 ) ;
#7932 =( LENGTH_UNIT ( ) NAMED_UNIT ( * ) SI_UNIT ( .MILLI., .METRE. ) );
#7933 = CARTESIAN_POINT ( 'NONE',  ( -50.50000000000002132, 65.99999999999995737, -1.000000000000000000 ) ) ;
#7934 = ADVANCED_FACE ( 'NONE', ( #2506 ), #1026, .T. ) ;
#7935 = VERTEX_POINT ( 'NONE', #355 ) ;
#7936 = FACE_OUTER_BOUND ( 'NONE', #8101, .T. ) ;
#7937 = VECTOR ( 'NONE', #7696, 1000.000000000000000 ) ;
#7938 = ORIENTED_EDGE ( 'NONE', *, *, #7366, .T. ) ;
#7939 = VERTEX_POINT ( 'NONE', #3091 ) ;
#7940 = CARTESIAN_POINT ( 'NONE',  ( -31.69999999999998508, -66.00000000000004263, -6.331132676734938514 ) ) ;
#7941 = PLANE ( 'NONE',  #3312 ) ;
#7942 = ORIENTED_EDGE ( 'NONE', *, *, #3791, .T. ) ;
#7943 = CARTESIAN_POINT ( 'NONE',  ( -38.49999999999999289, -61.00000000000004974, 4.500000000000000000 ) ) ;
#7944 = CARTESIAN_POINT ( 'NONE',  ( 38.69999999999996732, -63.77133123440134455, 31.89999999999998437 ) ) ;
#7945 = DIRECTION ( 'NONE',  ( 0.000000000000000000, 0.000000000000000000, 1.000000000000000000 ) ) ;
#7946 = EDGE_CURVE ( 'NONE', #7633, #6413, #6221, .T. ) ;
#7947 = VERTEX_POINT ( 'NONE', #7808 ) ;
#7948 = VERTEX_POINT ( 'NONE', #2592 ) ;
#7949 = MECHANICAL_DESIGN_GEOMETRIC_PRESENTATION_REPRESENTATION (  '', ( #630 ), #2070 ) ;
#7950 = VERTEX_POINT ( 'NONE', #2631 ) ;
#7951 = CARTESIAN_POINT ( 'NONE',  ( -17.99999999999999645, -2.081668171172168513E-14, 13.87233320064247444 ) ) ;
#7952 = ORIENTED_EDGE ( 'NONE', *, *, #1307, .F. ) ;
#7953 = FACE_OUTER_BOUND ( 'NONE', #2432, .T. ) ;
#7954 = CARTESIAN_POINT ( 'NONE',  ( 40.99999999999999289, -61.00000000000004974, 8.415671739569701160 ) ) ;
#7955 = CARTESIAN_POINT ( 'NONE',  ( -50.50000000000002132, 65.99999999999995737, -1.000000000000000000 ) ) ;
#7956 = DIRECTION ( 'NONE',  ( 0.000000000000000000, 0.9899786446783979121, -0.1412171486779219554 ) ) ;
#7957 = PRESENTATION_LAYER_ASSIGNMENT (  '', '', ( #8535 ) ) ;
#7958 = VECTOR ( 'NONE', #4526, 1000.000000000000000 ) ;
#7959 = CARTESIAN_POINT ( 'NONE',  ( 38.65000000000000568, 43.45146005237945275, -24.37968272913851209 ) ) ;
#7960 = EDGE_CURVE ( 'NONE', #27, #1070, #5341, .T. ) ;
#7961 = PRESENTATION_STYLE_ASSIGNMENT (( #7457 ) ) ;
#7962 =( NAMED_UNIT ( * ) SI_UNIT ( $, .STERADIAN. ) SOLID_ANGLE_UNIT ( ) );
#7963 = ORIENTED_EDGE ( 'NONE', *, *, #7178, .F. ) ;
#7964 = CARTESIAN_POINT ( 'NONE',  ( -30.00000000000000000, -43.46605013383988592, -30.93417729969613461 ) ) ;
#7965 = CARTESIAN_POINT ( 'NONE',  ( 38.99999999999999289, -58.00000000000002132, -1.000000000000000000 ) ) ;
#7966 = CARTESIAN_POINT ( 'NONE',  ( 36.14999999999999147, 49.18588027307566790, -17.16363098989343072 ) ) ;
#7967 = VECTOR ( 'NONE', #2921, 1000.000000000000000 ) ;
#7968 = EDGE_LOOP ( 'NONE', ( #7569, #6234, #5928, #3549, #3187 ) ) ;
#7969 = ADVANCED_FACE ( 'NONE', ( #4746, #696 ), #3446, .F. ) ;
#7970 = AXIS2_PLACEMENT_3D ( 'NONE', #1606, #1652, #1563 ) ;
#7971 = DIRECTION ( 'NONE',  ( 0.000000000000000000, 0.000000000000000000, 1.000000000000000000 ) ) ;
#7972 = CARTESIAN_POINT ( 'NONE',  ( -40.99999999999999289, -2.542120776211809652, 17.10407066972241807 ) ) ;
#7973 = ORIENTED_EDGE ( 'NONE', *, *, #7946, .T. ) ;
#7974 = CARTESIAN_POINT ( 'NONE',  ( 34.00000000000000711, 26.26794907001497847, -20.56984639814858085 ) ) ;
#7975 = MECHANICAL_DESIGN_GEOMETRIC_PRESENTATION_REPRESENTATION (  '', ( #6829 ), #1522 ) ;
#7976 = CARTESIAN_POINT ( 'NONE',  ( 28.95000000000000284, -60.25000000000002132, 8.527141729315120600 ) ) ;
#7977 = PLANE ( 'NONE',  #2871 ) ;
#7978 = EDGE_LOOP ( 'NONE', ( #4575, #6241, #8771, #3956, #8351, #3029, #6601, #615 ) ) ;
#7979 = DIRECTION ( 'NONE',  ( -0.000000000000000000, 1.000000000000000000, 0.000000000000000000 ) ) ;
#7980 = AXIS2_PLACEMENT_3D ( 'NONE', #499, #7404, #8713 ) ;
#7981 = ORIENTED_EDGE ( 'NONE', *, *, #451, .F. ) ;
#7982 = AXIS2_PLACEMENT_3D ( 'NONE', #939, #799, #8485 ) ;
#7983 = ORIENTED_EDGE ( 'NONE', *, *, #7339, .T. ) ;
#7984 = ADVANCED_FACE ( 'NONE', ( #8107 ), #8152, .F. ) ;
#7985 = CARTESIAN_POINT ( 'NONE',  ( 17.99999999999999645, -63.50000000000004263, 0.000000000000000000 ) ) ;
#7986 = SURFACE_SIDE_STYLE ('',( #5254 ) ) ;
#7987 = ORIENTED_EDGE ( 'NONE', *, *, #7912, .T. ) ;
#7988 = AXIS2_PLACEMENT_3D ( 'NONE', #388, #7087, #8477 ) ;
#7989 = LINE ( 'NONE', #3950, #7831 ) ;
#7990 = DIRECTION ( 'NONE',  ( 0.000000000000000000, 0.9486832980505138790, 0.3162277660168378302 ) ) ;
#7991 = CARTESIAN_POINT ( 'NONE',  ( -5.493370263725178998E-16, -37.53124169095859486, -30.05210658467080620 ) ) ;
#7992 = EDGE_LOOP ( 'NONE', ( #6759, #7901, #4472, #6342 ) ) ;
#7993 = VECTOR ( 'NONE', #5472, 1000.000000000000000 ) ;
#7994 = ORIENTED_EDGE ( 'NONE', *, *, #4523, .T. ) ;
#7995 = ORIENTED_EDGE ( 'NONE', *, *, #2338, .F. ) ;
#7996 = EDGE_CURVE ( 'NONE', #5753, #1073, #1960, .T. ) ;
#7997 = CARTESIAN_POINT ( 'NONE',  ( 53.55544509532629860, 58.70265283693824188, 22.61089019065259365 ) ) ;
#7998 = ORIENTED_EDGE ( 'NONE', *, *, #5944, .F. ) ;
#7999 = CARTESIAN_POINT ( 'NONE',  ( 34.00000000000000711, 52.41275249741134701, 25.27182955008442278 ) ) ;
#8000 = DIRECTION ( 'NONE',  ( 0.000000000000000000, -1.000000000000000000, 0.000000000000000000 ) ) ;
#8001 = AXIS2_PLACEMENT_3D ( 'NONE', #1705, #5967, #3221 ) ;
#8002 = AXIS2_PLACEMENT_3D ( 'NONE', #1353, #2081, #8276 ) ;
#8003 = LINE ( 'NONE', #1850, #8365 ) ;
#8004 = PLANE ( 'NONE',  #2289 ) ;
#8005 = EDGE_CURVE ( 'NONE', #2472, #3302, #6729, .T. ) ;
#8006 =( BOUNDED_CURVE ( )  B_SPLINE_CURVE ( 3, ( #6986, #8278, #7606, #2934 ),
 .UNSPECIFIED., .F., .T. ) 
 B_SPLINE_CURVE_WITH_KNOTS ( ( 4, 4 ),
 ( 0.000000000000000000, 1.403348247575213703 ),
 .UNSPECIFIED. ) 
 CURVE ( )  GEOMETRIC_REPRESENTATION_ITEM ( )  RATIONAL_B_SPLINE_CURVE ( ( 1.000000000000000000, 0.8425084105506475129, 0.8425084105506475129, 1.000000000000000000 ) ) 
 REPRESENTATION_ITEM ( '' )  );
#8007 = PLANE ( 'NONE',  #2684 ) ;
#8008 = FILL_AREA_STYLE ('',( #1221 ) ) ;
#8009 = CARTESIAN_POINT ( 'NONE',  ( -31.13375866546478932, 57.07249472080884800, 31.79999999999997939 ) ) ;
#8010 = EDGE_LOOP ( 'NONE', ( #2580, #7905, #8695, #1776 ) ) ;
#8011 = DIRECTION ( 'NONE',  ( 1.000000000000000000, 0.000000000000000000, 0.000000000000000000 ) ) ;
#8012 = SURFACE_SIDE_STYLE ('',( #5103 ) ) ;
#8013 =( NAMED_UNIT ( * ) SI_UNIT ( $, .STERADIAN. ) SOLID_ANGLE_UNIT ( ) );
#8014 = AXIS2_PLACEMENT_3D ( 'NONE', #2986, #5739, #5060 ) ;
#8015 = EDGE_LOOP ( 'NONE', ( #3046, #4371, #5316, #4369 ) ) ;
#8016 = DIRECTION ( 'NONE',  ( -0.000000000000000000, -0.1470117858375538933, 0.9891347404802104393 ) ) ;
#8017 = ORIENTED_EDGE ( 'NONE', *, *, #1436, .F. ) ;
#8018 = FACE_OUTER_BOUND ( 'NONE', #1333, .T. ) ;
#8019 = CIRCLE ( 'NONE', #3871, 2.500000000000000444 ) ;
#8020 = DIRECTION ( 'NONE',  ( -0.000000000000000000, -0.1470117858375538933, 0.9891347404802104393 ) ) ;
#8021 = FACE_OUTER_BOUND ( 'NONE', #5118, .T. ) ;
#8022 = EDGE_LOOP ( 'NONE', ( #786, #7335, #352, #3953 ) ) ;
#8023 = EDGE_CURVE ( 'NONE', #66, #8611, #2817, .T. ) ;
#8024 = DIRECTION ( 'NONE',  ( 0.000000000000000000, 0.9891347404802104393, 0.1470117858375534770 ) ) ;
#8025 = EDGE_CURVE ( 'NONE', #2190, #7604, #648, .T. ) ;
#8026 = ORIENTED_EDGE ( 'NONE', *, *, #5017, .F. ) ;
#8027 = CIRCLE ( 'NONE', #5595, 2.000000000000002665 ) ;
#8028 = ORIENTED_EDGE ( 'NONE', *, *, #3277, .T. ) ;
#8029 = FACE_OUTER_BOUND ( 'NONE', #4968, .T. ) ;
#8030 = CARTESIAN_POINT ( 'NONE',  ( -33.64999999999999858, -44.06610963571124984, -12.27438963519852777 ) ) ;
#8031 = ORIENTED_EDGE ( 'NONE', *, *, #5321, .F. ) ;
#8032 = CARTESIAN_POINT ( 'NONE',  ( -26.25000000000000355, -25.57133123440134170, 20.00000000000000000 ) ) ;
#8033 = CARTESIAN_POINT ( 'NONE',  ( 19.19999999999998508, -66.00000000000002842, 10.20000000000000107 ) ) ;
#8034 = FILL_AREA_STYLE ('',( #7275 ) ) ;
#8035 = EDGE_LOOP ( 'NONE', ( #1959, #38 ) ) ;
#8036 = VECTOR ( 'NONE', #3733, 1000.000000000000000 ) ;
#8037 = EDGE_CURVE ( 'NONE', #7075, #1413, #570, .T. ) ;
#8038 = EDGE_LOOP ( 'NONE', ( #7897, #3445, #1794, #4324 ) ) ;
#8039 = ORIENTED_EDGE ( 'NONE', *, *, #6117, .F. ) ;
#8040 = DIRECTION ( 'NONE',  ( 0.000000000000000000, 0.1470117858375539210, -0.9891347404802105503 ) ) ;
#8041 = AXIS2_PLACEMENT_3D ( 'NONE', #4901, #4855, #1525 ) ;
#8042 = ORIENTED_EDGE ( 'NONE', *, *, #3100, .F. ) ;
#8043 = DIRECTION ( 'NONE',  ( -1.000000000000000000, 0.000000000000000000, 0.000000000000000000 ) ) ;
#8044 = LINE ( 'NONE', #1890, #8215 ) ;
#8045 = DIRECTION ( 'NONE',  ( 0.000000000000000000, 0.000000000000000000, -1.000000000000000000 ) ) ;
#8046 = EDGE_CURVE ( 'NONE', #207, #4085, #7519, .T. ) ;
#8047 = VECTOR ( 'NONE', #1282, 1000.000000000000227 ) ;
#8048 = CARTESIAN_POINT ( 'NONE',  ( -35.49999999999997868, 55.49999999999997868, 4.500000000000000000 ) ) ;
#8049 = DIRECTION ( 'NONE',  ( 1.000000000000000000, 0.000000000000000000, 0.000000000000000000 ) ) ;
#8050 = CARTESIAN_POINT ( 'NONE',  ( 34.64999999999999147, -69.35617686809909799, 24.66873520263527197 ) ) ;
#8051 = DIRECTION ( 'NONE',  ( 0.000000000000000000, 0.9899786446783980232, -0.1412171486779220109 ) ) ;
#8052 = EDGE_LOOP ( 'NONE', ( #4577, #6084, #396 ) ) ;
#8053 = LINE ( 'NONE', #1985, #784 ) ;
#8054 = LINE ( 'NONE', #3930, #6345 ) ;
#8055 = ADVANCED_FACE ( 'NONE', ( #8029 ), #1877, .F. ) ;
#8056 = DIRECTION ( 'NONE',  ( 1.000000000000000000, 0.000000000000000000, -0.000000000000000000 ) ) ;
#8057 = UNCERTAINTY_MEASURE_WITH_UNIT (LENGTH_MEASURE( 1.000000000000000082E-05 ), #8571, 'distance_accuracy_value', 'NONE');
#8058 = ORIENTED_EDGE ( 'NONE', *, *, #1000, .F. ) ;
#8059 = CARTESIAN_POINT ( 'NONE',  ( 0.000000000000000000, 62.15058174320375883, 31.79999999999997939 ) ) ;
#8060 = ORIENTED_EDGE ( 'NONE', *, *, #6574, .T. ) ;
#8061 = LINE ( 'NONE', #4113, #6578 ) ;
#8062 = VECTOR ( 'NONE', #424, 999.9999999999998863 ) ;
#8063 = DIRECTION ( 'NONE',  ( -1.000000000000000000, -0.000000000000000000, -0.000000000000000000 ) ) ;
#8064 = ORIENTED_EDGE ( 'NONE', *, *, #3100, .T. ) ;
#8065 = CIRCLE ( 'NONE', #8202, 3.000000000000002665 ) ;
#8066 = ORIENTED_EDGE ( 'NONE', *, *, #26, .F. ) ;
#8067 = DIRECTION ( 'NONE',  ( 0.000000000000000000, 0.000000000000000000, -1.000000000000000000 ) ) ;
#8068 = DIRECTION ( 'NONE',  ( -1.000000000000000000, -1.374038396813312538E-16, 0.000000000000000000 ) ) ;
#8069 = EDGE_LOOP ( 'NONE', ( #4759, #8439, #2582, #3648 ) ) ;
#8070 = EDGE_CURVE ( 'NONE', #2161, #1604, #1628, .T. ) ;
#8071 = EDGE_CURVE ( 'NONE', #790, #749, #2971, .T. ) ;
#8072 = CARTESIAN_POINT ( 'NONE',  ( -33.99999999999999289, 3.558868336046677960, -23.94502106020632226 ) ) ;
#8073 = DIRECTION ( 'NONE',  ( 0.000000000000000000, -0.9891347404802105503, -0.1470117858375536157 ) ) ;
#8074 = LINE ( 'NONE', #1840, #2577 ) ;
#8075 = VECTOR ( 'NONE', #785, 999.9999999999998863 ) ;
#8076 = ORIENTED_EDGE ( 'NONE', *, *, #4464, .T. ) ;
#8077 = VERTEX_POINT ( 'NONE', #4303 ) ;
#8078 = AXIS2_PLACEMENT_3D ( 'NONE', #8500, #5770, #2356 ) ;
#8079 = LINE ( 'NONE', #7449, #8118 ) ;
#8080 = VERTEX_POINT ( 'NONE', #209 ) ;
#8081 = ADVANCED_FACE ( 'NONE', ( #2809 ), #4979, .T. ) ;
#8082 = CARTESIAN_POINT ( 'NONE',  ( 29.49999999999999289, -65.57133123440134170, 20.00000000000000000 ) ) ;
#8083 = DIRECTION ( 'NONE',  ( 1.000000000000000000, -0.000000000000000000, -0.000000000000000000 ) ) ;
#8084 = SURFACE_STYLE_FILL_AREA ( #4054 ) ;
#8085 = CARTESIAN_POINT ( 'NONE',  ( 38.69999999999996021, 67.22866876559864124, 31.89999999999998437 ) ) ;
#8086 = EDGE_CURVE ( 'NONE', #6365, #6042, #7566, .T. ) ;
#8087 = VECTOR ( 'NONE', #922, 1000.000000000000000 ) ;
#8088 = CARTESIAN_POINT ( 'NONE',  ( 40.99999999999999289, -61.00000000000004974, 8.415671739569701160 ) ) ;
#8089 = DIRECTION ( 'NONE',  ( 1.000000000000000000, -0.000000000000000000, 6.938893903907222067E-15 ) ) ;
#8090 = FACE_OUTER_BOUND ( 'NONE', #8240, .T. ) ;
#8091 = SURFACE_SIDE_STYLE ('',( #61 ) ) ;
#8092 = CIRCLE ( 'NONE', #3368, 1.500000000000001998 ) ;
#8093 = DIRECTION ( 'NONE',  ( 0.000000000000000000, 0.000000000000000000, 1.000000000000000000 ) ) ;
#8094 = EDGE_LOOP ( 'NONE', ( #5884, #3685, #4025, #6987 ) ) ;
#8095 = ADVANCED_FACE ( 'NONE', ( #2244 ), #2144, .F. ) ;
#8096 = EDGE_CURVE ( 'NONE', #1073, #2239, #1821, .T. ) ;
#8097 = ORIENTED_EDGE ( 'NONE', *, *, #2385, .T. ) ;
#8098 = DIRECTION ( 'NONE',  ( -0.000000000000000000, -0.1412171486779216778, -0.9899786446783979121 ) ) ;
#8099 = CIRCLE ( 'NONE', #640, 2.500000000000002220 ) ;
#8100 = DIRECTION ( 'NONE',  ( 1.000000000000000000, 0.000000000000000000, 0.000000000000000000 ) ) ;
#8101 = EDGE_LOOP ( 'NONE', ( #3137, #2466, #5218, #4279 ) ) ;
#8102 = CARTESIAN_POINT ( 'NONE',  ( -30.00000000000020606, 52.41275249741119779, 25.27182955008440146 ) ) ;
#8103 = ORIENTED_EDGE ( 'NONE', *, *, #1206, .F. ) ;
#8104 = AXIS2_PLACEMENT_3D ( 'NONE', #5109, #7841, #4395 ) ;
#8105 = VERTEX_POINT ( 'NONE', #3541 ) ;
#8106 = ADVANCED_FACE ( 'NONE', ( #30 ), #5140, .F. ) ;
#8107 = FACE_OUTER_BOUND ( 'NONE', #6546, .T. ) ;
#8108 = LINE ( 'NONE', #4039, #6329 ) ;
#8109 = CARTESIAN_POINT ( 'NONE',  ( -29.49999999999999289, -12.41379277605159004, -2.647767772941383324 ) ) ;
#8110 = EDGE_LOOP ( 'NONE', ( #2907, #6469, #6000, #7987 ) ) ;
#8111 = AXIS2_PLACEMENT_3D ( 'NONE', #8761, #5540, #2611 ) ;
#8112 = CARTESIAN_POINT ( 'NONE',  ( -31.69999999999999929, -60.25000000000004263, 11.05460325471486982 ) ) ;
#8113 =( GEOMETRIC_REPRESENTATION_CONTEXT ( 3 ) GLOBAL_UNCERTAINTY_ASSIGNED_CONTEXT ( ( #3383 ) ) GLOBAL_UNIT_ASSIGNED_CONTEXT ( ( #2656, #4454, #7903 ) ) REPRESENTATION_CONTEXT ( 'NONE', 'WORKASPACE' ) );
#8114 = LINE ( 'NONE', #8826, #2120 ) ;
#8115 = LINE ( 'NONE', #5883, #5875 ) ;
#8116 = EDGE_LOOP ( 'NONE', ( #5034, #8566, #5120, #2865 ) ) ;
#8117 = AXIS2_PLACEMENT_3D ( 'NONE', #4138, #7536, #402 ) ;
#8118 = VECTOR ( 'NONE', #4049, 1000.000000000000000 ) ;
#8119 = EDGE_LOOP ( 'NONE', ( #4711, #7736, #8183, #4072 ) ) ;
#8120 = EDGE_CURVE ( 'NONE', #1741, #3563, #745, .T. ) ;
#8121 = ORIENTED_EDGE ( 'NONE', *, *, #1933, .F. ) ;
#8122 = VECTOR ( 'NONE', #2858, 1000.000000000000000 ) ;
#8123 = CARTESIAN_POINT ( 'NONE',  ( 42.49999999999995026, -73.00000000000002842, 0.000000000000000000 ) ) ;
#8124 = CARTESIAN_POINT ( 'NONE',  ( 0.000000000000000000, -25.57133123440134170, 0.000000000000000000 ) ) ;
#8125 = DIRECTION ( 'NONE',  ( 0.000000000000000000, -0.1412171486779212892, -0.9899786446783980232 ) ) ;
#8126 = VECTOR ( 'NONE', #8429, 1000.000000000000000 ) ;
#8127 = CARTESIAN_POINT ( 'NONE',  ( -50.50000000000002132, 65.99999999999997158, 4.500000000000000000 ) ) ;
#8128 = VECTOR ( 'NONE', #3116, 1000.000000000000114 ) ;
#8129 = EDGE_CURVE ( 'NONE', #3387, #7093, #5277, .T. ) ;
#8130 = ADVANCED_FACE ( 'NONE', ( #7663 ), #1414, .F. ) ;
#8131 = AXIS2_PLACEMENT_3D ( 'NONE', #5410, #6162, #6833 ) ;
#8132 = LINE ( 'NONE', #3373, #108 ) ;
#8133 = SURFACE_STYLE_FILL_AREA ( #3198 ) ;
#8134 = DIRECTION ( 'NONE',  ( 1.000000000000000000, 0.000000000000000000, 0.000000000000000000 ) ) ;
#8135 = CARTESIAN_POINT ( 'NONE',  ( -43.50000000000000000, 47.41212311872071439, 4.500000000000000000 ) ) ;
#8136 = VECTOR ( 'NONE', #655, 1000.000000000000000 ) ;
#8137 = AXIS2_PLACEMENT_3D ( 'NONE', #5098, #7825, #1594 ) ;
#8138 = CARTESIAN_POINT ( 'NONE',  ( 17.99999999999999645, -56.50000000000004263, -8.572527594031453468E-16 ) ) ;
#8139 = DIRECTION ( 'NONE',  ( -1.000000000000000000, 0.000000000000000000, 0.000000000000000000 ) ) ;
#8140 = EDGE_CURVE ( 'NONE', #3352, #3259, #8242, .T. ) ;
#8141 = CARTESIAN_POINT ( 'NONE',  ( 30.00000000000000000, 52.41275249741134701, 25.27182955008442278 ) ) ;
#8142 = UNCERTAINTY_MEASURE_WITH_UNIT (LENGTH_MEASURE( 1.000000000000000082E-05 ), #825, 'distance_accuracy_value', 'NONE');
#8143 = STYLED_ITEM ( 'NONE', ( #7201 ), #8865 ) ;
#8144 = ORIENTED_EDGE ( 'NONE', *, *, #1843, .T. ) ;
#8145 = CARTESIAN_POINT ( 'NONE',  ( -42.00000000000000711, -58.00000000000002132, -1.000000000000000000 ) ) ;
#8146 = EDGE_LOOP ( 'NONE', ( #1277, #4006, #1464, #643 ) ) ;
#8147 = CARTESIAN_POINT ( 'NONE',  ( 40.20000000000000284, 59.19999999999998863, 44.00000000000000711 ) ) ;
#8148 = ORIENTED_EDGE ( 'NONE', *, *, #3267, .F. ) ;
#8149 = PRESENTATION_LAYER_ASSIGNMENT (  '', '', ( #4574 ) ) ;
#8150 = EDGE_CURVE ( 'NONE', #5746, #1099, #4257, .T. ) ;
#8151 = ORIENTED_EDGE ( 'NONE', *, *, #2911, .T. ) ;
#8152 = CYLINDRICAL_SURFACE ( 'NONE', #3841, 2.500000000000002220 ) ;
#8153 = CARTESIAN_POINT ( 'NONE',  ( 34.64999999999999147, -68.50552850181320252, 26.48157754463171187 ) ) ;
#8154 = PLANE ( 'NONE',  #6969 ) ;
#8155 = AXIS2_PLACEMENT_3D ( 'NONE', #997, #955, #5177 ) ;
#8156 = ORIENTED_EDGE ( 'NONE', *, *, #5558, .T. ) ;
#8157 = DIRECTION ( 'NONE',  ( 0.000000000000000000, 0.000000000000000000, -1.000000000000000000 ) ) ;
#8158 = DIRECTION ( 'NONE',  ( 8.659560562354899578E-17, -0.7998762163319477203, -0.6001650094319788131 ) ) ;
#8159 = DIRECTION ( 'NONE',  ( 0.000000000000000000, 0.000000000000000000, 1.000000000000000000 ) ) ;
#8160 = ORIENTED_EDGE ( 'NONE', *, *, #8354, .T. ) ;
#8161 = EDGE_CURVE ( 'NONE', #5076, #2092, #8287, .T. ) ;
#8162 = VECTOR ( 'NONE', #5798, 1000.000000000000000 ) ;
#8163 = VERTEX_POINT ( 'NONE', #7617 ) ;
#8164 = ORIENTED_EDGE ( 'NONE', *, *, #5955, .F. ) ;
#8165 = CARTESIAN_POINT ( 'NONE',  ( 31.13375866546478932, 57.07249472080884800, 31.89999999999998437 ) ) ;
#8166 = ORIENTED_EDGE ( 'NONE', *, *, #7638, .F. ) ;
#8167 = DIRECTION ( 'NONE',  ( 0.000000000000000000, 0.000000000000000000, 1.000000000000000000 ) ) ;
#8168 = LINE ( 'NONE', #6747, #1918 ) ;
#8169 = CONICAL_SURFACE ( 'NONE', #3162, 1.649999999999982148, 1.029744258676648538 ) ;
#8170 = SHAPE_REPRESENTATION_RELATIONSHIP ( 'NONE' , 'NONE' ,  #2887, #7063 ) ;
#8171 = CARTESIAN_POINT ( 'NONE',  ( 31.69999999999998508, -66.00000000000001421, 10.20000000000000284 ) ) ;
#8172 = CARTESIAN_POINT ( 'NONE',  ( 50.49999999999998579, 69.99999999999998579, 0.000000000000000000 ) ) ;
#8173 = FILL_AREA_STYLE ('',( #5411 ) ) ;
#8174 = CARTESIAN_POINT ( 'NONE',  ( -26.44999999999998863, -62.75000000000005684, -30.80000000000000426 ) ) ;
#8175 = EDGE_CURVE ( 'NONE', #450, #1629, #6990, .T. ) ;
#8176 = SURFACE_STYLE_USAGE ( .BOTH. , #3375 ) ;
#8177 = EDGE_CURVE ( 'NONE', #3658, #978, #8380, .T. ) ;
#8178 = FILL_AREA_STYLE ('',( #2125 ) ) ;
#8179 = VECTOR ( 'NONE', #8699, 1000.000000000000000 ) ;
#8180 = DIRECTION ( 'NONE',  ( 1.059373115100340619E-16, -1.000000000000000000, 0.000000000000000000 ) ) ;
#8181 = CARTESIAN_POINT ( 'NONE',  ( 46.89999999999999858, 58.99999999999995737, 0.000000000000000000 ) ) ;
#8182 = DIRECTION ( 'NONE',  ( 0.000000000000000000, 0.000000000000000000, 1.000000000000000000 ) ) ;
#8183 = ORIENTED_EDGE ( 'NONE', *, *, #7474, .T. ) ;
#8184 = ORIENTED_EDGE ( 'NONE', *, *, #1507, .F. ) ;
#8185 = DIRECTION ( 'NONE',  ( -0.000000000000000000, -0.000000000000000000, 1.000000000000000000 ) ) ;
#8186 = EDGE_CURVE ( 'NONE', #266, #7532, #2192, .T. ) ;
#8187 = FACE_OUTER_BOUND ( 'NONE', #5880, .T. ) ;
#8188 = VERTEX_POINT ( 'NONE', #1561 ) ;
#8189 = VECTOR ( 'NONE', #189, 1000.000000000000227 ) ;
#8190 = CARTESIAN_POINT ( 'NONE',  ( 46.89999999999999858, 58.99999999999995737, 0.000000000000000000 ) ) ;
#8191 = ORIENTED_EDGE ( 'NONE', *, *, #2527, .T. ) ;
#8192 = CARTESIAN_POINT ( 'NONE',  ( -26.25000000000000355, -25.57133123440134170, 21.00000000000000000 ) ) ;
#8193 = STYLED_ITEM ( 'NONE', ( #7461 ), #229 ) ;
#8194 = PLANE ( 'NONE',  #4744 ) ;
#8195 = VECTOR ( 'NONE', #6130, 1000.000000000000000 ) ;
#8196 = EDGE_LOOP ( 'NONE', ( #5706, #3584, #943, #4166 ) ) ;
#8197 = EDGE_CURVE ( 'NONE', #153, #450, #7039, .T. ) ;
#8198 = DIRECTION ( 'NONE',  ( 5.551115123125783935E-17, -1.000000000000000000, 0.000000000000000000 ) ) ;
#8199 = DIRECTION ( 'NONE',  ( 0.000000000000000000, -0.9891347404802104393, -0.1470117858375539210 ) ) ;
#8200 = CARTESIAN_POINT ( 'NONE',  ( 46.89999999999999858, 55.99999999999995737, 22.50000000000000000 ) ) ;
#8201 = ORIENTED_EDGE ( 'NONE', *, *, #5685, .F. ) ;
#8202 = AXIS2_PLACEMENT_3D ( 'NONE', #4377, #7873, #3153 ) ;
#8203 = COLOUR_RGB ( '',0.6470588235294117974, 0.6196078431372549211, 0.5999999999999999778 ) ;
#8204 = EDGE_LOOP ( 'NONE', ( #3175, #1523, #6147, #8781 ) ) ;
#8205 = ORIENTED_EDGE ( 'NONE', *, *, #3943, .T. ) ;
#8206 = CARTESIAN_POINT ( 'NONE',  ( 24.49999999999999645, 61.49999999999997868, 4.500000000000000000 ) ) ;
#8207 = DIRECTION ( 'NONE',  ( 0.000000000000000000, -0.1470117858375537823, 0.9891347404802103283 ) ) ;
#8208 = ORIENTED_EDGE ( 'NONE', *, *, #1458, .F. ) ;
#8209 = DIRECTION ( 'NONE',  ( 0.000000000000000000, 1.000000000000000000, -2.434699615406044823E-15 ) ) ;
#8210 = EDGE_CURVE ( 'NONE', #7532, #2347, #961, .T. ) ;
#8211 = AXIS2_PLACEMENT_3D ( 'NONE', #8510, #8426, #3586 ) ;
#8212 = CARTESIAN_POINT ( 'NONE',  ( -33.64999999999999858, 45.40321037709898633, -25.03688944696570218 ) ) ;
#8213 = CARTESIAN_POINT ( 'NONE',  ( -24.44999999999998508, -62.75000000000005684, 8.155575096830393278 ) ) ;
#8214 = EDGE_CURVE ( 'NONE', #7116, #3227, #5938, .T. ) ;
#8215 = VECTOR ( 'NONE', #7362, 1000.000000000000000 ) ;
#8216 = FACE_OUTER_BOUND ( 'NONE', #5079, .T. ) ;
#8217 = ORIENTED_EDGE ( 'NONE', *, *, #1518, .T. ) ;
#8218 = DIRECTION ( 'NONE',  ( 0.000000000000000000, -0.000000000000000000, -1.000000000000000000 ) ) ;
#8219 = CARTESIAN_POINT ( 'NONE',  ( 38.88494681705699207, 74.01863704760772578, 117.3823759910690683 ) ) ;
#8220 = LINE ( 'NONE', #1300, #6110 ) ;
#8221 = LINE ( 'NONE', #768, #2548 ) ;
#8222 = DIRECTION ( 'NONE',  ( 0.000000000000000000, -0.9891347404802103283, -0.1470117858375538655 ) ) ;
#8223 =( LENGTH_UNIT ( ) NAMED_UNIT ( * ) SI_UNIT ( .MILLI., .METRE. ) );
#8224 = LINE ( 'NONE', #8271, #5673 ) ;
#8225 = CARTESIAN_POINT ( 'NONE',  ( -33.64999999999999858, -45.69957439943059541, -12.04138133987996007 ) ) ;
#8226 =( NAMED_UNIT ( * ) SI_UNIT ( $, .STERADIAN. ) SOLID_ANGLE_UNIT ( ) );
#8227 = EDGE_CURVE ( 'NONE', #1418, #7611, #1807, .T. ) ;
#8228 = ADVANCED_FACE ( 'NONE', ( #1936, #5855, #8718, #7292, #7918, #8631, #5897 ), #1763, .T. ) ;
#8229 = AXIS2_PLACEMENT_3D ( 'NONE', #6991, #8329, #3630 ) ;
#8230 = UNCERTAINTY_MEASURE_WITH_UNIT (LENGTH_MEASURE( 1.000000000000000082E-05 ), #1657, 'distance_accuracy_value', 'NONE');
#8231 = ORIENTED_EDGE ( 'NONE', *, *, #6682, .F. ) ;
#8232 = VERTEX_POINT ( 'NONE', #3156 ) ;
#8233 = DIRECTION ( 'NONE',  ( 1.000000000000000000, 0.000000000000000000, 0.000000000000000000 ) ) ;
#8234 = DIRECTION ( 'NONE',  ( 0.000000000000000000, 0.000000000000000000, 1.000000000000000000 ) ) ;
#8235 = CARTESIAN_POINT ( 'NONE',  ( -42.49999999999995737, -73.00000000000002842, -1.000000000000000000 ) ) ;
#8236 = ORIENTED_EDGE ( 'NONE', *, *, #2499, .T. ) ;
#8237 = MECHANICAL_DESIGN_GEOMETRIC_PRESENTATION_REPRESENTATION (  '', ( #4956 ), #7244 ) ;
#8238 = CARTESIAN_POINT ( 'NONE',  ( -32.49999999999997868, 50.32835413437400973, -25.73944476163834949 ) ) ;
#8239 = ADVANCED_FACE ( 'NONE', ( #1130 ), #5365, .T. ) ;
#8240 = EDGE_LOOP ( 'NONE', ( #5381, #3738, #6960, #140 ) ) ;
#8241 = VECTOR ( 'NONE', #4273, 999.9999999999998863 ) ;
#8242 = LINE ( 'NONE', #4841, #5842 ) ;
#8243 = EDGE_LOOP ( 'NONE', ( #8740, #3409, #4161, #694 ) ) ;
#8244 = DIRECTION ( 'NONE',  ( -3.134672739800619314E-17, 0.3162277660168372750, -0.9486832980505139901 ) ) ;
#8245 = DIRECTION ( 'NONE',  ( 0.000000000000000000, -0.8829475928589253231, 0.4694715627858938589 ) ) ;
#8246 = EDGE_LOOP ( 'NONE', ( #3090, #1681, #3358, #530 ) ) ;
#8247 = VECTOR ( 'NONE', #5152, 1000.000000000000000 ) ;
#8248 = ORIENTED_EDGE ( 'NONE', *, *, #3267, .T. ) ;
#8249 = EDGE_CURVE ( 'NONE', #7309, #6736, #5988, .T. ) ;
#8250 = CIRCLE ( 'NONE', #1806, 4.000000000000003553 ) ;
#8251 = EDGE_LOOP ( 'NONE', ( #2605, #5217, #6452, #4131 ) ) ;
#8252 = CARTESIAN_POINT ( 'NONE',  ( -40.20000000000000284, 57.00000000000000000, 4.500000000000000000 ) ) ;
#8253 = CARTESIAN_POINT ( 'NONE',  ( 46.50000000000000000, -66.00000000000001421, 4.500000000000000000 ) ) ;
#8254 = CARTESIAN_POINT ( 'NONE',  ( 38.65000000000000568, 41.81799528866010718, -24.14667443381994616 ) ) ;
#8255 = ORIENTED_EDGE ( 'NONE', *, *, #5051, .T. ) ;
#8256 = AXIS2_PLACEMENT_3D ( 'NONE', #6580, #5232, #1856 ) ;
#8257 = STYLED_ITEM ( 'NONE', ( #5797 ), #3214 ) ;
#8258 = ORIENTED_EDGE ( 'NONE', *, *, #1626, .T. ) ;
#8259 = VECTOR ( 'NONE', #1379, 1000.000000000000114 ) ;
#8260 = ORIENTED_EDGE ( 'NONE', *, *, #921, .F. ) ;
#8261 = EDGE_CURVE ( 'NONE', #2190, #2550, #7245, .T. ) ;
#8262 = COLOUR_RGB ( '',0.6470588235294117974, 0.6196078431372549211, 0.5999999999999999778 ) ;
#8263 = SURFACE_SIDE_STYLE ('',( #724 ) ) ;
#8264 = VECTOR ( 'NONE', #8672, 1000.000000000000000 ) ;
#8265 = FACE_OUTER_BOUND ( 'NONE', #8246, .T. ) ;
#8266 = CARTESIAN_POINT ( 'NONE',  ( 24.44999999999998508, -62.75000000000002842, 8.155575096830393278 ) ) ;
#8267 = DIRECTION ( 'NONE',  ( -0.000000000000000000, -0.1412171486779217056, -0.9899786446783980232 ) ) ;
#8268 = AXIS2_PLACEMENT_3D ( 'NONE', #3438, #1505, #2751 ) ;
#8269 = CARTESIAN_POINT ( 'NONE',  ( 38.65000000000000568, 45.40321037709898633, -25.03688944696570218 ) ) ;
#8270 = DIRECTION ( 'NONE',  ( 0.000000000000000000, -0.9891347404802104393, -0.1470117858375540321 ) ) ;
#8271 = CARTESIAN_POINT ( 'NONE',  ( -87.68716317256568971, -4.305758866848488964, -17.94607093478537507 ) ) ;
#8272 = CARTESIAN_POINT ( 'NONE',  ( -33.99999999999999289, -2.909650240805693677, 19.57690752092294062 ) ) ;
#8273 = AXIS2_PLACEMENT_3D ( 'NONE', #6116, #3328, #6073 ) ;
#8274 = EDGE_CURVE ( 'NONE', #8483, #5722, #5278, .T. ) ;
#8275 = ADVANCED_FACE ( 'NONE', ( #6622 ), #8007, .T. ) ;
#8276 = DIRECTION ( 'NONE',  ( 0.000000000000000000, 0.9891347404802104393, 0.1470117858375531439 ) ) ;
#8277 = ORIENTED_EDGE ( 'NONE', *, *, #5271, .F. ) ;
#8278 = CARTESIAN_POINT ( 'NONE',  ( 54.05000000000000426, -57.53232232766919196, 23.59999999999999076 ) ) ;
#8279 = AXIS2_PLACEMENT_3D ( 'NONE', #533, #4083, #8073 ) ;
#8280 = ORIENTED_EDGE ( 'NONE', *, *, #5104, .F. ) ;
#8281 = DIRECTION ( 'NONE',  ( -0.000000000000000000, -0.000000000000000000, -1.000000000000000000 ) ) ;
#8282 = PRODUCT_DEFINITION ( 'UNKNOWN', '', #2127, #7074 ) ;
#8283 = FACE_OUTER_BOUND ( 'NONE', #5563, .T. ) ;
#8284 = CARTESIAN_POINT ( 'NONE',  ( 36.14999999999999147, 40.44235179311881012, 26.02017048380946562 ) ) ;
#8285 = AXIS2_PLACEMENT_3D ( 'NONE', #152, #2232, #5985 ) ;
#8286 = ORIENTED_EDGE ( 'NONE', *, *, #1307, .T. ) ;
#8287 = LINE ( 'NONE', #4468, #3396 ) ;
#8288 = CYLINDRICAL_SURFACE ( 'NONE', #5622, 0.9999999999999971134 ) ;
#8289 = DIRECTION ( 'NONE',  ( 0.000000000000000000, 0.4694715627858938589, 0.8829475928589253231 ) ) ;
#8290 = EDGE_LOOP ( 'NONE', ( #50, #4428, #8866, #2136 ) ) ;
#8291 = COLOUR_RGB ( '',0.1019607843137254888, 0.1019607843137254888, 0.1019607843137254888 ) ;
#8292 = EDGE_CURVE ( 'NONE', #7715, #1278, #7710, .T. ) ;
#8293 = DIRECTION ( 'NONE',  ( -0.000000000000000000, -1.000000000000000000, -0.000000000000000000 ) ) ;
#8294 = DIRECTION ( 'NONE',  ( 0.000000000000000000, 0.000000000000000000, -1.000000000000000000 ) ) ;
#8295 = ADVANCED_FACE ( 'NONE', ( #417 ), #1175, .T. ) ;
#8296 = ORIENTED_EDGE ( 'NONE', *, *, #8534, .T. ) ;
#8297 = VERTEX_POINT ( 'NONE', #8085 ) ;
#8298 = AXIS2_PLACEMENT_3D ( 'NONE', #5768, #1039, #6396 ) ;
#8299 = VERTEX_POINT ( 'NONE', #3971 ) ;
#8300 = FACE_OUTER_BOUND ( 'NONE', #3593, .T. ) ;
#8301 = DIRECTION ( 'NONE',  ( 0.000000000000000000, 0.9891347404802105503, 0.1470117858375536157 ) ) ;
#8302 = FACE_OUTER_BOUND ( 'NONE', #665, .T. ) ;
#8303 = ORIENTED_EDGE ( 'NONE', *, *, #8472, .F. ) ;
#8304 = CARTESIAN_POINT ( 'NONE',  ( 38.65000000000000568, -45.90674596150292786, -1.809588733309567710 ) ) ;
#8305 = DIRECTION ( 'NONE',  ( 0.000000000000000000, 0.9899786446783979121, -0.1412171486779215390 ) ) ;
#8306 = EDGE_CURVE ( 'NONE', #6042, #1294, #4129, .T. ) ;
#8307 = ORIENTED_EDGE ( 'NONE', *, *, #7960, .F. ) ;
#8308 = CIRCLE ( 'NONE', #3592, 1.649999999999982148 ) ;
#8309 = CARTESIAN_POINT ( 'NONE',  ( 36.14999999999999147, 45.35990106392166865, 24.22358784746169036 ) ) ;
#8310 = FACE_OUTER_BOUND ( 'NONE', #1312, .T. ) ;
#8311 = AXIS2_PLACEMENT_3D ( 'NONE', #7719, #7044, #887 ) ;
#8312 = FILL_AREA_STYLE_COLOUR ( '', #5926 ) ;
#8313 = DIRECTION ( 'NONE',  ( -1.000000000000000000, 0.000000000000000000, 0.000000000000000000 ) ) ;
#8314 = EDGE_CURVE ( 'NONE', #8634, #2870, #4276, .T. ) ;
#8315 = PRESENTATION_STYLE_ASSIGNMENT (( #5588 ) ) ;
#8316 = DIRECTION ( 'NONE',  ( -0.000000000000000000, 1.000000000000000000, 7.638175199916773278E-16 ) ) ;
#8317 = CARTESIAN_POINT ( 'NONE',  ( -38.69999999999998863, -63.77133123440135876, 31.89999999999998437 ) ) ;
#8318 = DIRECTION ( 'NONE',  ( -1.000000000000000000, 0.000000000000000000, 0.000000000000000000 ) ) ;
#8319 = CARTESIAN_POINT ( 'NONE',  ( 40.99999999999999289, 0.000000000000000000, 0.000000000000000000 ) ) ;
#8320 =( LENGTH_UNIT ( ) NAMED_UNIT ( * ) SI_UNIT ( .MILLI., .METRE. ) );
#8321 = UNCERTAINTY_MEASURE_WITH_UNIT (LENGTH_MEASURE( 1.000000000000000082E-05 ), #5910, 'distance_accuracy_value', 'NONE');
#8322 = VERTEX_POINT ( 'NONE', #6533 ) ;
#8323 = DIRECTION ( 'NONE',  ( -0.000000000000000000, -0.000000000000000000, 1.000000000000000000 ) ) ;
#8324 = PRESENTATION_LAYER_ASSIGNMENT (  '', '', ( #8470 ) ) ;
#8325 = VERTEX_POINT ( 'NONE', #374 ) ;
#8326 = DIRECTION ( 'NONE',  ( 0.7032338576427585863, 0.7109586074202099981, 0.000000000000000000 ) ) ;
#8327 = EDGE_CURVE ( 'NONE', #2515, #3305, #3253, .T. ) ;
#8328 = LINE ( 'NONE', #4927, #5983 ) ;
#8329 = DIRECTION ( 'NONE',  ( 0.000000000000000000, 0.000000000000000000, 1.000000000000000000 ) ) ;
#8330 = ORIENTED_EDGE ( 'NONE', *, *, #8249, .T. ) ;
#8331 = CARTESIAN_POINT ( 'NONE',  ( 40.99999999999999289, -61.00000000000004974, 0.000000000000000000 ) ) ;
#8332 = VECTOR ( 'NONE', #4208, 1000.000000000000114 ) ;
#8333 = EDGE_LOOP ( 'NONE', ( #4853, #3465, #172, #7137 ) ) ;
#8334 = DIRECTION ( 'NONE',  ( -0.000000000000000000, -0.1412171486779216778, -0.9899786446783979121 ) ) ;
#8335 = CARTESIAN_POINT ( 'NONE',  ( -35.49999999999997868, 55.49999999999997868, 4.500000000000000000 ) ) ;
#8336 = ORIENTED_EDGE ( 'NONE', *, *, #7913, .T. ) ;
#8337 = DIRECTION ( 'NONE',  ( -0.000000000000000000, -0.1470117858375538933, 0.9891347404802104393 ) ) ;
#8338 = CARTESIAN_POINT ( 'NONE',  ( 24.44999999999998508, -62.75000000000002842, -30.80000000000000426 ) ) ;
#8339 = DIRECTION ( 'NONE',  ( -0.000000000000000000, -0.000000000000000000, -1.000000000000000000 ) ) ;
#8340 = VERTEX_POINT ( 'NONE', #5184 ) ;
#8341 = EDGE_LOOP ( 'NONE', ( #1533, #8650, #4535, #6900, #6724 ) ) ;
#8342 = VECTOR ( 'NONE', #2129, 1000.000000000000000 ) ;
#8343 = ORIENTED_EDGE ( 'NONE', *, *, #4725, .F. ) ;
#8344 = EDGE_CURVE ( 'NONE', #207, #3098, #4101, .T. ) ;
#8345 = LINE ( 'NONE', #5575, #3238 ) ;
#8346 = DIRECTION ( 'NONE',  ( 0.000000000000000000, 0.9899786446783980232, -0.1412171486779212892 ) ) ;
#8347 = DIRECTION ( 'NONE',  ( -0.7071067811865463515, -0.6994238825007538241, -0.1039530306800789256 ) ) ;
#8348 = VERTEX_POINT ( 'NONE', #6201 ) ;
#8349 = CARTESIAN_POINT ( 'NONE',  ( 38.65000000000000568, 43.19133205955289867, -14.51913211432252204 ) ) ;
#8350 = PRESENTATION_STYLE_ASSIGNMENT (( #5628 ) ) ;
#8351 = ORIENTED_EDGE ( 'NONE', *, *, #6478, .F. ) ;
#8352 = CARTESIAN_POINT ( 'NONE',  ( -46.50000000000002132, 69.99999999999998579, 4.500000000000000000 ) ) ;
#8353 = ORIENTED_EDGE ( 'NONE', *, *, #6205, .T. ) ;
#8354 = EDGE_CURVE ( 'NONE', #2603, #2345, #1344, .T. ) ;
#8355 =( GEOMETRIC_REPRESENTATION_CONTEXT ( 3 ) GLOBAL_UNCERTAINTY_ASSIGNED_CONTEXT ( ( #7709 ) ) GLOBAL_UNIT_ASSIGNED_CONTEXT ( ( #693, #6089, #1999 ) ) REPRESENTATION_CONTEXT ( 'NONE', 'WORKASPACE' ) );
#8356 = CARTESIAN_POINT ( 'NONE',  ( 55.29999999999999716, 58.99999999999995737, 0.000000000000000000 ) ) ;
#8357 = CARTESIAN_POINT ( 'NONE',  ( -42.00000000000000711, -58.00000000000002132, 0.000000000000000000 ) ) ;
#8358 = CARTESIAN_POINT ( 'NONE',  ( -33.64999999999999858, 43.39850362162523112, -24.75092472089291107 ) ) ;
#8359 = DIRECTION ( 'NONE',  ( -0.000000000000000000, -0.8829475928589253231, 0.4694715627858939144 ) ) ;
#8360 = DIRECTION ( 'NONE',  ( 1.000000000000000000, 0.000000000000000000, 0.000000000000000000 ) ) ;
#8361 = CARTESIAN_POINT ( 'NONE',  ( 24.49999999999999645, 55.49999999999997868, 4.500000000000000000 ) ) ;
#8362 = SURFACE_STYLE_USAGE ( .BOTH. , #5589 ) ;
#8363 = SURFACE_STYLE_USAGE ( .BOTH. , #5455 ) ;
#8364 = CARTESIAN_POINT ( 'NONE',  ( 29.49999999999999289, -65.57133123440134170, 31.99999999999998579 ) ) ;
#8365 = VECTOR ( 'NONE', #4592, 1000.000000000000114 ) ;
#8366 = CARTESIAN_POINT ( 'NONE',  ( 38.99999999999997868, 63.00000000000000000, -1.000000000000000000 ) ) ;
#8367 = DIRECTION ( 'NONE',  ( 0.000000000000000000, 1.000000000000000000, 0.000000000000000000 ) ) ;
#8368 = EDGE_CURVE ( 'NONE', #6996, #6587, #100, .T. ) ;
#8369 = ORIENTED_EDGE ( 'NONE', *, *, #5505, .F. ) ;
#8370 = AXIS2_PLACEMENT_3D ( 'NONE', #5198, #1779, #4516 ) ;
#8371 =( NAMED_UNIT ( * ) PLANE_ANGLE_UNIT ( ) SI_UNIT ( $, .RADIAN. ) );
#8372 = FILL_AREA_STYLE ('',( #158 ) ) ;
#8373 = DIRECTION ( 'NONE',  ( -0.000000000000000000, -0.1412171486779217056, -0.9899786446783980232 ) ) ;
#8374 = LINE ( 'NONE', #4201, #3633 ) ;
#8375 = CYLINDRICAL_SURFACE ( 'NONE', #7354, 2.500000000000015987 ) ;
#8376 = VECTOR ( 'NONE', #8520, 1000.000000000000000 ) ;
#8377 = EDGE_CURVE ( 'NONE', #6639, #4363, #3518, .T. ) ;
#8378 = EDGE_CURVE ( 'NONE', #8425, #3145, #1980, .T. ) ;
#8379 = ORIENTED_EDGE ( 'NONE', *, *, #4248, .T. ) ;
#8380 = LINE ( 'NONE', #4207, #8126 ) ;
#8381 = CARTESIAN_POINT ( 'NONE',  ( 31.13375866546478932, -53.61515718961152288, 31.79999999999997939 ) ) ;
#8382 = ORIENTED_EDGE ( 'NONE', *, *, #7267, .F. ) ;
#8383 = LINE ( 'NONE', #3546, #8122 ) ;
#8384 = FACE_OUTER_BOUND ( 'NONE', #1134, .T. ) ;
#8385 = CARTESIAN_POINT ( 'NONE',  ( -31.13375866546478932, 57.07249472080884800, 31.89999999999998437 ) ) ;
#8386 = ORIENTED_EDGE ( 'NONE', *, *, #6337, .T. ) ;
#8387 = ORIENTED_EDGE ( 'NONE', *, *, #7007, .T. ) ;
#8388 = ADVANCED_FACE ( 'NONE', ( #629 ), #1392, .F. ) ;
#8389 = COLOUR_RGB ( '',0.1019607843137254888, 0.1019607843137254888, 0.1019607843137254888 ) ;
#8390 = ORIENTED_EDGE ( 'NONE', *, *, #1666, .F. ) ;
#8391 = CARTESIAN_POINT ( 'NONE',  ( 39.94999999999998863, -51.11515718961152288, 31.79999999999997939 ) ) ;
#8392 = DIRECTION ( 'NONE',  ( 2.081668171172171669E-15, -0.9891347404802103283, -0.1470117858375538933 ) ) ;
#8393 = CARTESIAN_POINT ( 'NONE',  ( -44.11913387729994440, 71.26787457913182777, 30.93862763891440437 ) ) ;
#8394 = CARTESIAN_POINT ( 'NONE',  ( 24.44999999999998508, -57.74999999999999289, 13.19999999999999929 ) ) ;
#8395 = CARTESIAN_POINT ( 'NONE',  ( 38.65000000000000568, -44.27328119778358229, -2.042597028628136524 ) ) ;
#8396 = ORIENTED_EDGE ( 'NONE', *, *, #3000, .T. ) ;
#8397 = VECTOR ( 'NONE', #7272, 1000.000000000000000 ) ;
#8398 = FACE_OUTER_BOUND ( 'NONE', #3274, .T. ) ;
#8399 = ORIENTED_EDGE ( 'NONE', *, *, #4727, .T. ) ;
#8400 = ORIENTED_EDGE ( 'NONE', *, *, #8227, .F. ) ;
#8401 = VECTOR ( 'NONE', #881, 1000.000000000000000 ) ;
#8402 = FACE_OUTER_BOUND ( 'NONE', #524, .T. ) ;
#8403 = CARTESIAN_POINT ( 'NONE',  ( 39.94999999999998863, -51.11515718961152288, 31.89999999999998437 ) ) ;
#8404 = DIRECTION ( 'NONE',  ( -0.000000000000000000, -0.1412171486779217056, -0.9899786446783980232 ) ) ;
#8405 =( NAMED_UNIT ( * ) PLANE_ANGLE_UNIT ( ) SI_UNIT ( $, .RADIAN. ) );
#8406 = VECTOR ( 'NONE', #6437, 1000.000000000000000 ) ;
#8407 = CARTESIAN_POINT ( 'NONE',  ( 50.49999999999998579, 69.99999999999998579, 4.500000000000000000 ) ) ;
#8408 = LINE ( 'NONE', #4529, #231 ) ;
#8409 = CYLINDRICAL_SURFACE ( 'NONE', #5042, 1.649999999999989031 ) ;
#8410 = ADVANCED_FACE ( 'NONE', ( #4816 ), #4911, .F. ) ;
#8411 = CARTESIAN_POINT ( 'NONE',  ( 17.99999999999999645, -56.50000000000004263, -8.572527594031453468E-16 ) ) ;
#8412 = EDGE_CURVE ( 'NONE', #1549, #8597, #6430, .T. ) ;
#8413 = CARTESIAN_POINT ( 'NONE',  ( -38.49999999999999289, -63.50000000000002842, 10.19999999999999396 ) ) ;
#8414 = AXIS2_PLACEMENT_3D ( 'NONE', #6335, #7012, #4808 ) ;
#8415 = CARTESIAN_POINT ( 'NONE',  ( 33.54999999999998295, -72.28898669549229794, 11.65620978917501382 ) ) ;
#8416 = PRESENTATION_LAYER_ASSIGNMENT (  '', '', ( #5119 ) ) ;
#8417 = UNCERTAINTY_MEASURE_WITH_UNIT (LENGTH_MEASURE( 1.000000000000000082E-05 ), #4429, 'distance_accuracy_value', 'NONE');
#8418 = ORIENTED_EDGE ( 'NONE', *, *, #7757, .F. ) ;
#8419 = VECTOR ( 'NONE', #6722, 1000.000000000000000 ) ;
#8420 = VERTEX_POINT ( 'NONE', #8847 ) ;
#8421 = DIRECTION ( 'NONE',  ( -0.000000000000000000, -0.9986295347545737222, 0.05233595624294713061 ) ) ;
#8422 = AXIS2_PLACEMENT_3D ( 'NONE', #5252, #6516, #7312 ) ;
#8423 = DIRECTION ( 'NONE',  ( 0.000000000000000000, 0.000000000000000000, 1.000000000000000000 ) ) ;
#8424 = EDGE_CURVE ( 'NONE', #1844, #7298, #8221, .T. ) ;
#8425 = VERTEX_POINT ( 'NONE', #2172 ) ;
#8426 = DIRECTION ( 'NONE',  ( -0.000000000000000000, -0.1470117858375538933, 0.9891347404802104393 ) ) ;
#8427 = AXIS2_PLACEMENT_3D ( 'NONE', #2612, #5228, #3842 ) ;
#8428 = ORIENTED_EDGE ( 'NONE', *, *, #2693, .T. ) ;
#8429 = DIRECTION ( 'NONE',  ( 1.000000000000000000, 2.133691268666260576E-16, 3.171233917841537496E-17 ) ) ;
#8430 = ORIENTED_EDGE ( 'NONE', *, *, #5285, .F. ) ;
#8431 = DIRECTION ( 'NONE',  ( 1.000000000000000000, 0.000000000000000000, 0.000000000000000000 ) ) ;
#8432 = CARTESIAN_POINT ( 'NONE',  ( -33.64999999999999858, -47.33303916314994098, -11.80837304456138881 ) ) ;
#8433 = DIRECTION ( 'NONE',  ( -0.000000000000000000, -0.000000000000000000, 1.000000000000000000 ) ) ;
#8434 = EDGE_CURVE ( 'NONE', #719, #7576, #8132, .T. ) ;
#8435 = ORIENTED_EDGE ( 'NONE', *, *, #8511, .F. ) ;
#8436 = CIRCLE ( 'NONE', #1688, 3.000000000000002665 ) ;
#8437 = CIRCLE ( 'NONE', #4556, 2.300000000000011813 ) ;
#8438 = ORIENTED_EDGE ( 'NONE', *, *, #7358, .T. ) ;
#8439 = ORIENTED_EDGE ( 'NONE', *, *, #4075, .T. ) ;
#8440 =( NAMED_UNIT ( * ) PLANE_ANGLE_UNIT ( ) SI_UNIT ( $, .RADIAN. ) );
#8441 = FACE_OUTER_BOUND ( 'NONE', #6050, .T. ) ;
#8442 = DIRECTION ( 'NONE',  ( 0.000000000000000000, 0.000000000000000000, -1.000000000000000000 ) ) ;
#8443 =( GEOMETRIC_REPRESENTATION_CONTEXT ( 3 ) GLOBAL_UNCERTAINTY_ASSIGNED_CONTEXT ( ( #7699 ) ) GLOBAL_UNIT_ASSIGNED_CONTEXT ( ( #4247, #8371, #3581 ) ) REPRESENTATION_CONTEXT ( 'NONE', 'WORKASPACE' ) );
#8444 = ORIENTED_EDGE ( 'NONE', *, *, #5827, .F. ) ;
#8445 = FACE_OUTER_BOUND ( 'NONE', #779, .T. ) ;
#8446 = FILL_AREA_STYLE ('',( #7188 ) ) ;
#8447 = EDGE_CURVE ( 'NONE', #6224, #2386, #9, .T. ) ;
#8448 = ORIENTED_EDGE ( 'NONE', *, *, #6478, .T. ) ;
#8449 = ADVANCED_FACE ( 'NONE', ( #8265 ), #4015, .F. ) ;
#8450 = PLANE ( 'NONE',  #3645 ) ;
#8451 =( GEOMETRIC_REPRESENTATION_CONTEXT ( 3 ) GLOBAL_UNCERTAINTY_ASSIGNED_CONTEXT ( ( #8854 ) ) GLOBAL_UNIT_ASSIGNED_CONTEXT ( ( #3115, #2485, #7962 ) ) REPRESENTATION_CONTEXT ( 'NONE', 'WORKASPACE' ) );
#8452 = ORIENTED_EDGE ( 'NONE', *, *, #7584, .T. ) ;
#8453 = ORIENTED_EDGE ( 'NONE', *, *, #6603, .T. ) ;
#8454 = CARTESIAN_POINT ( 'NONE',  ( 35.04999999999998295, -72.10581084864197976, 15.15141316081602163 ) ) ;
#8455 = CARTESIAN_POINT ( 'NONE',  ( -26.44999999999998863, -60.25000000000004974, -30.80000000000000426 ) ) ;
#8456 = AXIS2_PLACEMENT_3D ( 'NONE', #1297, #6784, #8625 ) ;
#8457 = DIRECTION ( 'NONE',  ( 0.000000000000000000, 0.1470117858375537545, -0.9891347404802103283 ) ) ;
#8458 = CARTESIAN_POINT ( 'NONE',  ( 36.54999999999998295, -72.20567380211744535, 15.15664675644031689 ) ) ;
#8459 = CARTESIAN_POINT ( 'NONE',  ( 46.89999999999999858, -56.00000000000003553, 25.49999999999998579 ) ) ;
#8460 = DIRECTION ( 'NONE',  ( 0.000000000000000000, -0.000000000000000000, -1.000000000000000000 ) ) ;
#8461 = EDGE_CURVE ( 'NONE', #7720, #337, #2541, .T. ) ;
#8462 = ORIENTED_EDGE ( 'NONE', *, *, #1882, .F. ) ;
#8463 = EDGE_CURVE ( 'NONE', #7224, #6551, #7816, .T. ) ;
#8464 = FILL_AREA_STYLE ('',( #248 ) ) ;
#8465 =( NAMED_UNIT ( * ) PLANE_ANGLE_UNIT ( ) SI_UNIT ( $, .RADIAN. ) );
#8466 = VECTOR ( 'NONE', #3688, 1000.000000000000114 ) ;
#8467 = FACE_OUTER_BOUND ( 'NONE', #4654, .T. ) ;
#8468 = ORIENTED_EDGE ( 'NONE', *, *, #177, .F. ) ;
#8469 = FACE_OUTER_BOUND ( 'NONE', #2768, .T. ) ;
#8470 = STYLED_ITEM ( 'NONE', ( #5008 ), #5989 ) ;
#8471 = ORIENTED_EDGE ( 'NONE', *, *, #4417, .T. ) ;
#8472 = EDGE_CURVE ( 'NONE', #337, #7720, #6705, .T. ) ;
#8473 = CARTESIAN_POINT ( 'NONE',  ( -40.99999999999999289, 46.01751278847819293, 6.839428904855049396 ) ) ;
#8474 = CARTESIAN_POINT ( 'NONE',  ( -33.64999999999999858, 43.45146005237945275, -24.37968272913851209 ) ) ;
#8475 = VERTEX_POINT ( 'NONE', #3568 ) ;
#8476 = CARTESIAN_POINT ( 'NONE',  ( -28.99999999999999289, -50.55617398657856398, 9.967902644395051581 ) ) ;
#8477 = DIRECTION ( 'NONE',  ( 0.000000000000000000, -0.9891347404802104393, -0.1470117858375540321 ) ) ;
#8478 = DIRECTION ( 'NONE',  ( 0.000000000000000000, 0.000000000000000000, -1.000000000000000000 ) ) ;
#8479 = LINE ( 'NONE', #3771, #3444 ) ;
#8480 = VERTEX_POINT ( 'NONE', #8403 ) ;
#8481 = VECTOR ( 'NONE', #399, 1000.000000000000114 ) ;
#8482 = EDGE_LOOP ( 'NONE', ( #5280, #8619, #3608, #8201 ) ) ;
#8483 = VERTEX_POINT ( 'NONE', #5052 ) ;
#8484 = ADVANCED_FACE ( 'NONE', ( #2972 ), #8495, .F. ) ;
#8485 = DIRECTION ( 'NONE',  ( 1.000000000000000000, 0.000000000000000000, 0.000000000000000000 ) ) ;
#8486 = CARTESIAN_POINT ( 'NONE',  ( -35.49999999999997868, 52.04522303281746787, 27.74466640128494888 ) ) ;
#8487 =( NAMED_UNIT ( * ) SI_UNIT ( $, .STERADIAN. ) SOLID_ANGLE_UNIT ( ) );
#8488 = ORIENTED_EDGE ( 'NONE', *, *, #2271, .F. ) ;
#8489 = SURFACE_SIDE_STYLE ('',( #3095 ) ) ;
#8490 = ORIENTED_EDGE ( 'NONE', *, *, #4650, .T. ) ;
#8491 = DIRECTION ( 'NONE',  ( -0.000000000000000000, -0.000000000000000000, 1.000000000000000000 ) ) ;
#8492 = ORIENTED_EDGE ( 'NONE', *, *, #7552, .F. ) ;
#8493 = EDGE_CURVE ( 'NONE', #2434, #1841, #5632, .T. ) ;
#8494 = CARTESIAN_POINT ( 'NONE',  ( -46.50000000000002842, 69.79473319220203109, 2.115800423393818352 ) ) ;
#8495 = CYLINDRICAL_SURFACE ( 'NONE', #821, 2.500000000000015987 ) ;
#8496 = CIRCLE ( 'NONE', #594, 2.500000000000002220 ) ;
#8497 = DIRECTION ( 'NONE',  ( 0.000000000000000000, 0.9899786446783979121, -0.1412171486779218166 ) ) ;
#8498 = CARTESIAN_POINT ( 'NONE',  ( 28.99999999999999289, -50.92370345117245023, 12.44073949559558123 ) ) ;
#8499 = CARTESIAN_POINT ( 'NONE',  ( 42.50000000000000000, -65.00000000000002842, 0.000000000000000000 ) ) ;
#8500 = CARTESIAN_POINT ( 'NONE',  ( 17.99999999999999645, -57.50000000000004263, 1.000000000000000000 ) ) ;
#8501 = PRESENTATION_LAYER_ASSIGNMENT (  '', '', ( #5917 ) ) ;
#8502 = DIRECTION ( 'NONE',  ( 0.000000000000000000, -0.1470117858375538933, 0.9891347404802104393 ) ) ;
#8503 =( BOUNDED_CURVE ( )  B_SPLINE_CURVE ( 3, ( #7976, #1996, #7430, #4742 ),
 .UNSPECIFIED., .F., .T. ) 
 B_SPLINE_CURVE_WITH_KNOTS ( ( 4, 4 ),
 ( 1.570796326794896558, 3.141592653589793116 ),
 .UNSPECIFIED. ) 
 CURVE ( )  GEOMETRIC_REPRESENTATION_ITEM ( )  RATIONAL_B_SPLINE_CURVE ( ( 1.000000000000000000, 0.8047378541243649375, 0.8047378541243649375, 1.000000000000000000 ) ) 
 REPRESENTATION_ITEM ( '' )  );
#8504 = EDGE_LOOP ( 'NONE', ( #1826, #2116, #6637, #3940, #1846 ) ) ;
#8505 = DIRECTION ( 'NONE',  ( 0.000000000000000000, 0.000000000000000000, 1.000000000000000000 ) ) ;
#8506 = LINE ( 'NONE', #7832, #3555 ) ;
#8507 = CIRCLE ( 'NONE', #4634, 3.300000000000001599 ) ;
#8508 = VERTEX_POINT ( 'NONE', #1632 ) ;
#8509 = LINE ( 'NONE', #3762, #8062 ) ;
#8510 = CARTESIAN_POINT ( 'NONE',  ( -36.15000000000000568, 49.18588027307566790, -17.16363098989343072 ) ) ;
#8511 = EDGE_CURVE ( 'NONE', #4256, #6825, #858, .T. ) ;
#8512 = AXIS2_PLACEMENT_3D ( 'NONE', #5138, #2400, #8586 ) ;
#8513 = UNCERTAINTY_MEASURE_WITH_UNIT (LENGTH_MEASURE( 1.000000000000000082E-05 ), #1783, 'distance_accuracy_value', 'NONE');
#8514 = ORIENTED_EDGE ( 'NONE', *, *, #8807, .F. ) ;
#8515 = LINE ( 'NONE', #5747, #3892 ) ;
#8516 = CARTESIAN_POINT ( 'NONE',  ( 41.69999999999999574, -60.77133123440132323, 31.89999999999998437 ) ) ;
#8517 = VERTEX_POINT ( 'NONE', #6344 ) ;
#8518 = CARTESIAN_POINT ( 'NONE',  ( 35.04999999999999005, -72.27328590861941393, 11.95579864960138750 ) ) ;
#8519 = LINE ( 'NONE', #3640, #6836 ) ;
#8520 = DIRECTION ( 'NONE',  ( 1.000000000000000000, 0.000000000000000000, 0.000000000000000000 ) ) ;
#8521 = ORIENTED_EDGE ( 'NONE', *, *, #1268, .T. ) ;
#8522 = PRESENTATION_LAYER_ASSIGNMENT (  '', '', ( #2769 ) ) ;
#8523 = EDGE_CURVE ( 'NONE', #581, #87, #7062, .T. ) ;
#8524 = EDGE_CURVE ( 'NONE', #2427, #5620, #5677, .T. ) ;
#8525 = ORIENTED_EDGE ( 'NONE', *, *, #4283, .F. ) ;
#8526 = ORIENTED_EDGE ( 'NONE', *, *, #3168, .F. ) ;
#8527 = COLOUR_RGB ( '',0.7921568627450980005, 0.8196078431372548767, 0.9333333333333333481 ) ;
#8528 = LINE ( 'NONE', #5208, #4989 ) ;
#8529 = DIRECTION ( 'NONE',  ( 0.000000000000000000, 0.000000000000000000, 1.000000000000000000 ) ) ;
#8530 = CARTESIAN_POINT ( 'NONE',  ( 34.64999999999999147, -70.38341475295676730, 22.94978717319600392 ) ) ;
#8531 = LINE ( 'NONE', #7099, #5117 ) ;
#8532 = FACE_OUTER_BOUND ( 'NONE', #8022, .T. ) ;
#8533 = EDGE_LOOP ( 'NONE', ( #796, #1818, #1405, #7672 ) ) ;
#8534 = EDGE_CURVE ( 'NONE', #3784, #2203, #4955, .T. ) ;
#8535 = STYLED_ITEM ( 'NONE', ( #6977 ), #2087 ) ;
#8536 = EDGE_LOOP ( 'NONE', ( #8076, #4245, #1403, #760 ) ) ;
#8537 = LINE ( 'NONE', #6570, #4109 ) ;
#8538 = DIRECTION ( 'NONE',  ( -1.000000000000000000, -0.000000000000000000, -0.000000000000000000 ) ) ;
#8539 =( NAMED_UNIT ( * ) SI_UNIT ( $, .STERADIAN. ) SOLID_ANGLE_UNIT ( ) );
#8540 = DIRECTION ( 'NONE',  ( 1.000000000000000000, 0.000000000000000000, 0.000000000000000000 ) ) ;
#8541 = FACE_OUTER_BOUND ( 'NONE', #4672, .T. ) ;
#8542 = EDGE_CURVE ( 'NONE', #3266, #2472, #2268, .T. ) ;
#8543 = CARTESIAN_POINT ( 'NONE',  ( 31.69999999999999929, -60.25000000000001421, 11.05460325471487160 ) ) ;
#8544 = PRESENTATION_LAYER_ASSIGNMENT (  '', '', ( #7387 ) ) ;
#8545 = FACE_OUTER_BOUND ( 'NONE', #8015, .T. ) ;
#8546 = AXIS2_PLACEMENT_3D ( 'NONE', #3200, #6751, #8677 ) ;
#8547 = DIRECTION ( 'NONE',  ( -1.000000000000000000, -0.000000000000000000, 0.000000000000000000 ) ) ;
#8548 =( NAMED_UNIT ( * ) SI_UNIT ( $, .STERADIAN. ) SOLID_ANGLE_UNIT ( ) );
#8549 = EDGE_LOOP ( 'NONE', ( #1738, #6543, #1642, #4942 ) ) ;
#8550 = FACE_OUTER_BOUND ( 'NONE', #4418, .T. ) ;
#8551 = EDGE_CURVE ( 'NONE', #354, #6061, #2315, .T. ) ;
#8552 = VECTOR ( 'NONE', #2727, 1000.000000000000000 ) ;
#8553 = DIRECTION ( 'NONE',  ( -0.000000000000000000, -0.1470117858375538933, 0.9891347404802104393 ) ) ;
#8554 = CARTESIAN_POINT ( 'NONE',  ( -39.00000000000002132, 62.99999999999997158, -1.000000000000000000 ) ) ;
#8555 = EDGE_LOOP ( 'NONE', ( #8160, #712, #1650, #6099, #2064, #2602, #1374, #3775, #2262, #6651, #7488, #5833, #1956, #6040, #6848, #6841 ) ) ;
#8556 = DIRECTION ( 'NONE',  ( 0.000000000000000000, 0.9891347404802105503, 0.1470117858375536157 ) ) ;
#8557 = EDGE_LOOP ( 'NONE', ( #834, #8862, #6862, #1559, #778, #752, #6887, #4359 ) ) ;
#8558 = AXIS2_PLACEMENT_3D ( 'NONE', #8652, #1832, #3051 ) ;
#8559 = FACE_OUTER_BOUND ( 'NONE', #1232, .T. ) ;
#8560 = DIRECTION ( 'NONE',  ( 0.7071067811865472397, 0.7071067811865479058, 0.000000000000000000 ) ) ;
#8561 = DIRECTION ( 'NONE',  ( -2.775557561562890735E-17, -0.1470117858375538933, 0.9891347404802104393 ) ) ;
#8562 = VERTEX_POINT ( 'NONE', #2393 ) ;
#8563 = CIRCLE ( 'NONE', #3978, 4.000000000000000000 ) ;
#8564 = VECTOR ( 'NONE', #2834, 1000.000000000000000 ) ;
#8565 = ORIENTED_EDGE ( 'NONE', *, *, #4950, .F. ) ;
#8566 = ORIENTED_EDGE ( 'NONE', *, *, #885, .T. ) ;
#8567 = DIRECTION ( 'NONE',  ( 0.000000000000000000, 0.000000000000000000, -1.000000000000000000 ) ) ;
#8568 = ORIENTED_EDGE ( 'NONE', *, *, #322, .F. ) ;
#8569 = EDGE_CURVE ( 'NONE', #4256, #1992, #7640, .T. ) ;
#8570 = ADVANCED_FACE ( 'NONE', ( #7953 ), #1714, .F. ) ;
#8571 =( LENGTH_UNIT ( ) NAMED_UNIT ( * ) SI_UNIT ( .MILLI., .METRE. ) );
#8572 = VECTOR ( 'NONE', #6647, 1000.000000000000000 ) ;
#8573 =( GEOMETRIC_REPRESENTATION_CONTEXT ( 3 ) GLOBAL_UNCERTAINTY_ASSIGNED_CONTEXT ( ( #3412 ) ) GLOBAL_UNIT_ASSIGNED_CONTEXT ( ( #8320, #4334, #2180 ) ) REPRESENTATION_CONTEXT ( 'NONE', 'WORKASPACE' ) );
#8574 = ORIENTED_EDGE ( 'NONE', *, *, #4599, .T. ) ;
#8575 = ORIENTED_EDGE ( 'NONE', *, *, #6095, .F. ) ;
#8576 = AXIS2_PLACEMENT_3D ( 'NONE', #1554, #23, #2749 ) ;
#8577 = AXIS2_PLACEMENT_3D ( 'NONE', #4766, #1389, #7410 ) ;
#8578 = ORIENTED_EDGE ( 'NONE', *, *, #962, .F. ) ;
#8579 = FACE_OUTER_BOUND ( 'NONE', #1671, .T. ) ;
#8580 = CARTESIAN_POINT ( 'NONE',  ( 26.44999999999998863, -62.75000000000002842, -30.80000000000000426 ) ) ;
#8581 = EDGE_CURVE ( 'NONE', #3010, #2264, #1888, .T. ) ;
#8582 = CARTESIAN_POINT ( 'NONE',  ( 24.49999999999999645, 55.49999999999997868, 4.500000000000000000 ) ) ;
#8583 = CARTESIAN_POINT ( 'NONE',  ( 30.00000000000000000, 3.558868336046677960, -23.94502106020632226 ) ) ;
#8584 = COLOUR_RGB ( '',0.1019607843137254888, 0.1019607843137254888, 0.1019607843137254888 ) ;
#8585 = CARTESIAN_POINT ( 'NONE',  ( -38.50000000000000000, -50.00000000000001421, 0.000000000000000000 ) ) ;
#8586 = DIRECTION ( 'NONE',  ( 0.000000000000000000, 0.000000000000000000, 1.000000000000000000 ) ) ;
#8587 = CARTESIAN_POINT ( 'NONE',  ( 50.49999999999998579, 65.99999999999995737, -1.000000000000000000 ) ) ;
#8588 = VECTOR ( 'NONE', #4226, 1000.000000000000000 ) ;
#8589 = DIRECTION ( 'NONE',  ( 0.000000000000000000, 0.000000000000000000, 1.000000000000000000 ) ) ;
#8590 = EDGE_CURVE ( 'NONE', #2246, #1460, #5848, .T. ) ;
#8591 = SURFACE_STYLE_USAGE ( .BOTH. , #3030 ) ;
#8592 = DIRECTION ( 'NONE',  ( -1.000000000000000000, 0.000000000000000000, -0.000000000000000000 ) ) ;
#8593 = ORIENTED_EDGE ( 'NONE', *, *, #7875, .T. ) ;
#8594 = DIRECTION ( 'NONE',  ( 0.000000000000000000, 0.000000000000000000, 1.000000000000000000 ) ) ;
#8595 = SURFACE_STYLE_USAGE ( .BOTH. , #8012 ) ;
#8596 = LINE ( 'NONE', #1012, #1478 ) ;
#8597 = VERTEX_POINT ( 'NONE', #2517 ) ;
#8598 = EDGE_CURVE ( 'NONE', #7276, #5918, #3105, .T. ) ;
#8599 = CARTESIAN_POINT ( 'NONE',  ( -26.44999999999998863, -62.75000000000005684, 8.155575096830386173 ) ) ;
#8600 = DIRECTION ( 'NONE',  ( 0.000000000000000000, 0.000000000000000000, -1.000000000000000000 ) ) ;
#8601 = AXIS2_PLACEMENT_3D ( 'NONE', #3548, #1468, #8827 ) ;
#8602 = ORIENTED_EDGE ( 'NONE', *, *, #5538, .T. ) ;
#8603 = CARTESIAN_POINT ( 'NONE',  ( 52.79999999999999005, -56.00000000000003553, 23.59999999999998721 ) ) ;
#8604 = DIRECTION ( 'NONE',  ( -0.000000000000000000, 0.9891347404802103283, 0.1470117858375540043 ) ) ;
#8605 = EDGE_LOOP ( 'NONE', ( #3454, #5905, #4832, #3626, #7998 ) ) ;
#8606 = CIRCLE ( 'NONE', #298, 2.500000000000002220 ) ;
#8607 = ORIENTED_EDGE ( 'NONE', *, *, #8129, .T. ) ;
#8608 = EDGE_LOOP ( 'NONE', ( #3405, #2101, #3416, #6897 ) ) ;
#8609 = LINE ( 'NONE', #4409, #3699 ) ;
#8610 = DIRECTION ( 'NONE',  ( 0.8944271909999149672, 6.926713597230147389E-17, -0.4472135954999599816 ) ) ;
#8611 = VERTEX_POINT ( 'NONE', #7237 ) ;
#8612 = LINE ( 'NONE', #1029, #2391 ) ;
#8613 = CIRCLE ( 'NONE', #1161, 3.000000000000002665 ) ;
#8614 =( LENGTH_UNIT ( ) NAMED_UNIT ( * ) SI_UNIT ( .MILLI., .METRE. ) );
#8615 = ORIENTED_EDGE ( 'NONE', *, *, #5676, .T. ) ;
#8616 = ORIENTED_EDGE ( 'NONE', *, *, #6274, .F. ) ;
#8617 = EDGE_CURVE ( 'NONE', #2239, #3716, #8622, .T. ) ;
#8618 = EDGE_CURVE ( 'NONE', #5153, #2278, #6614, .T. ) ;
#8619 = ORIENTED_EDGE ( 'NONE', *, *, #7691, .T. ) ;
#8620 = CYLINDRICAL_SURFACE ( 'NONE', #5551, 3.000000000000002665 ) ;
#8621 = ORIENTED_EDGE ( 'NONE', *, *, #5675, .F. ) ;
#8622 = LINE ( 'NONE', #7324, #5993 ) ;
#8623 = DIRECTION ( 'NONE',  ( -2.368743718123199160E-16, -1.000000000000000000, -1.215422028459298757E-16 ) ) ;
#8624 = CARTESIAN_POINT ( 'NONE',  ( 50.49999999999998579, 65.99999999999998579, 0.8508893593264653665 ) ) ;
#8625 = DIRECTION ( 'NONE',  ( 0.000000000000000000, -0.4694715627858940810, -0.8829475928589252121 ) ) ;
#8626 = PRESENTATION_LAYER_ASSIGNMENT (  '', '', ( #1609 ) ) ;
#8627 = DIRECTION ( 'NONE',  ( -1.000000000000000000, 0.000000000000000000, 0.000000000000000000 ) ) ;
#8628 = ADVANCED_FACE ( 'NONE', ( #4585 ), #1295, .T. ) ;
#8629 =( BOUNDED_CURVE ( )  B_SPLINE_CURVE ( 3, ( #2284, #3719, #6361, #7790 ),
 .UNSPECIFIED., .F., .T. ) 
 B_SPLINE_CURVE_WITH_KNOTS ( ( 4, 4 ),
 ( 1.570796326794899445, 3.141592653589793116 ),
 .UNSPECIFIED. ) 
 CURVE ( )  GEOMETRIC_REPRESENTATION_ITEM ( )  RATIONAL_B_SPLINE_CURVE ( ( 1.000000000000000000, 0.8047378541243657146, 0.8047378541243657146, 1.000000000000000000 ) ) 
 REPRESENTATION_ITEM ( '' )  );
#8630 = CIRCLE ( 'NONE', #7341, 2.024999999999999023 ) ;
#8631 = FACE_BOUND ( 'NONE', #3991, .T. ) ;
#8632 = PRESENTATION_STYLE_ASSIGNMENT (( #4506 ) ) ;
#8633 = FILL_AREA_STYLE ('',( #5899 ) ) ;
#8634 = VERTEX_POINT ( 'NONE', #4179 ) ;
#8635 = FACE_OUTER_BOUND ( 'NONE', #6610, .T. ) ;
#8636 = PLANE ( 'NONE',  #8769 ) ;
#8637 = MECHANICAL_DESIGN_GEOMETRIC_PRESENTATION_REPRESENTATION (  '', ( #2475 ), #8355 ) ;
#8638 =( GEOMETRIC_REPRESENTATION_CONTEXT ( 3 ) GLOBAL_UNCERTAINTY_ASSIGNED_CONTEXT ( ( #1971 ) ) GLOBAL_UNIT_ASSIGNED_CONTEXT ( ( #5737, #918, #2446 ) ) REPRESENTATION_CONTEXT ( 'NONE', 'WORKASPACE' ) );
#8639 = EDGE_CURVE ( 'NONE', #299, #1629, #4092, .T. ) ;
#8640 = ORIENTED_EDGE ( 'NONE', *, *, #687, .F. ) ;
#8641 =( GEOMETRIC_REPRESENTATION_CONTEXT ( 3 ) GLOBAL_UNCERTAINTY_ASSIGNED_CONTEXT ( ( #5191 ) ) GLOBAL_UNIT_ASSIGNED_CONTEXT ( ( #4600, #5284, #8013 ) ) REPRESENTATION_CONTEXT ( 'NONE', 'WORKASPACE' ) );
#8642 = LINE ( 'NONE', #8473, #2453 ) ;
#8643 = AXIS2_PLACEMENT_3D ( 'NONE', #8714, #2567, #1262 ) ;
#8644 = ORIENTED_EDGE ( 'NONE', *, *, #8792, .T. ) ;
#8645 = PLANE ( 'NONE',  #1493 ) ;
#8646 = CARTESIAN_POINT ( 'NONE',  ( -37.25735931288070191, -53.00000000000001421, -11.00000000000001421 ) ) ;
#8647 = ORIENTED_EDGE ( 'NONE', *, *, #7057, .F. ) ;
#8648 = CARTESIAN_POINT ( 'NONE',  ( 24.44999999999998508, -57.74999999999999289, -30.80000000000000426 ) ) ;
#8649 = EDGE_CURVE ( 'NONE', #3936, #3979, #4051, .T. ) ;
#8650 = ORIENTED_EDGE ( 'NONE', *, *, #7117, .F. ) ;
#8651 = ORIENTED_EDGE ( 'NONE', *, *, #4183, .F. ) ;
#8652 = CARTESIAN_POINT ( 'NONE',  ( -25.44999999999998508, -60.25000000000004263, 13.19999999999999929 ) ) ;
#8653 = LINE ( 'NONE', #3821, #8481 ) ;
#8654 = CARTESIAN_POINT ( 'NONE',  ( 33.00000000000000711, -42.64309606273688047, 11.14399693109548473 ) ) ;
#8655 = ORIENTED_EDGE ( 'NONE', *, *, #1370, .T. ) ;
#8656 = VECTOR ( 'NONE', #4937, 1000.000000000000114 ) ;
#8657 = CARTESIAN_POINT ( 'NONE',  ( 45.02805403293835695, 71.47194596706158620, 29.15700786872882944 ) ) ;
#8658 = CARTESIAN_POINT ( 'NONE',  ( -46.50000000000002842, 65.99999999999998579, 0.8508893593264736932 ) ) ;
#8659 = CARTESIAN_POINT ( 'NONE',  ( 16.19999999999999574, -63.50000000000002842, 8.044105107084975614 ) ) ;
#8660 = EDGE_LOOP ( 'NONE', ( #3220, #1482, #5951, #6589 ) ) ;
#8661 = EDGE_CURVE ( 'NONE', #5460, #6237, #1477, .T. ) ;
#8662 = ORIENTED_EDGE ( 'NONE', *, *, #4801, .F. ) ;
#8663 = AXIS2_PLACEMENT_3D ( 'NONE', #5245, #1824, #3899 ) ;
#8664 = ORIENTED_EDGE ( 'NONE', *, *, #8434, .T. ) ;
#8665 = CARTESIAN_POINT ( 'NONE',  ( 49.06344017001683966, -69.62754651303023934, 19.99999999999989697 ) ) ;
#8666 = ORIENTED_EDGE ( 'NONE', *, *, #5097, .T. ) ;
#8667 = DIRECTION ( 'NONE',  ( 2.368743718123199160E-16, 1.000000000000000000, 1.215422028459298757E-16 ) ) ;
#8668 = CARTESIAN_POINT ( 'NONE',  ( -28.99999999999999289, -49.93456871069224690, 12.58775128143312827 ) ) ;
#8669 = AXIS2_PLACEMENT_3D ( 'NONE', #7112, #2353, #5769 ) ;
#8670 = DIRECTION ( 'NONE',  ( 1.000000000000000000, -1.810146235801888476E-15, 0.000000000000000000 ) ) ;
#8671 = AXIS2_PLACEMENT_3D ( 'NONE', #849, #6824, #2208 ) ;
#8672 = DIRECTION ( 'NONE',  ( 0.000000000000000000, -1.000000000000000000, 0.000000000000000000 ) ) ;
#8673 =( NAMED_UNIT ( * ) PLANE_ANGLE_UNIT ( ) SI_UNIT ( $, .RADIAN. ) );
#8674 = ADVANCED_FACE ( 'NONE', ( #8445 ), #5040, .F. ) ;
#8675 = LINE ( 'NONE', #5279, #5148 ) ;
#8676 = EDGE_CURVE ( 'NONE', #5291, #6911, #1112, .T. ) ;
#8677 = DIRECTION ( 'NONE',  ( 1.000000000000000000, 0.000000000000000000, -0.000000000000000000 ) ) ;
#8678 = ORIENTED_EDGE ( 'NONE', *, *, #4333, .F. ) ;
#8679 = DIRECTION ( 'NONE',  ( -0.000000000000000000, -0.1470117858375538933, 0.9891347404802104393 ) ) ;
#8680 =( GEOMETRIC_REPRESENTATION_CONTEXT ( 3 ) GLOBAL_UNCERTAINTY_ASSIGNED_CONTEXT ( ( #7423 ) ) GLOBAL_UNIT_ASSIGNED_CONTEXT ( ( #6899, #6999, #748 ) ) REPRESENTATION_CONTEXT ( 'NONE', 'WORKASPACE' ) );
#8681 = AXIS2_PLACEMENT_3D ( 'NONE', #8454, #2313, #4282 ) ;
#8682 = UNCERTAINTY_MEASURE_WITH_UNIT (LENGTH_MEASURE( 1.000000000000000082E-05 ), #2308, 'distance_accuracy_value', 'NONE');
#8683 = AXIS2_PLACEMENT_3D ( 'NONE', #6166, #4874, #4728 ) ;
#8684 = VERTEX_POINT ( 'NONE', #5236 ) ;
#8685 = VECTOR ( 'NONE', #6109, 1000.000000000000114 ) ;
#8686 = CARTESIAN_POINT ( 'NONE',  ( 52.79999999999999005, 58.99999999999995737, 1.499999999999993783 ) ) ;
#8687 = ORIENTED_EDGE ( 'NONE', *, *, #2737, .F. ) ;
#8688 = DIRECTION ( 'NONE',  ( -1.000000000000000000, -0.000000000000000000, 0.000000000000000000 ) ) ;
#8689 = EDGE_CURVE ( 'NONE', #3344, #1164, #7858, .T. ) ;
#8690 = CARTESIAN_POINT ( 'NONE',  ( -33.64999999999999858, -45.69957439943059541, -12.04138133987996007 ) ) ;
#8691 = LINE ( 'NONE', #2543, #4655 ) ;
#8692 = EDGE_LOOP ( 'NONE', ( #5823, #5574, #2205, #5516 ) ) ;
#8693 = DIRECTION ( 'NONE',  ( 0.000000000000000000, -1.000000000000000000, -1.548860246407863829E-16 ) ) ;
#8694 = AXIS2_PLACEMENT_3D ( 'NONE', #5379, #7259, #4605 ) ;
#8695 = ORIENTED_EDGE ( 'NONE', *, *, #1872, .F. ) ;
#8696 = VECTOR ( 'NONE', #3923, 1000.000000000000000 ) ;
#8697 = ORIENTED_EDGE ( 'NONE', *, *, #6663, .T. ) ;
#8698 =( NAMED_UNIT ( * ) PLANE_ANGLE_UNIT ( ) SI_UNIT ( $, .RADIAN. ) );
#8699 = DIRECTION ( 'NONE',  ( 1.000000000000000000, 0.000000000000000000, 0.000000000000000000 ) ) ;
#8700 = LINE ( 'NONE', #6770, #8397 ) ;
#8701 = ORIENTED_EDGE ( 'NONE', *, *, #7071, .T. ) ;
#8702 = EDGE_CURVE ( 'NONE', #7662, #1364, #1689, .T. ) ;
#8703 = CARTESIAN_POINT ( 'NONE',  ( 38.65000000000000568, -44.01315320495702110, -11.90314764344412701 ) ) ;
#8704 = DIRECTION ( 'NONE',  ( 0.000000000000000000, 0.9899786446783979121, -0.1412171486779215390 ) ) ;
#8705 = ORIENTED_EDGE ( 'NONE', *, *, #502, .F. ) ;
#8706 = VERTEX_POINT ( 'NONE', #8852 ) ;
#8707 = ORIENTED_EDGE ( 'NONE', *, *, #5625, .T. ) ;
#8708 = DIRECTION ( 'NONE',  ( 1.000000000000000000, -1.355252715606880543E-16, 5.421010862427522170E-17 ) ) ;
#8709 = VECTOR ( 'NONE', #2623, 999.9999999999998863 ) ;
#8710 = VECTOR ( 'NONE', #7534, 1000.000000000000000 ) ;
#8711 = VERTEX_POINT ( 'NONE', #1942 ) ;
#8712 = EDGE_CURVE ( 'NONE', #1600, #4069, #3415, .T. ) ;
#8713 = DIRECTION ( 'NONE',  ( 1.000000000000000000, 0.000000000000000000, 0.000000000000000000 ) ) ;
#8714 = CARTESIAN_POINT ( 'NONE',  ( -33.64999999999999858, -44.27328119778358229, -2.042597028628136524 ) ) ;
#8715 = DIRECTION ( 'NONE',  ( -0.000000000000000000, -0.1412171486779217056, -0.9899786446783980232 ) ) ;
#8716 = ORIENTED_EDGE ( 'NONE', *, *, #6835, .T. ) ;
#8717 = DIRECTION ( 'NONE',  ( 1.810146235801888476E-15, 1.000000000000000000, -0.000000000000000000 ) ) ;
#8718 = FACE_BOUND ( 'NONE', #2422, .T. ) ;
#8719 = VECTOR ( 'NONE', #772, 1000.000000000000000 ) ;
#8720 = FILL_AREA_STYLE_COLOUR ( '', #8584 ) ;
#8721 = DIRECTION ( 'NONE',  ( -0.000000000000000000, -0.1412171486779217056, -0.9899786446783980232 ) ) ;
#8722 = DIRECTION ( 'NONE',  ( 0.000000000000000000, 1.000000000000000000, 0.000000000000000000 ) ) ;
#8723 = LINE ( 'NONE', #3290, #7780 ) ;
#8724 = MECHANICAL_DESIGN_GEOMETRIC_PRESENTATION_REPRESENTATION (  '', ( #4574 ), #2297 ) ;
#8725 = EDGE_CURVE ( 'NONE', #8684, #6091, #4776, .T. ) ;
#8726 = EDGE_CURVE ( 'NONE', #1600, #1741, #4108, .T. ) ;
#8727 = EDGE_LOOP ( 'NONE', ( #5068, #2890 ) ) ;
#8728 = LINE ( 'NONE', #3297, #2025 ) ;
#8729 = EDGE_LOOP ( 'NONE', ( #7055, #7477, #8462, #6427, #842 ) ) ;
#8730 = DIRECTION ( 'NONE',  ( 0.000000000000000000, -0.4694715627858927487, -0.8829475928589258782 ) ) ;
#8731 = CARTESIAN_POINT ( 'NONE',  ( 38.69999999999996021, 67.22866876559864124, 31.89999999999998437 ) ) ;
#8732 = AXIS2_PLACEMENT_3D ( 'NONE', #1530, #6914, #7632 ) ;
#8733 = DIRECTION ( 'NONE',  ( 0.000000000000000000, 0.9891347404802104393, 0.1470117858375531439 ) ) ;
#8734 = DIRECTION ( 'NONE',  ( -1.000000000000000000, -1.059373115100340619E-16, 0.000000000000000000 ) ) ;
#8735 = EDGE_LOOP ( 'NONE', ( #1963, #5970, #8798, #2460 ) ) ;
#8736 = LINE ( 'NONE', #5338, #1755 ) ;
#8737 = ORIENTED_EDGE ( 'NONE', *, *, #8023, .T. ) ;
#8738 = EDGE_CURVE ( 'NONE', #1992, #6825, #2132, .T. ) ;
#8739 = PRESENTATION_LAYER_ASSIGNMENT (  '', '', ( #5161 ) ) ;
#8740 = ORIENTED_EDGE ( 'NONE', *, *, #1341, .F. ) ;
#8741 = CARTESIAN_POINT ( 'NONE',  ( -49.06344017001681124, -69.62754651303031039, 19.99999999999997868 ) ) ;
#8742 = DIRECTION ( 'NONE',  ( -1.110223024625157033E-16, 1.000000000000000000, -0.000000000000000000 ) ) ;
#8743 = LINE ( 'NONE', #4704, #6248 ) ;
#8744 = ORIENTED_EDGE ( 'NONE', *, *, #8249, .F. ) ;
#8745 = LINE ( 'NONE', #3269, #111 ) ;
#8746 = CARTESIAN_POINT ( 'NONE',  ( 29.49999999999999289, -65.57133123440134170, 20.00000000000000000 ) ) ;
#8747 = ORIENTED_EDGE ( 'NONE', *, *, #3528, .T. ) ;
#8748 = ORIENTED_EDGE ( 'NONE', *, *, #6444, .F. ) ;
#8749 = EDGE_CURVE ( 'NONE', #4217, #2367, #5426, .T. ) ;
#8750 = ORIENTED_EDGE ( 'NONE', *, *, #6930, .F. ) ;
#8751 = DIRECTION ( 'NONE',  ( -1.000000000000000000, 1.084202172485504434E-16, -0.000000000000000000 ) ) ;
#8752 = VECTOR ( 'NONE', #8604, 1000.000000000000227 ) ;
#8753 = ORIENTED_EDGE ( 'NONE', *, *, #341, .F. ) ;
#8754 = DIRECTION ( 'NONE',  ( 1.000000000000000000, -2.368743718123199160E-16, 3.378933834787557601E-17 ) ) ;
#8755 = LINE ( 'NONE', #7284, #7792 ) ;
#8756 = DIRECTION ( 'NONE',  ( 0.000000000000000000, -0.9891347404802104393, -0.1470117858375531439 ) ) ;
#8757 = VECTOR ( 'NONE', #2245, 1000.000000000000227 ) ;
#8758 = SURFACE_STYLE_USAGE ( .BOTH. , #3967 ) ;
#8759 = EDGE_CURVE ( 'NONE', #1410, #1700, #7564, .T. ) ;
#8760 = EDGE_CURVE ( 'NONE', #8163, #7385, #6286, .T. ) ;
#8761 = CARTESIAN_POINT ( 'NONE',  ( -42.70000000000000284, 59.19999999999996021, 0.000000000000000000 ) ) ;
#8762 = DIRECTION ( 'NONE',  ( 2.775557561562890735E-17, 0.1470117858375538933, -0.9891347404802104393 ) ) ;
#8763 = CARTESIAN_POINT ( 'NONE',  ( -26.25000000000000355, -25.57133123440134170, 21.00000000000000000 ) ) ;
#8764 = DIRECTION ( 'NONE',  ( -0.000000000000000000, -0.000000000000000000, -1.000000000000000000 ) ) ;
#8765 = SURFACE_SIDE_STYLE ('',( #421 ) ) ;
#8766 = LINE ( 'NONE', #2615, #1655 ) ;
#8767 = FACE_OUTER_BOUND ( 'NONE', #6762, .T. ) ;
#8768 = CARTESIAN_POINT ( 'NONE',  ( -26.25000000000000355, -25.57133123440134170, 21.00000000000000000 ) ) ;
#8769 = AXIS2_PLACEMENT_3D ( 'NONE', #6539, #379, #5861 ) ;
#8770 = CARTESIAN_POINT ( 'NONE',  ( -24.44999999999998508, -57.75000000000002132, 8.898708361799847921 ) ) ;
#8771 = ORIENTED_EDGE ( 'NONE', *, *, #7583, .F. ) ;
#8772 = VERTEX_POINT ( 'NONE', #62 ) ;
#8773 = DIRECTION ( 'NONE',  ( 0.000000000000000000, 0.000000000000000000, 1.000000000000000000 ) ) ;
#8774 = SURFACE_STYLE_USAGE ( .BOTH. , #2584 ) ;
#8775 = AXIS2_PLACEMENT_3D ( 'NONE', #4568, #8491, #6009 ) ;
#8776 = ADVANCED_FACE ( 'NONE', ( #6126 ), #4691, .F. ) ;
#8777 = DIRECTION ( 'NONE',  ( 0.000000000000000000, 0.1470117858375539210, -0.9891347404802105503 ) ) ;
#8778 = EDGE_CURVE ( 'NONE', #256, #990, #7288, .T. ) ;
#8779 = ORIENTED_EDGE ( 'NONE', *, *, #1691, .F. ) ;
#8780 = DIRECTION ( 'NONE',  ( -0.7071067811865479058, 0.7071067811865472397, 0.000000000000000000 ) ) ;
#8781 = ORIENTED_EDGE ( 'NONE', *, *, #1351, .F. ) ;
#8782 = PRESENTATION_LAYER_ASSIGNMENT (  '', '', ( #1041 ) ) ;
#8783 = ORIENTED_EDGE ( 'NONE', *, *, #4998, .F. ) ;
#8784 = CARTESIAN_POINT ( 'NONE',  ( 50.49999999999999289, -73.00000000000002842, 0.000000000000000000 ) ) ;
#8785 = FACE_BOUND ( 'NONE', #3407, .T. ) ;
#8786 = CARTESIAN_POINT ( 'NONE',  ( -36.15000000000000568, -45.93570919830277433, 10.65462686115261448 ) ) ;
#8787 = EDGE_LOOP ( 'NONE', ( #837, #1887, #618, #5394, #7222, #6406 ) ) ;
#8788 = CARTESIAN_POINT ( 'NONE',  ( -31.70000000000000284, -47.75000000000001421, 12.91243641713850465 ) ) ;
#8789 = EDGE_CURVE ( 'NONE', #6058, #568, #7197, .T. ) ;
#8790 = CARTESIAN_POINT ( 'NONE',  ( 50.49999999999999289, 58.99999999999995737, 0.000000000000000000 ) ) ;
#8791 = LINE ( 'NONE', #2638, #853 ) ;
#8792 = EDGE_CURVE ( 'NONE', #2748, #6893, #2832, .T. ) ;
#8793 = VERTEX_POINT ( 'NONE', #7073 ) ;
#8794 = VECTOR ( 'NONE', #2409, 1000.000000000000000 ) ;
#8795 = VERTEX_POINT ( 'NONE', #5596 ) ;
#8796 = ORIENTED_EDGE ( 'NONE', *, *, #2713, .F. ) ;
#8797 = DIRECTION ( 'NONE',  ( 0.000000000000000000, -0.05233595624294608284, -0.9986295347545738332 ) ) ;
#8798 = ORIENTED_EDGE ( 'NONE', *, *, #8344, .T. ) ;
#8799 = CARTESIAN_POINT ( 'NONE',  ( 46.99999999999998579, -62.78566561720068506, 25.99999999999998224 ) ) ;
#8800 = DIRECTION ( 'NONE',  ( -1.000000000000000000, 0.000000000000000000, -0.000000000000000000 ) ) ;
#8801 = EDGE_CURVE ( 'NONE', #3979, #2386, #8437, .T. ) ;
#8802 = DIRECTION ( 'NONE',  ( -0.000000000000000000, -0.1470117858375538933, 0.9891347404802104393 ) ) ;
#8803 = CARTESIAN_POINT ( 'NONE',  ( -50.50000000000002842, 67.25352227355837442, 4.500000000000000000 ) ) ;
#8804 = CARTESIAN_POINT ( 'NONE',  ( 16.19999999999999574, -2.081668171172168513E-14, 6.938893903907228378E-15 ) ) ;
#8805 = MECHANICAL_DESIGN_GEOMETRIC_PRESENTATION_REPRESENTATION (  '', ( #2641 ), #4795 ) ;
#8806 = CARTESIAN_POINT ( 'NONE',  ( 46.49999999999998579, 65.99999999999998579, 0.8508893593264666988 ) ) ;
#8807 = EDGE_CURVE ( 'NONE', #3259, #3981, #2930, .T. ) ;
#8808 = DIRECTION ( 'NONE',  ( 1.000000000000000000, 1.236634557131982393E-16, 4.122115190439909880E-17 ) ) ;
#8809 = CARTESIAN_POINT ( 'NONE',  ( -17.99999999999999645, -57.50000000000004263, 1.000000000000000000 ) ) ;
#8810 = SURFACE_SIDE_STYLE ('',( #6170 ) ) ;
#8811 = AXIS2_PLACEMENT_3D ( 'NONE', #6168, #5501, #3525 ) ;
#8812 = ORIENTED_EDGE ( 'NONE', *, *, #8816, .T. ) ;
#8813 = FILL_AREA_STYLE_COLOUR ( '', #3486 ) ;
#8814 = EDGE_LOOP ( 'NONE', ( #5247, #3779, #4486, #882 ) ) ;
#8815 = CARTESIAN_POINT ( 'NONE',  ( -24.44999999999998508, -57.75000000000002132, 13.19999999999999929 ) ) ;
#8816 = EDGE_CURVE ( 'NONE', #4343, #1230, #2981, .T. ) ;
#8817 = CIRCLE ( 'NONE', #4521, 0.9999999999999971134 ) ;
#8818 = AXIS2_PLACEMENT_3D ( 'NONE', #1113, #3616, #5923 ) ;
#8819 = CIRCLE ( 'NONE', #514, 1.649999999999982148 ) ;
#8820 = ORIENTED_EDGE ( 'NONE', *, *, #5067, .T. ) ;
#8821 = DIRECTION ( 'NONE',  ( 0.000000000000000000, -0.9891347404802105503, -0.1470117858375536157 ) ) ;
#8822 = LINE ( 'NONE', #443, #7958 ) ;
#8823 = ORIENTED_EDGE ( 'NONE', *, *, #5478, .T. ) ;
#8824 = STYLED_ITEM ( 'NONE', ( #1391 ), #7252 ) ;
#8825 = FACE_OUTER_BOUND ( 'NONE', #8094, .T. ) ;
#8826 = CARTESIAN_POINT ( 'NONE',  ( 46.89999999999999858, 55.99999999999995737, 25.50000000000000000 ) ) ;
#8827 = DIRECTION ( 'NONE',  ( 0.000000000000000000, 0.9899786446783979121, -0.1412171486779219554 ) ) ;
#8828 = ORIENTED_EDGE ( 'NONE', *, *, #2162, .T. ) ;
#8829 = PRESENTATION_LAYER_ASSIGNMENT (  '', '', ( #8257 ) ) ;
#8830 = VECTOR ( 'NONE', #4673, 1000.000000000000000 ) ;
#8831 = VERTEX_POINT ( 'NONE', #197 ) ;
#8832 = ADVANCED_FACE ( 'NONE', ( #915 ), #5771, .F. ) ;
#8833 = ORIENTED_EDGE ( 'NONE', *, *, #5141, .T. ) ;
#8834 = EDGE_CURVE ( 'NONE', #440, #5194, #6401, .T. ) ;
#8835 = AXIS2_PLACEMENT_3D ( 'NONE', #5475, #4796, #4125 ) ;
#8836 = CARTESIAN_POINT ( 'NONE',  ( -29.50000000000000000, -43.10021355321603664, -12.41217148677922744 ) ) ;
#8837 = VERTEX_POINT ( 'NONE', #5056 ) ;
#8838 = CARTESIAN_POINT ( 'NONE',  ( 31.13375866546478932, 57.07249472080884800, 31.89999999999998437 ) ) ;
#8839 = VECTOR ( 'NONE', #6853, 1000.000000000000000 ) ;
#8840 =( NAMED_UNIT ( * ) SI_UNIT ( $, .STERADIAN. ) SOLID_ANGLE_UNIT ( ) );
#8841 = AXIS2_PLACEMENT_3D ( 'NONE', #4550, #8721, #8051 ) ;
#8842 = CARTESIAN_POINT ( 'NONE',  ( 35.04999999999998295, -72.28898669549229794, 11.65620978917501382 ) ) ;
#8843 =( LENGTH_UNIT ( ) NAMED_UNIT ( * ) SI_UNIT ( .MILLI., .METRE. ) );
#8844 = PRESENTATION_LAYER_ASSIGNMENT (  '', '', ( #3561 ) ) ;
#8845 = EDGE_CURVE ( 'NONE', #7611, #2427, #1639, .T. ) ;
#8846 = CARTESIAN_POINT ( 'NONE',  ( 50.50000000000000000, -64.99999999999995737, -1.000000000000000000 ) ) ;
#8847 = CARTESIAN_POINT ( 'NONE',  ( -32.49999999999997868, 53.99999999999996447, 1.084202172485504434E-15 ) ) ;
#8848 = DIRECTION ( 'NONE',  ( 1.000000000000000000, 0.000000000000000000, 0.000000000000000000 ) ) ;
#8849 = AXIS2_PLACEMENT_3D ( 'NONE', #3910, #4619, #3951 ) ;
#8850 = PRESENTATION_LAYER_ASSIGNMENT (  '', '', ( #3717 ) ) ;
#8851 = CARTESIAN_POINT ( 'NONE',  ( 39.19999999999998153, -51.11515718961152288, 31.79999999999997939 ) ) ;
#8852 = CARTESIAN_POINT ( 'NONE',  ( 40.20000000000000284, 57.00000000000002842, 0.000000000000000000 ) ) ;
#8853 = ADVANCED_FACE ( 'NONE', ( #7650 ), #7114, .T. ) ;
#8854 = UNCERTAINTY_MEASURE_WITH_UNIT (LENGTH_MEASURE( 1.000000000000000082E-05 ), #3115, 'distance_accuracy_value', 'NONE');
#8855 = COLOUR_RGB ( '',1.000000000000000000, 1.000000000000000000, 1.000000000000000000 ) ;
#8856 = ORIENTED_EDGE ( 'NONE', *, *, #1815, .F. ) ;
#8857 = CARTESIAN_POINT ( 'NONE',  ( -38.50000000000000711, -30.97551545505827875, -9.243909163890633700E-15 ) ) ;
#8858 = ORIENTED_EDGE ( 'NONE', *, *, #4677, .T. ) ;
#8859 = CARTESIAN_POINT ( 'NONE',  ( 25.44999999999998508, -60.25000000000001421, -6.331132676734938514 ) ) ;
#8860 = DIRECTION ( 'NONE',  ( 0.4499770425732564916, 0.4499770425732568246, 0.7713892158398710786 ) ) ;
#8861 = DIRECTION ( 'NONE',  ( -1.000000000000000000, -0.000000000000000000, -0.000000000000000000 ) ) ;
#8862 = ORIENTED_EDGE ( 'NONE', *, *, #7148, .F. ) ;
#8863 = STYLED_ITEM ( 'NONE', ( #5813 ), #4591 ) ;
#8864 = CARTESIAN_POINT ( 'NONE',  ( 50.49999999999999289, 58.99999999999995737, 1.500000000000000000 ) ) ;
#8865 = ADVANCED_FACE ( 'NONE', ( #3067 ), #8004, .T. ) ;
#8866 = ORIENTED_EDGE ( 'NONE', *, *, #4419, .T. ) ;
#8867 = CIRCLE ( 'NONE', #8298, 3.000000000000002665 ) ;
#8868 = ORIENTED_EDGE ( 'NONE', *, *, #3325, .T. ) ;
#8869 = DIRECTION ( 'NONE',  ( 0.000000000000000000, -0.000000000000000000, -1.000000000000000000 ) ) ;
#8870 = LINE ( 'NONE', #2598, #4424 ) ;
#8871 = CARTESIAN_POINT ( 'NONE',  ( 17.99999999999999645, -56.50000000000006395, 9.084491678042198259 ) ) ;
#8872 = ORIENTED_EDGE ( 'NONE', *, *, #5397, .T. ) ;
#8873 = NEXT_ASSEMBLY_USAGE_OCCURRENCE ( 'NAUO1', ' ', ' ', #8282, #439, $ ) ;
#8874 = NEXT_ASSEMBLY_USAGE_OCCURRENCE ( 'NAUO2', ' ', ' ', #8282, #3903, $ ) ;
ENDSEC;
END-ISO-10303-21;
